imdb_id,poster,fondo
tt0006864,/vPDRFUDY2wP7rLJUXSj1XkbszFf.jpg,/5s5Vau1tCvoQaaTTTGk4Qux8CcH.jpg
tt0012349,/we8AMv9ufyoXgmOlfX0SmubKOrd.jpg,/mAhCW7QbpL5kwvCWGsfyY3ILoW6.jpg
tt0013442,/z45rXmIF0zl4uxRc5XcSfz6hYO6.jpg,/cA9iGtvjRGJHzDBfrq48l0eyCvA.jpg
tt0015064,/r23jNChGtptT7elVDbBaBH6TwsK.jpg,/sTyt7e2PB5nfY02reL1iZUYPbly.jpg
tt0015324,/1G9r3rqtbFAQuyWKOZm4Y5J5s7Q.jpg,/tSipsYTp565LkopntX1lZNLPYHP.jpg
tt0015648,/olQ0vHFCK5TzRyNkkT2aJgG2gLz.jpg,/3RH61Z7BP3f215936PJBEG2qQrT.jpg
tt0015864,/jU1KhFlRm7UTURXjW4vQNzQ4GQj.jpg,/hZHeDPQGNKN9NN9GuW7qVbM2tDx.jpg
tt0015881,/eur2vc2BGiOocBuBLVPXySO7lRh.jpg,/zc5vjonSbXUUazuQSi0R2bUfWNP.jpg
tt0017136,/fCWd45ybxghuvaeSMcBsLFKY6PG.jpg,/eeMoFKxjjiCi6iep2GEZtSAMYIr.jpg
tt0017925,/9jcJ6loloQiifZssTtUDkK7j7dG.jpg,/mzox4HbcV9W42MH2dB1QsdDVGo3.jpg
tt0018192,/xBH75ETXlS61z6PgwtlMt2p8sYC.jpg,/aZ6YMH5OjY1IYSlREtVmmcHqgQf.jpg
tt0018455,/djFel2Tq4LhlDARtNTU6nRHA2mE.jpg,/hKrrCigPFmhv1bg5IJl9nzjEaN4.jpg
tt0018737,/pPUr6mtHlOVlgQjg2xeJgZZEgn2.jpg,/y3WwIEEDcbT88MxjCjM8mlBEF04.jpg
tt0018806,/dIWFeE6cvVHXxHTGip6lrRDFo5M.jpg,/gU6ZJQbMLOKPURvkmh3vNOuW5Ew.jpg
tt0019254,/yhuXslS2FumUzpsd7qNxQEMDsnC.jpg,/5YyWhr5cgVeYYHbsWjyQ0OGKkmu.jpg
tt0019760,/t54yc1AU8KszWGPnEv3rHDTIYcH.jpg,/byRNEm1QwfQC1Mn0K4gLM2fIfWO.jpg
tt0021571,/aJAcgn5h7AGHcSX7iByc84gF5kp.jpg,/5EHNInARZmBhOnwl3kiDfhCYTvC.jpg
tt0021749,/15bnFY02iqWB6jN0sjxsxMNrmWS.jpg,/Ma7mQsldFCaQpsZbm8zolgLfmV.jpg
tt0022080,/cnpkG0xCnjA2NcNSKhW1A66pyte.jpg,/vyJSwV80dzj2WI1i6zZ68MDIo57.jpg
tt0022100,/drwll2kXZpmRYBEtWMWZbHcFkJF.jpg,/5Pk1rGAtyblh9Xaq72T7ARCQSDQ.jpg
tt0022913,/2FfobmyEH4rLACOeAqA8L7VJGEC.jpg,/r18vpGFsNf6n984x4KdJmAAWKkP.jpg
tt0023622,/FBxuoLRD3Biyul14unT5m3PYNS.jpg,/8xFIubJoxyidKaGjO1dc0btC9e7.jpg
tt0023649,/rzLsS8d1PJQhb0Ni9RjTaqyQ0ca.jpg,/rg3hBiQbDet8uNQkgfbpk7306p8.jpg
tt0023969,/7LPGjvmMZkzaSey0KfOZ40ESzd2.jpg,/nVpp3ZcIFtJJ3fJp65eJczehIN8.jpg
tt0024844,/vpaY2ajGa7C7CC8gnsdZltJlVS.jpg,/dFbCil5MUoRX2s4u2XcK7knJpT.jpg
tt0026778,/sHI2jFUFMrUOK0M277notbRSWty.jpg,/d7YwLX0PnX8vsaaQq9bz93jczGw.jpg
tt0027977,/f3uOJseH4oPEo0Sq7WyQ6IwMG4l.jpg,/kSlO1pHpwQfPQdgVPr7dJiJNtJ8.jpg
tt0028436,/vz7YyAD4Sn53CqP6CyOXskbHdjY.jpg,/aX3GHHv1y1DkwBOzuea7pRCyE49.jpg
tt0028950,/oU882MmvJ6ZI03UA8Oz3SFKwDlX.jpg,/9eHg5qX7LkjW2Zrejvap2RmFGlD.jpg
tt0029947,/g3RIOKbxuiJ16hfz73KwmEfaSag.jpg,/fzJgCQh2NBnUYlms8EGyr4bPNz3.jpg
tt0031762,/gDHbi3xXfIFr5s2L13XE99xxzV.jpg,/wq7KVxUAYH06cHuReBcV0Sx2kFv.jpg
tt0031885,/jQSb3RG1I68GuNNYxVE09FK21kF.jpg,/8lRULNwlOIQ5Jg8puE2g7gjk32j.jpg
tt0032138,/ymUY2iIm8IuSYuIX1SsABgPyB48.jpg,/g1OvTd1eF346vmx8qsJnjaiooZ6.jpg
tt0032551,/xwWtL3H1dOiDxToKTOIYHK3QUgu.jpg,/r7AcmVk6kGhdFdesViGaI3dEHWd.jpg
tt0032553,/aM2fdyNhsa3UYYCtkm9pGXQ0Q1R.jpg,/c8Pi8F1FzpNebtgXcSjC9nWCdSW.jpg
tt0032599,/d13ByB7PTdWAkWscSO6HA6N6vkE.jpg,/ihoQaiMFAz4YCTAaSIsQjRknsNH.jpg
tt0032976,/mJV2zrflpTaAcFgfgQc2VJboZ0Y.jpg,/46p36NyMO6f25YtSqSYiwz4mKbW.jpg
tt0033467,/w7V0bv38Z0q0DgHmMfcGM4WRNTv.jpg,/ruF3Lmd4A8MHbnEBE6lxPMbsHGL.jpg
tt0033729,/5xCFo2NunmfRUtQyiZIqCT7krTJ.jpg,/ucQESsrG63LsA5HD70aaPxEyORk.jpg
tt0034240,/5S8po5Rd9ELgwrt8P4DKr5vGBje.jpg,/7E4b9mXU9psvGbqCbI0aGEGI1oO.jpg
tt0034583,/a7EjycGNSYw6QqJqDooD9eQGZ4r.jpg,/87wqeMeUeMRLjsE1IWNKJcPlpuC.jpg
tt0035015,/vTDBlSw5lPLJi6JI7JjARNmCnZ0.jpg,/pkD7zVlHpBoORTtupteZxiOxaG4.jpg
tt0035446,/p0bk9raiEpR2Qm0nE9kk3F3YO7v.jpg,/28vvMlh490bxipmhkbYTQissiof.jpg
tt0036112,/wpgTu7hZhQyyQypCf3MgayWk5y.jpg,/ojYxYkbO939H9OSayf5IKvbFA6i.jpg
tt0036154,/yHjEjRU81RcxKFNU5hhiPYMzlsu.jpg,/otRHDr3aMJboh9N4AMbuKKnlHYL.jpg
tt0036695,/ai6xtHWe2S1RD9tRV9On4Q7Mpe5.jpg,/liHbkasVk59zxQUrjuwzVSIxxMK.jpg
tt0036775,/wiFsjxbmlyP7O8PMASPh18ftRez.jpg,/byQdu1nzQLI9t1VeoP1xuQfru3L.jpg
tt0037558,/5ZJ7OrWNUdcgF4NnVX0xlkh1sTJ.jpg,/vKvoOlhhaZCsiGQDvaZQqyGq1oA.jpg
tt0037674,/5JdJCE93pWWx34UtHg62fj2qJ9g.jpg,/ubERa5VEJlBRglxDSBSL0YBG7XB.jpg
tt0037800,/woAOLgYVUmLBtWNxTJgAnqGwyuL.jpg,/nDfHT9HvEyRFrjctodwqxZ7Yuem.jpg
tt0038057,/6tAsfGH6IaUokIqXyY52edw32am.jpg,/g0phljbAcccz7bkSZpFEPVLuIRP.jpg
tt0038650,/63W4MsB8e5whhPNyxhRVTzSsCje.jpg,/3q35nBLCIdEbxYfsr7D5ocYQXKz.jpg
tt0038733,/c2Hs2NRkPJtnt7eA2VY6TOSGUyW.jpg,/bY7DvsYsAODykqUJfkPZA3BHKOd.jpg
tt0038762,/br9dcOFBM9hSZYZ4NPgooPMYfQy.jpg,/q4OPVRS5a55BOcUtGcQh81Idsgt.jpg
tt0038787,/gHI8XPXkMspTIly1TcHAEHQo63A.jpg,/6jRd6vT3NhwIeyqaiWCYzi64lSP.jpg
tt0038823,/4e931gfu6mqjA7iv0arOOxXToH9.jpg,/zNjp6eolIcpGx11tDbE5eekeHEG.jpg
tt0038890,/mgBiTwHjd9ILQXUCSS4v3eAaCIu.jpg,/cztYhbawTjK9m8lFBd97Yl5Zd8r.jpg
tt0039192,/aUmLauQIQa2vkjjnlx7aeMozMZG.jpg,/hAyWibhJjMHyWXrMVX8N2MrEqF8.jpg
tt0039689,/lVrSynBqsFZVKbRKaaP0YQW2ccg.jpg,/9qGWOflC5WNhaKk2UPYu55SjjNj.jpg
tt0040522,/hjo6BPzCuhUkpSzxElOQ68mydrx.jpg,/nd6ItWuWGmTKhHXuxVC8kp86CmQ.jpg
tt0040536,/pW0Qv5ku8UoCCoNqESirzUuziA0.jpg,/7amSQSipxgiQnEejWX6iQonFrZI.jpg
tt0040725,/5RZH2gXSFTWHvVTe2k5zQF6yKqi.jpg,/Aa1jUhkenqspgGQlqbsXFax6iW.jpg
tt0041154,/ioAmh4wbyIhc8GeuHJG8jebf3RS.jpg,/sKEncrsqPxibvlWbsXYsPhXGBjw.jpg
tt0041959,/trsJPVYVnZMPhBrFhAx0jPEVrqa.jpg,/rLLhOCgAjuvlKmjUqVb7P1UAbUI.jpg
tt0042192,/or4l6YmNSQlkN5QRaAFsqxd0wWX.jpg,/zAL3LOswagN9onjN8DPcNFTqKuD.jpg
tt0042593,/taBbWy7bdDZR2iFzUOok7fkceXg.jpg,/5fuZzGsUZtF9esFFBHPwysB6b6a.jpg
tt0042804,/4LJqMc5nM48O18iNSrbSbMCKQu7.jpg,/5jewDz5RxdarX45djYc8kjGa5Ia.jpg
tt0042876,/hTzw4ectHlJw1gZciFNsemTPARM.jpg,/tDn1dA52bQH9B85vilHeU7C83W1.jpg
tt0043014,/sVILYytrnjsEXBcZyxHMJ5jP74t.jpg,/p47ihFj4A7EpBjmPHdTj4ipyq1S.jpg
tt0043278,/32WWix2u7MSTm0WjC608ArsPBP8.jpg,/hVvW015x8cD2X0KthGovw27EpF2.jpg
tt0043511,/apOafcj1w3g1BROkRKyLqRy73bv.jpg,/yo48a0FPvHwMDLKsnhQAIbkWVpH.jpg
tt0043972,/bP9UZqA7dKtcUJnIe11LQoTlewl.jpg,/bZXTWrpuMyAwFJ8tp49o5Dr9E9W.jpg
tt0044741,/waVPzQxWkvhqOsTsFnWGJ9ymvBE.jpg,/pQ06lTkmJd1mbotdl847HoV2iaA.jpg
tt0044837,/j9fgSe6FwmCmWfYKqpPFgYj2dZN.jpg,/q5vgDhmDS4EoYWrk9f9nqYZGDOw.jpg
tt0045152,/5r8jD5R6EzpQ5VLodbzTNhvKcGw.jpg,/6qOyw4yfzbzTp5YsCX26C28Do0S.jpg
tt0046022,/wHi2vCHy8QdJPA00oAtahVRzd0b.jpg,/msQMXYEBHQ7zPVu0TPEm7wUSGHQ.jpg
tt0046268,/lvKUfnwElQEKekHitpLi8CUD866.jpg,/hTP6H7sNlWXdGxAciXQSjNJ1ob7.jpg
tt0046438,/36G6HwEN3K9BrPEC8icOIOdCUb4.jpg,/jLq0ol1f0ZKXni9R9GsPBcyPrNN.jpg
tt0046478,/91moI7d2k2KSkixuecsfhf3gBh5.jpg,/iB1tCWl4MKl6OO1kMBD5LxM5BmJ.jpg
tt0046511,/iOmYcCMrQ3VYBqgvJqx1e3Qev56.jpg,/5SDqKj8AfUazPqXvOCDL1nmE8Zb.jpg
tt0046912,/mRJO5slKZ2kUsTtzAeT0AJHryaY.jpg,/mD6EAjfIr7CLdFlCIJjh7CJeWX3.jpg
tt0047136,/aImQC5wowLPOwutdsbN99ItaNCU.jpg,/yiglnLtYEH6UGY1qFy4zacixCXf.jpg
tt0047396,/fH1MipE8PXGg0rlI5cUdzxKnyA2.jpg,/zGs5tZOlvc9cprdcU6kDOVNpujf.jpg
tt0047445,/z7IZYt4nsNig12RGtMhW4uPyRr7.jpg,/7m8b1YwEeK8NeMkiSbPY8CMJx6a.jpg
tt0047478,/zr4DkzWIMjaWtj6hlsbN6dnNeTX.jpg,/qvZ91FwMq6O47VViAr8vZNQz3WI.jpg
tt0047528,/kEbpEJeU1voZ21xzIcm2CUx9hFt.jpg,/p6qM3hlviWYIgpPq4zNwrttn6Io.jpg
tt0047811,/5mycJKgG5fjkyYqtJXjkpnqZG2M.jpg,/iQQ4jjYV8fgdEHDgkgSrc4mWgUx.jpg
tt0048424,/fpRmDxRLAKCSW3HiJSz3RnBb5GI.jpg,/7cVEnb4Pth3STa7YfVOk9RtzDLB.jpg
tt0048452,/kd9z7SCv5Ps7E4Ry0udMNlQrRNV.jpg,/62pTb3zkfE2860lIqQFlxQ5tUEL.jpg
tt0048473,/ashqMIq9OI9ibRsaRNckSOwGG59.jpg,/wadoNHCMPElgYuOqLxqDQqXpTMx.jpg
tt0049730,/dmnGvL8GRP0hEG7Uph0FxXS9aiK.jpg,/fik1HN9kxpD4CtEOXA4WUruwsg1.jpg
tt0049902,/dly2pAkej6rFRwBElN3XutPgLR4.jpg,/lNe2z2qQf0G5gzM51ZyJD0zCDVk.jpg
tt0050083,/t88XfoxO5cX3f0qaSxWsBS0Lc3.jpg,/qqHQsStV6exghCM7zbObuYBiYxw.jpg
tt0050825,/vz8J8nTbF5JP7PQK4VNVsO8rzCy.jpg,/nbMY2UcNnaAr3jrrowzN0NaxQyr.jpg
tt0050870,/hS3NbehcPfJ5XElqjZXVD9wsDk1.jpg,/hvtRa9AZ2mKnR32fRow356vsdSf.jpg
tt0050976,/qo3JypyrkPvH8Na3Ir0IpjCwOCS.jpg,/6s2BqtDvp1BMiP70zCDU5OW6hMy.jpg
tt0050986,/k4f0IpHOJqAK9Cvy3FLH9w90qWX.jpg,/BBVAUchYvkmPThVIqipgAfabfl.jpg
tt0051201,/zvhSdC8NmanfKdmE2em57Eei5TG.jpg,/evUB9YKE5IPPtQOchcEF6hS90BO.jpg
tt0052216,/dicsLg5NGUvznacv8J7VtDK0jC6.jpg,/ryoWP1kvNcwPif6uNbuZwQfrJPy.jpg
tt0052311,/vTJXbaDIsJVO2L2IyHLqalRogwu.jpg,/4VoHeMD5EugrxmEfeUgxXpXyzuR.jpg
tt0052357,/t4kvoLhrVHW5w5Ku7AQBniVExjN.jpg,/rtVwkTqllcmyY4TVOycgVBHppWf.jpg
tt0052520,/hCkoDjeFF3G619EQ58vCkYoIPsB.jpg,/zAgcM7zwWAVOIT9dMMzQx7e4vdX.jpg
tt0052893,/q2fmvMrBqNnniukiVRthGPrshUU.jpg,/4fynFAYPPYCkyIdt0bsCwWn3Hxv.jpg
tt0052918,/zPw8z8V33ycUtxrLhuU6HBZcJDP.jpg,/v6saYVrDHHs5ansCFz5lIyFUV5X.jpg
tt0053125,/rzOQHh5Utbr3x0UvKIbIU5pVA0f.jpg,/OR8oloCZ3klJtB7Y0i8pSqWw5a.jpg
tt0053168,/8fQelCr8NrGj0lQjTecm48tHaMc.jpg,/5ApVROxPul7vu9NiB2DJWqlA3kE.jpg
tt0053198,/1uqxcqhTNXZLyZoNKeqVkMVzuU4.jpg,/cy7ymUaMEWRoig7LWXpfzaaw2vv.jpg
tt0053221,/8lFSClr6GKKo7GAzLuyZL9bCXfD.jpg,/38uM6QuI06znUCELfOSiVQy05CX.jpg
tt0053291,/y2DPBWFMiwVJeBq0vBX9Um8AqOE.jpg,/sv2VnbZmgy2rkrtkA2nz7rzH0VK.jpg
tt0053472,/s5Ok06Q4M2cWAZGqtR5Au8o64YJ.jpg,/4WGuyWf1f94CsEeVIIqDKGw5rmO.jpg
tt0053604,/2kJMgHi8vNY8a0UJiBU3HEyiqOa.jpg,/2L8U8rUyWeFTb6n1egTNeJsEsvj.jpg
tt0053619,/oRmjYWt71G3APM56rfrfEoYO6Aj.jpg,/kF5AeKG5XIZkAXY0kRgm57qEbJI.jpg
tt0053779,/zjtrLL2cFlBWnAL1z4qrokRU0ZT.jpg,/eN2NdMeJLNzLYzWIEEoaGzZAsiD.jpg
tt0054073,/8oAUqItOxkI1LmCWsnUfiAXxSZI.jpg,/oAox7z3d94YqwRHTrQOyEZooK94.jpg
tt0054215,/xFbnc2QPG5H5gYWsGbZT4q8Akya.jpg,/mufF1aYvwdpKerhq5R1YrVcbJLY.jpg
tt0054407,/Al1F9o6fDkOBRngeG2FTJ0f9xTv.jpg,/f72GEQF2lKsdmEULSI9bWCbQylH.jpg
tt0054632,/wW5xOJxal1XrFgDrswWCPeA9xF1.jpg,/h1ov8VcVCiZsnWRu4EjZ74R33GP.jpg
tt0054997,/6jicxcrfFZpXIBgQidj3uouwsiP.jpg,/1aspiiXDHVizaCYTNaWwRQSmXCh.jpg
tt0055031,/mIlp23l4dAURod8LBG0rnhcazNS.jpg,/aSlDcWtKNfRkW0SbsnEjnGBs9jV.jpg
tt0055254,/2Bt5iwJ0bMPWgIMBVTJPtI7onbe.jpg,/cZgUATpU4NDlsfGj7sRriKJEiLB.jpg
tt0055256,/toTjc11iO3tgdKLAIeLGse1LTk9.jpg,/4safDVSZx7a4I1TQoSyz6E1agzM.jpg
tt0055539,/uSwypfSD1ZH3r98lqbSQd9yUznX.jpg,/1sucQpbuLAwJDe5DzRxhKSSRKXc.jpg
tt0055852,/k5dXkYYgjRcWFfgm8dSdYr9abAc.jpg,/oyatchDPpS4I9jpIIezFJGrmXcR.jpg
tt0056058,/6Cw2LJzt6jRALHystjzWazeB4Pg.jpg,/23XAzEpKuKUFLW2aWANbuNmqSvL.jpg
tt0056119,/h8DykeLWkZtG1wKcIqBj82ffwoU.jpg,/3Z2OhNVU0FhxGZJIq6Gn32UNoKu.jpg
tt0056172,/UmgjvObk7ugIDLLcwJsqNF1TIC.jpg,/eULrEMwgXnWmzdowUfegaw2YYgD.jpg
tt0056217,/cVoQULxaEW2jO55c02RCUXEic8l.jpg,/f6gTJLQ950dPHfFRnxQdaA6OlXJ.jpg
tt0056444,/c41bRzbloKjPdQfwEyMB8et0M98.jpg,/hl3ZJljnYIfjhDRgahVXsUKyVnH.jpg
tt0056592,/elLuuNim93XReUc6vvpC9B6IBGJ.jpg,/wYRpVySPCC7wA28p54yAaoMT478.jpg
tt0056687,/hNvM9dKmWlbLTXR92D3ASpQsm8K.jpg,/gkXL5ka6ciU4A4KYSvLIAXtvh7k.jpg
tt0056732,/9uvzmyPGoNRvRQIaNBFAegavkHr.jpg,/wJ4HyVZsbZRWH7BS3bLZsvO31rZ.jpg
tt0056736,/7WLmSe1IlM1Zuk00JODAjjJh92m.jpg,/n6hmnEqU9W4jcVxCU00S4XJ5ecw.jpg
tt0056801,/nCbEu0JLfCIXLnFAxuTs5i5AYN9.jpg,/y2FNZLHynsevBnVTocGW6c3pQpr.jpg
tt0056869,/aqMiK53QEC5UyGePN5KmgL7DLNg.jpg,/98qofsLB8HwPsmlq0HczQTt8BcS.jpg
tt0057091,/wMahDs1uQ8nC5EeqJ9hXDAaXsDb.jpg,/myikoqu8Z2gtE7TaBgk9r6fB9MF.jpg
tt0057115,/zyXTt4nDNBbS0oULtDuiFpzhA4x.jpg,/lb87H6BFXXKMJlUnDHvPOMGfh8z.jpg
tt0057345,/1sEmVmmQhPfFFdoZWZaMDehCZZ5.jpg,/afxEiYxANGG88xXVYpNtAHFzTIV.jpg
tt0057643,/izUE1KNCIq3bNIyMtxDKLh7WOna.jpg,/2Pr7CpHan1PUvXafEjczAimZqP2.jpg
tt0057935,/jPp3oUuaqSZjbCdeyhh8vKs3Z5I.jpg,/hXYf2k0igWcfReM98949EVTfSgP.jpg
tt0058003,/mQK9IgNEkG6yMCCqCS1shrbCiGu.jpg,/xe43LKesFXjQgP4W1s2juf7Tb4t.jpg
tt0058138,/cmrIKdZWygU7VoSepx3mKBk1M3V.jpg,/9g3D4uqDYeukbSGckW8khR4G93C.jpg
tt0058450,/q29ZeN0RGtY5PWQPK37exqdGUvI.jpg,/m1Gei9O5GfLoJHQjBaxWBSkXX2y.jpg
tt0058715,/dRGbPx5f8CdpMUD54YyfKzLeJLB.jpg,/iz7xP1INmMTAfRKaToWVmXrrE1P.jpg
tt0058946,/tw3GaZhFDxtVJdibJwbnE3FSthl.jpg,/ze7GsNSv418o7pzqc9fb00LWWDk.jpg
tt0059592,/suOAqdXi7mEiTLEHmAZlwfqYTzM.jpg,/4zJ9w3lZcZI3mBXcNiq6s8bqpDO.jpg
tt0060107,/3aodTV8q8iIRtaw9dxeU8DuKlta.jpg,/jqha8JCXm0aJ5SJ03Jd0JmGgWRs.jpg
tt0060138,/nYKaxsYt4TPfttu1cXB6D1soPS5.jpg,/7LPz7NEYtLXcV44j0kRLLkZ54yH.jpg
tt0060196,/71HKV5F9bfm05ZZnjGmRuFpUVCo.jpg,/x4biAVdPVCghBlsVIzB6NmbghIz.jpg
tt0060758,/uy18Cx7ZP5u17m8wJTLQQa47IaL.jpg,/3NcTGBFQnGpUUvfloymFiTaejZA.jpg
tt0060827,/pnJMAumh0gaZC02r9t5YmN9HR74.jpg,/amr72SENYz7AM4Hq5WBXxFBJEY6.jpg
tt0060959,/n9iwlcq3C2fYRZwXWTQA80kwRen.jpg,/A1Ajyl9qdUvK94ABteqEelk6M1Q.jpg
tt0061722,/z8QQ9T38rNEoCHlqHMgcJfwbZRd.jpg,/lIY8ZTp6OJTAMfiorDGsPsJ5LT.jpg
tt0061852,/1w8wk8htVPW5cdCYnRU4bt5y5Fw.jpg,/3sbmRuIpYEH5dMvec4z4JxKQHoj.jpg
tt0061996,/8HAn6m2cKZRkCh4VU0AoJ2X6WSZ.jpg,/uwF6l5rNtxwkgA2TuXoSJXJrchD.jpg
tt0062136,/cVTaZoFmws0jRSXykK4ayrYTkij.jpg,/pKX8G6IN8ZCRvKeHh6ctqoHZl0K.jpg
tt0062285,/ffvsrK5iYCAqgcA3X9OzspduR13.jpg,/bvDRdtBp839qFnNhMb2gMoSjRuy.jpg
tt0062622,/pGabanxaE2YvN4jhZuSN3oXO0mi.jpg,/w5IDXtifKntw0ajv2co7jFlTQDM.jpg
tt0062873,/3hwBLy24duQxwW9DeWy51bDtDgR.jpg,/8m7qOKlsdnxt4335vpFzpffuIVu.jpg
tt0063084,/obQJYGM3FTet2CKh1kM4mPs5XAi.jpg,/dsfRpw40D5XBDaVEZlojGkxyd6S.jpg
tt0063291,/xViL8NUM9E9PXA71cr5BXBlXOfs.jpg,/mE58wQKaXb09zjrGrCVjWrkp7Xn.jpg
tt0063555,/aMIEEeLrCevG094Z2u82S0lxJPq.jpg,/7ryDL1g6FNHMFdXmmmFGZZpEh0a.jpg
tt0063929,/uff1OUInp82RiGuEUA06JBGSdQi.jpg,/9GybuKLYceOhgV09BQ60MKTT5nN.jpg
tt0064040,/4BK3fC1MbazERtphugXNqqxmtJD.jpg,/90tyLBdh9PeYxHCUEHMtFWP3FNI.jpg
tt0064116,/upiek8u4rHTrOJW9B0woXe4A4h7.jpg,/u5IhDThM1SClL4pkCUp8hOmsDQJ.jpg
tt0064451,/lAYeZ2IJXwWbH02Z6Lx1bhpgqOv.jpg,/8Owq1pLkjT7YiKahStSh8VIKU6C.jpg
tt0065214,/8RLSKxIbW10kFKJirxVYDwwmDAl.jpg,/nkgWcfOeQnVnxak5xCKvkRDLt5H.jpg
tt0065421,/s9DsxlbVE1HvHnCz50GdHDBeZRy.jpg,/rnMwOM8gMqo6Gf6XXMpaJEayUwk.jpg
tt0065531,/ezov5DqBaCnXR7nPwpqqQ01Iavy.jpg,/93iDrZmjDF01Tn3PxOYL8Zz9hBM.jpg
tt0065571,/1fOtsLKzGAWJA41NmhRB9yNk0z1.jpg,/xKhnjQA5wrAUaopEKegdKD3Yi26.jpg
tt0065867,/oJbiW8eJ2fVY95Oep0IklQVShjh.jpg,/gxYnKLgPev1iz2PmqVDVpFrziEH.jpg
tt0066921,/p40pYh2EBPoyVyqw6qy2PAZkFVA.jpg,/nLFxvLokHe3bQmrmAfljIfax2jQ.jpg
tt0067961,/izuJ7cUhcihFnTpfsdSnkMCHsRQ.jpg,/bL1etbhvRGhHhpjbwzHZbXNwM5R.jpg
tt0068098,/6rhuM3oMoEWKxAdrm7IyM8oq8cC.jpg,/8nkOWsMtWZvp7IGuYdVbJeoWzQx.jpg
tt0068182,/nNGXrwLQDHxaZM6heLIHZOM3Gfl.jpg,/kfSZaOr9ApNR52gWKlpXHD0id0W.jpg
tt0068646,/5HlLUsmsv60cZVTzVns9ICZD6zU.jpg,/tSPT36ZKlP2WVHJLM4cQPLSzv3b.jpg
tt0069089,/10N8SvTQwUqyWgocPam1P18Jgr.jpg,/uh1zf6Q0UcHaqWQXZXu1qOOSCRg.jpg
tt0069214,/kdJeSJ7lzcxuB7la7gkwpwmIVEQ.jpg,/2mI4KyQsqwsWqXKupLhRXQ6sTDL.jpg
tt0069995,/iQF9xwvo5uNK7QTtge8TBlHySqk.jpg,/8qi3gplNf48uLZnne09iiL4OvFG.jpg
tt0070040,/ueefcFKn9qoAQqjSWY6H9xjjLU2.jpg,/4vbL72K9uVaMLhnvmdg1So7kqex.jpg
tt0070047,/hwJvgHQ4tf9eRQec1ouAgg33dPV.jpg,/xcjJ5khg2yzOa282mza39Lbrm7j.jpg
tt0070359,/wDbguEVHet9w8yRGcl0vVk01UrB.jpg,/d7f7Dq0I5SuevNHVqLwInQq3EBr.jpg
tt0070379,/gSnb0P5xAXXeSqdXe2nPmkJOy5C.jpg,/qdecDSIVoqctIoYoOhLH3TgSYLD.jpg
tt0070707,/zMRkYV675OhlLesmP8DyvqE8Zed.jpg,/uVTEJPLof6fizkWvmhxEprut9oQ.jpg
tt0070735,/cnCv2NhtymMwq5oWSzoz6tXcjQf.jpg,/1r9lH3DaSWKGyvZaoo6BF5STOk5.jpg
tt0070820,/943piJ01kjRKeUcbPjKmZryrqnt.jpg,/7DlEixaKiNJyK0tHri0AEUAQrk8.jpg
tt0071129,/i2BL91OVOONviajAE0VlbMAyOm9.jpg,/iFQzlUmO5QmMPcSHHDdfd522x33.jpg
tt0071203,/4U9Bbc7UqvKahDV0ZELaASBLNLh.jpg,/gpCfsRtAiOTG1H4sTVQpl6edZQV.jpg
tt0071315,/1wO2OmUCWButQyVPGWQEZn5twca.jpg,/pyvkujOZ5qvY2NlQVC71flfgVWE.jpg
tt0071381,/fkp4RV0UKUA3Yj4FpZ5xsZxEgQW.jpg,/oSr9IXgkJtpI6yeUkoDU3gfffBe.jpg
tt0071411,/xYWPyzDfCmX6xK51wwGNkQNA9fv.jpg,/33hRze5MIFzwV2MR3kF5QzPkgjR.jpg
tt0071562,/mbry0W5PRylSUHsYzdiY2FSJwze.jpg,/kGzFbGhp99zva6oZODW5atUtnqi.jpg
tt0071690,/gNrcfKMNBiVGQuCLqwqWXTchXmp.jpg,/3FBWf8D3UuVULrtWsRBKfhOaBSc.jpg
tt0071853,/sbxnHlkHSeffxwzPhnfwd42ojqQ.jpg,/1KgXxv6tHXOnakqYvMPvFwYKWiw.jpg
tt0072271,/dDuWWq9VpBK0PFCDytlBpZhV6ca.jpg,/wvBx1Q1FcQE1BPLfBbgA3y9aaS1.jpg
tt0072417,/xX9xyqocEh4OvkhGip9m9JjXNTe.jpg,/uOLcJJYZ3hbFSrKQPDaLhrYnjUv.jpg
tt0072431,/ai5w3uAAwqeKdJhypxo9zZVCizC.jpg,/rsI82F7DadIQcrZyPbuwmkhN5ty.jpg
tt0072500,/tvTYIjujN87dcKAmSLqcvAahykH.jpg,/3G1uNDOGJWLNTOzjkdVphVlRmli.jpg
tt0072562,/s1cZBqbMwAF3w8S3Yo0j5nr2Yuo.jpg,/sSAX59Kf01lBRkBW4UcIL4kIoIm.jpg
tt0072684,/x28u4tvapVCPaVWHyvrEyLZWyk8.jpg,/ef6SvWbSfCFlKodJZqpIaTvsRRP.jpg
tt0072890,/ctcUXNlnddo9ndUK0w7w6CZQpig.jpg,/ahqTRP5mPOm3fMO8WjXbHlaF4Mo.jpg
tt0073166,/p9TcpsGmp0c0fg72uQK5X1QMYaq.jpg,/fBh1T0i1ODGiD8BNcQ4VGfdfTeN.jpg
tt0073195,/aCqHb3eFQV8raX30OfGurqPlpjh.jpg,/i1yf91svRHX45l9BXL8rVFzLoPH.jpg
tt0073198,/b5cey5yKfPXZBwj2gTRREALUvzA.jpg,/2qL6rsvq29ueZ0ITh47Jj2F985R.jpg
tt0073312,/xnc1FN1ewVWfoWBsq830nBx7r4F.jpg,/pgtHrfRnVpOWbiGYFVoHM3E9rN.jpg
tt0073341,/aBXbJrFhhfyhdVIQbDkd8mTirvT.jpg,/1Jgefbg5cKfCrppNbP0nPJm2TdR.jpg
tt0073440,/vna9YzXdMC7ju21SAI2cPBdpNpq.jpg,/lHH8o3YWBjoteijAI8yTxG3qqpX.jpg
tt0073486,/lBYmCynNEPt7HVaJvuXgfHvLhbJ.jpg,/uA8eSNAUUUyfHNIrG4h0zHxzt9W.jpg
tt0074084,/5BeMiIveAXnmHvuZVkRpCeE0pWR.jpg,/x5948QrtMqvnf2OBP9ESpdmONQa.jpg
tt0074119,/wmocd5vF8Nt0oz06qCKMEL1mjBD.jpg,/aAMn59bq6DZQtWoYqsIOUkVWSgc.jpg
tt0074605,/p0cyMNsoP5ap0omfhakhImBWTRw.jpg,/pVspyFNl8uE8jAoY3C973XkjTgB.jpg
tt0074695,/kgCYqxolMwhZ4zTe1LNig1ql796.jpg,/edUMdGAWTwc6RA2uhvagZJkrhAw.jpg
tt0074811,/tgrJsTPQqQha6Sil0pKQxwDeXR3.jpg,/foS1hXCMagcl3GnK0hJHslNw9Ne.jpg
tt0074860,/iqkB43dLRKP98O0SN1pKwKOscxA.jpg,/t3j3HwSgOcpKHDg5CaYE4WnPQDC.jpg
tt0074937,/2WorCi0bFhQBsYPWdztKZQYlvTN.jpg,/frM7pCS0vWnT1Utb81YyErmohmg.jpg
tt0075005,/iWyb6PKnl7lp0ytK8ZG7vJloGxc.jpg,/5sfbPsenSrbH8pzVMjEd0LUu50Y.jpg
tt0075029,/5TzrWk1mSoavRcdkNEhVpKftICv.jpg,/nEe0ziWyVhGTtuoXe2msdkz6NlO.jpg
tt0075147,/eRaYiNt0piwfB1LdeUJnMnFcxXs.jpg,/lw5HdgozS0j9rwqHWyDycgAa3GJ.jpg
tt0075148,/yyoGappf3WxXRrHz23yNbH2MffI.jpg,/bacOuUnRBoAO1NjMfsAGX2EKRrS.jpg
tt0075314,/9G26DnAeMbA4sp58Gi0Vze6eQv4.jpg,/9uddYYTNcLWpzUkl5iw1RUYhLhY.jpg
tt0075404,/lWioTDPDhz0KHlm83FJnv0MIrok.jpg,/A2IJUMyMJZCowjWq32GWqLcEmg9.jpg
tt0075462,/mNwrAOUH6R5yMGypfQWsafq4d6P.jpg,/fB6Al7U2jfW8DSFKwBqWB8PWAcm.jpg
tt0075686,/8zsJ5bgIjOBc9YGFE7jVffDom0Z.jpg,/8n9dYsTbXTykzm2Nuy7R2ftapXQ.jpg
tt0075784,/qrbeJ2xzCQnKQql3pwta3x9aQ4X.jpg,/1oRug23GWxgyQmqQGbX7ke974lp.jpg
tt0075860,/btE3LrMhuFa8sfPGxHRC4hGyEjr.jpg,/yBCekmb7vK70xUhtsRQBcTu65sB.jpg
tt0075968,/soq68JlliY5PvP2zTXzX5DWYVwV.jpg,/xyVURBvbRIzsGJlD0h8vybkXjLs.jpg
tt0076001,/rIYrY2pML6JdKv7J1ugusFnuOHi.jpg,/b0F0k58AQmsqroqjBHQLFXhf00Y.jpg
tt0076263,/z1CqJKI6gmdAMprD1NOYSCHVXEv.jpg,/r763vsubExGcDJypctYuLLJmhB.jpg
tt0076452,/9S6tojXosLqILYFiuT9t2LFjZ1g.jpg,/A37wxjHIy75UhpAi5K0p8iFRQgC.jpg
tt0076666,/qgwWjfpgGvUPoWXdq5kPLii6AOr.jpg,/iihMna17sTxP3zwlWBsKZbvDiGZ.jpg
tt0076759,/4hOUzmButYUeON0prG3RpbqS7ag.jpg,/zqkmTXzjkAgXmEWLRsY4UpTWCeo.jpg
tt0076786,/ge9EiugwgIR9xorW7sOYPavju5M.jpg,/9uXGLBPIJkPqmVwiyh3FI0iAe6n.jpg
tt0077405,/t0omyXIvd4sY4sbsvOc6uqOFpwe.jpg,/zUqIL6H6d44se9ZOsfvvCuOsbap.jpg
tt0077416,/qyq9qOvinL9T1QisF0EMC4c34zt.jpg,/a5zBQfXmLk3qqRYF7AioWpiAxk2.jpg
tt0077631,/flSy0dexE82TiS6Si2FtulSHk8o.jpg,/2SRJMIoJzABzgyGw01U6VbQbvJD.jpg
tt0077745,/xE5BFZ7ymk2XsLCPOLwKb6h6Sjc.jpg,/lyHnFsWafILUlizalpCSikJT7Ui.jpg
tt0077928,/jHHNr2ZSaXUdTbFvNPgNBJf4tUa.jpg,/f4dcx5U9X3w27e8iithmsaohF5t.jpg
tt0078748,/pZ9cAe5FxexJjpCaeiETbXzz3Fs.jpg,/AmR3JG1VQVxU8TfAvljUhfSFUOx.jpg
tt0078788,/zJXRrkJTlcb5x87v4VWN1zZX0Xk.jpg,/49fzLedFVKgGgFChLMuulDJBY1c.jpg
tt0078797,/hsG18cvuzcQXpdPCQY7gYG4hqVX.jpg,/i9aUSqk1eaxFYfBvsRm3G6kBCnv.jpg
tt0078875,/5IAOJ7EQ6JlZODtJvdbpFqKCDj2.jpg,/uZJjc4hMgckb3H3tVkTmbmcBhIT.jpg
tt0079116,/3UWuFh0zYNnFGSoQY8DGplSjiW8.jpg,/lfLVH3F8Xt8nITqG9cn97b54au1.jpg
tt0079261,/z0ctToyPWCB2RgIkMpD6RhRKAeH.jpg,/4yeRx7cGDMIzIkzLRhcw1LymSYC.jpg
tt0079417,/btdZ6vSOqQ3zI3ftEm2QTF9yiId.jpg,/9pUh1fC8TqVtYPeKpdfNyVK0qnn.jpg
tt0079470,/b4JaQ2ZjPxblj3E3S9ga5ykTita.jpg,/lOrM3OQhHlzEkpF7Ih3GghecrA8.jpg
tt0079522,/k4eT3EvfxW1L9Wmt04UqJqCvCR6.jpg,/adnSTomHU9YyqV2lx38CgM0UxLS.jpg
tt0079817,/nMaiiu0CzT77U4JZkUYV7KqdAjK.jpg,/78jvhi792WFjk1zSwqpfDOudO78.jpg
tt0079944,/c6lF6PYnq6rtYTUM8me0D0DCpwa.jpg,/6yrbWzzrPp7pwz6zHdifspJk8t3.jpg
tt0080125,/qjeEsrrd3y7AJSn5ZDLKh3EnHoB.jpg,/fxHzWHbTp6G4qjg9KKO9c0A2ig4.jpg
tt0080455,/rAeF8BlfaWnOBBI52x4hYztiDxY.jpg,/bk2fTuIhQIvdAA3RbnrnvLvuaTc.jpg
tt0080474,/2gZjDwJAXFrGG4PKMavw0jyXhCO.jpg,/1mrub90uU3Q36Nvnwz2fzZdItwl.jpg
tt0080516,/qcn1zmcyjcSIgtq4EWgbAGf7c6J.jpg,/r4nx6BZY4PfLPrThytBtAuwN8uV.jpg
tt0080678,/8oif8Zz7Nlf0vMVIiqX1rxDLoXl.jpg,/6huSptAsqYg3wbsi1jbMognSgmp.jpg
tt0080684,/eU7KcNAOeZj9PBIcGUMSsuJz8qj.jpg,/k9pshruhCpJAdH9RaGJO6jaWQ4X.jpg
tt0081398,/uTrGbVJMcINTZaMW3J6PJ7kZlV6.jpg,/tvNuhRlpRozDgsX1zR9gQ2aHv1X.jpg
tt0081505,/mm003Mj2e9kJRsrxiVdPn2BSBPh.jpg,/AdKA2F1SzYPhSZdEbjH1Zh75UVQ.jpg
tt0081846,/s5lqR0KZuEdos2M0kvXRCGPrC4Y.jpg,/hjJ5XDKP7XY2ADUuMdHM5NsC32s.jpg
tt0081912,/8QznQBwr4aqPIQTiymL7obM3qOK.jpg,/K8oVAMcE19IvzJsPlRVfDnB4Zq.jpg
tt0082089,/41VIK2UlxXNR28PLVRR1MAWhQ2k.jpg,/g6seVGyULRgvHQfHZswlcbZlr1E.jpg
tt0082096,/qXeULeu5uHHXYHRsbITzuLN51EB.jpg,/zzzhbZnSPMOON9uGt0LsdUJWYoC.jpg
tt0082210,/thPZa2lHHV8wJu71kOHTR90OQ3p.jpg,/p5cbr6otCjYv0WQlNbi8WNE133q.jpg
tt0082348,/oPAC1Bso6KsViv8YhzJ60pl9y04.jpg,/6mN7LnTejYw5OtxJIvvF0KPgvVP.jpg
tt0082484,/8SzprDkpE99DZenVJBs5z6PwflA.jpg,/5l3Xb2WQR0nXiVhbj5rAv0z4xsZ.jpg
tt0082933,/kTVEsT1Jvml9AzUcGRrvB9Q6pSA.jpg,/zfw3fcF7d4KcWYEvps4zUfl303b.jpg
tt0082934,/xUiLZyuqDKyC2122r5dtKWTgboj.jpg,/nd6CVurZnDebDXYOuWI5eNjnFLb.jpg
tt0082971,/tECLVwLCMexSkls33RTCwedRZ6d.jpg,/zPACwR32amTNvzId9qyapCWXYDJ.jpg
tt0083399,/nD1ZQBKbgKSmKcrAkWTofohsScj.jpg,/5U7NIuRK836GutAlo7TLPfmVtGW.jpg
tt0083658,/pBA2J6iQMiP5Zd4ewMKdOWfq1HV.jpg,/2spEHYDcyE9r9mS7AFEscfKVDzO.jpg
tt0083866,/ojvKem8WUzRK5PLvO7wTuAFinnz.jpg,/mXLVA0YL6tcXi6SJSuAh9ONXFj5.jpg
tt0083922,/heSihYfiOqSNeWcuCRP2GoApZJO.jpg,/8reX3CMog1QHqGoym2Esvuk5MnK.jpg
tt0083987,/bLhaCPIaRhaBfkw0YYP4oyV6qZb.jpg,/gum3tuO1zKHBdElSQPS08PJ1w67.jpg
tt0084335,/mFKaW1c66gjGjuQ3vsBnJ1ooKQr.jpg,/49rQkLwYxUK7zQP69e87MspS4E2.jpg
tt0084516,/b6JcwPnultjlXSVDGJhtPSAZSEY.jpg,/bvkPno6U02lLyvPWCnmibq4eIaN.jpg
tt0084602,/5Mn0xgB8w9mi2Ifo7WdS8aSgA7V.jpg,/ljOHSIyTbxdkQFjcJyWKfGm2i2r.jpg
tt0084628,/7gZC2ardRuFBB6qyQDw7HaLa921.jpg,/lns7roobSPQQTF54oSPzkT3qH1q.jpg
tt0084740,/eSwNZHkvSPZBRtsXrv4RluzMz7n.jpg,/1zdXOqfLlMW9LCmr3fIw3d9YPn3.jpg
tt0084787,/5hkM27bPdkgQli5g5zR5pp9bkNZ.jpg,/r9leYNa8nTRCceZrZhP1DXkgKVb.jpg
tt0084855,/gBKnCcR154R9Nqu0n2B4oDg5uAN.jpg,/sgsW7aqUXg4jG2GcoLKotSvp807.jpg
tt0084988,/owlFxxbr8K9HLJXvWQMQBRPFPjO.jpg,/ArLn4fRjLqqMtyPTB22qaTK4Cxt.jpg
tt0085180,/7KPq52V27rCukeQUjCflX8DSsZ9.jpg,/a62YSsCwYd5EyzB5EbaeX2FmM4m.jpg
tt0085267,/oTznCn0JG8eXm7C4B3GOtNg2uJg.jpg,/pC9qonwPXvvPx5kOT48X8U4sOTq.jpg
tt0085794,/7z5ni7necxkhE2xEodbYB5IyrIP.jpg,/7Mh1DM4kCMbN93C2MlUavYbH5YM.jpg
tt0085959,/tlM66Ms9pCo89W3TzEPk6mKloAj.jpg,/eIcJq4QDmToJeu4g6fS4iLPKY8n.jpg
tt0086190,/rKMmXzdm7eRgmlwYo7iq3klT7wJ.jpg,/ziECpBRIyclmBNaFSWlvCfsKbMD.jpg
tt0086216,/nhkBx2ehlxZVLclBXuojUZuSjB6.jpg,/g2SvOk7ZEgV1VyOfJB2CwFyqgmF.jpg
tt0086250,/iDABT5GD9OQmFiXM3wR0DJIxtkY.jpg,/cCvp5Sni75agCtyJkNOMapORUQV.jpg
tt0086425,/iUa8SO1t0d89cXtDKOzYYsSge7M.jpg,/rZXTcmx7mKysaseyWZHs6wzPAcZ.jpg
tt0086541,/qqqkiZSU9EBGZ1KiDmfn07S7qvv.jpg,/eBS1nvaQ7BMdsSlkoLyKapf0FEY.jpg
tt0086617,/mBwFXEY2BnLYUZRFGSzaiL2SNp8.jpg,/jsv8eASSZmkKhYXMZqliYO9ntnd.jpg
tt0086637,/bfs67JaV4B5xVBvtXd3O4R7nk9G.jpg,/oCC3rSccbJV9bxMDRedtqI6pnla.jpg
tt0086879,/nI24KqCadkHbjF4LpVHmUhQRNDn.jpg,/rnQyWw68dPHPRtvSWMtLSueXf05.jpg
tt0086979,/7dOgSVkyriDOyAhQiwMXm2i2XoO.jpg,/rGPoNNk4fvgG2mvkNAxJJPlszOu.jpg
tt0087050,/8lFJtTAFxn0eCpQPNYEll2opv0K.jpg,/1IKOtiErR3I4JMgK4LjCFc2DQ0d.jpg
tt0087089,/jgCsLhIRLKlvUy1p1iImCi0nPnX.jpg,/8vroa5RYUxD7Nv7vUGUoxZTyz7P.jpg
tt0087277,/9JEDjBCXCx3eKTSkXwispf0UN3O.jpg,/t8n5mvmnJUYJkyfOPWYEtvqePuM.jpg
tt0087332,/7eZUL4fvjVkmNPbD8IxQT4X9emt.jpg,/c6yfABGVKuB5cjoOwdX4AJMlzUz.jpg
tt0087363,/73Lf0JYHyWyZQGu04wvzzM3hh0l.jpg,/5UX6M0aEphiW6Xmy5rpYX75glbo.jpg
tt0087469,/tLEaz41vKyKY7AgCTGgijLGWzbk.jpg,/f133nWlU6yUkZqqwcCXCbTEJWHr.jpg
tt0087538,/qupC1Jxss4YH5Y2ZeIB4XXokGcd.jpg,/j1xaeJZOEOiVBD1rk3dg4YaAk23.jpg
tt0087553,/qo5q1bZI1kCPOZroV1Fx5f1ozAU.jpg,/c7OeJd34rc9bI1DXqd4ucb1wVrf.jpg
tt0087644,/c5uyQfWvzCVsCHL13J5JBZ61SQJ.jpg,/gxo0Tw1MUy2eo3s1VLfdN5ebt8G.jpg
tt0087843,/u4VnqaxINtKVscmdldZsBojU6jm.jpg,/xlDUjb0Q5Dv6jPQRF5VE4IMjIy.jpg
tt0087884,/ba8edzVOul1uDHaLgDImALqhsN1.jpg,/fWrq3u16gaBJ6nYNWcR3XaOhQPq.jpg
tt0087985,/7Z1NgiJ3cq5tasdfKVuAmcJpXyK.jpg,/9fOfsVHZHig6MHPHczv0zMY6cKc.jpg
tt0088040,/qBMxs5nAf2MXH3GjH9hnpayWZ4M.jpg,/deGrGTIKoFNRGhtxB5d8kDm7ZRu.jpg
tt0088184,/m18vtINPVS2pt46uDqFmk0nhx3c.jpg,/zhSELy6slpnyDTkCX8bIyBtwoK6.jpg
tt0088247,/9KI49SBnwAOzGcMw1onIki7vd2.jpg,/ffdqHMWkh1h9MABwIfbfRJhgFW6.jpg
tt0088286,/eS3WYx18vouzMQQOpV4cWw5ArP0.jpg,/yI0xd7X8UktQ6cb8TdWKNTOWxhm.jpg
tt0088323,/rXAJUv3QfGxIEo8pVAjRPS58paB.jpg,/rKmOe5pb5a6P1HmQAzpRw20gORp.jpg
tt0088461,/c5s9LiPJMzQjVYdYbGNV9b3eKQ9.jpg,/dgp3j52f2MeNVrp7PY8A1pCtRZT.jpg
tt0088509,/qZRbYvYLvO34plcGQcSdnalCzpN.jpg,/30L49n4Dhn7dzuGG50GV3ybMhC3.jpg
tt0088526,/ktAdTdvunYTj0lVd5KrhOncI9py.jpg,/jOHsdywPKOTr9R9y21Wjfti9CIY.jpg
tt0088680,/iohsFT1UlpNqySCj3HMqDmODVDc.jpg,/tV2KZZR5JaqTSXiNKowGqQMQtex.jpg
tt0088763,/owk40tn1sFJmC7bhamEpmhdZPKa.jpg,/5bzPWQ2dFUl2aZKkp7ILJVVkRed.jpg
tt0088846,/x7N8ZbCw7ojT8XbvoeGL0LXTK8E.jpg,/9IYyCLf5NNAQFK9pNtqzEU9HWzM.jpg
tt0088847,/f0DhsS50Ksn6rBZhwsH9Rgh9xGi.jpg,/s5HDOmFZaPVQFjk9BxxDrLu1T0g.jpg
tt0088939,/mHtsBevQRqQebP4yykJfJcdO2R.jpg,/lh6MbyxwCribn3hdAo81xLdPGoV.jpg
tt0089218,/v7dWDGqLS0FHsVpSLNeKo9xlkg1.jpg,/5qsyqA7FeYRymBmNbPBqBgqWPO4.jpg
tt0089755,/lovoT4KeD7iyKcDMFo8Y8lFtCle.jpg,/5hCGJLTuRlD5WoscKhVPHVnD4gz.jpg
tt0089767,/vOezX2ee3fuCCvFjjCRt5hP1Fw1.jpg,/lSH1j2uChyuxKmslXRf1AGyi43p.jpg
tt0089853,/h14XBPBjdS1Ex4q9zimiCBzU1CD.jpg,/afbfZtBOZIfxlzzvHCOfauI6pna.jpg
tt0089881,/feChXPgGQhhRfvkzhzoKVp8RLpQ.jpg,/3ssNAWypRl47iriwBFNx7RUEUub.jpg
tt0089927,/2MHUit4H6OK5adcOjnCN6suCKOl.jpg,/uiUb4KJ6tadldqlJme49TW1r3jA.jpg
tt0089960,/ilO1f2oP0e5gDUL52FYa6oFvqBz.jpg,/tKsFh8qpYyi2AMg5O8QTVdChm4k.jpg
tt0090015,/psrGGJTUkQ8hh5wJjiiA3lTdlWZ.jpg,/bJolDsqM8vnlusFJdnCi9rg1nX7.jpg
tt0090250,/rUJW2FYGgn98DNCbODKUCf5EiBo.jpg,/pm3l0g98hEyEJEEPJyNre905EPm.jpg
tt0090259,/bzYqYZHiZYDuPk4akpLhbWBxZHl.jpg,/9qNGaAZ8P6YSXkvS0WncnILObak.jpg
tt0090264,/ygkLLN9sNMkkwRY6rtpljNCKcDw.jpg,/hvGWyyC8wER1I8ExSXNtFBs7Mgd.jpg
tt0090329,/pHlVtaZ7Djv8EeIPMWoZjtwYGrP.jpg,/aDn3wL0ObbA5TCn5ZLri9xI2kUZ.jpg
tt0090354,/giOeARCc0nw27IJSFpTs0RrBJo4.jpg,/kGTTc4hl7RH0zqUewLHqTU5lUHl.jpg
tt0090605,/3QU9EP8BFLnTh6w9ycDSCvhqbRU.jpg,/4kix6fAblJIH6eMs0Ku2loyZJXK.jpg
tt0090756,/rzcigN8ujeVJiEKGP3y3mJybvii.jpg,/s1CBwblInR0ZBIv59CSko2QdLD3.jpg
tt0091064,/lotsO2VRhsmeFKzqncMX9xrYMj6.jpg,/g1FzhbtWYKk9WMJYi1X26kf2Q4Q.jpg
tt0091167,/zU7aEciHJrZuuH1QKOifXYbRYqM.jpg,/jx6jUMCLhRWB05ngVjaGxPpLq5x.jpg
tt0091187,/kqahkdYsUJyp2XAw20qupebw5tS.jpg,/ydF3hT1fjrM71AbNAYBZKnq6rtL.jpg
tt0091203,/5ZxKote3fuIt8woDhVm8Gm51Blf.jpg,/2EfbAWLq8s2f1LxTAIuLGYpKETV.jpg
tt0091251,/j2hzNkmwYT184eP9qYdjViiYxCO.jpg,/3Na31ta8vDuKOgQuPLdSZLs8bCB.jpg
tt0091369,/AhRH7qhyRWGOfr88UKLfSUEm7A0.jpg,/mGkleIuPO2flRyvP8yBcUykSQsp.jpg
tt0091605,/w7xf0xY21dwGBOx1s1Sc28BiSiP.jpg,/v4d6PPfqHeUNSdcyBVQ2Xb8yBk0.jpg
tt0091763,/Aeo2CHf8oWQzxAw4QpB43YfqxEF.jpg,/vr0gwTvit5pTZs2wXOkvpsxCfli.jpg
tt0091830,/qBrYpSp3OPpBvWQisxnurubu2vi.jpg,/jfDTQuovn57QIBvoGDom6FNQrkl.jpg
tt0092005,/hlUOQHgZ1k4ba34r7vjgYI4r12g.jpg,/yjGllQUm28R4X9xD9T5xMszirgw.jpg
tt0092099,/W8QUPhiBOCdj2urJDzc2D9xdQb.jpg,/dBgxEkWe17R0AJDAvAhpeVELQx2.jpg
tt0092359,/437jZdGXmYzyl9p4QtIFsm89rL5.jpg,/btUwsz9ttVBVyqtEyZvFBQFyJgv.jpg
tt0092400,/5pBpIBWudxv1kisNL4rj41RLjpZ.jpg,/y6nEgbjMUpYLnVUwZDzX95wH5Vj.jpg
tt0092455,/b19xiXgf47zT53j5EcSKA0UYCED.jpg,/qmliLoo6GVheM2FihatlAXxCKyF.jpg
tt0092593,/kRaOBKedKZjl9hPFwR7QmkjQH9N.jpg,/xaRQqHgXMZCyqLFGZ7E3oDZx0ki.jpg
tt0092693,/69kMw0m4DtFmj1z96ftkdzopzKC.jpg,/clqEWCcN75czQvFF4g7b4e252pd.jpg
tt0092890,/4uGWtDrtPLoMiEjotQaqZTDnqUn.jpg,/6iDQCBUSZKzY8Rnu8ECwl2gXcfG.jpg
tt0092965,/6SSK8aSYTJMLogy9I6CGSmVnPeb.jpg,/xt7boIC763DdceVQIGJdnmKlDVu.jpg
tt0092991,/d4o4F8n0brc2vrpZBTvVFgB2Kk8.jpg,/dOvEJK2u0slAGTfhdZOjnNgCQet.jpg
tt0093058,/6CX7BcyD8Xd5AQ7myNs0UE4mu6c.jpg,/3k2TRmqMjgt7tcwkYwZQdctnty3.jpg
tt0093191,/3BUvkcxlIjrZN0wlgIK0cB8rAtp.jpg,/7TlGXrB4WQ3wbpOCUQnBXseCuOl.jpg
tt0093342,/yFdk2YnzSfYtcGimT95Bhm0CN1n.jpg,/ylBiGZhgBsly0frseG2PvqoYM4o.jpg
tt0093389,/utbdORmc1tEmnxqQRMOapVAX8E8.jpg,/k29qVmwWwR0i5A1UMIws1Vmv6hV.jpg
tt0093773,/bzLLeqhNBNmO6WImHrrmLNyhMxi.jpg,/YL3GPOiDcNraIJOVDCZsoOBoDy.jpg
tt0093779,/dYgsPYY3sI6Zvie8NaJeA0vo1PF.jpg,/2CisgvF2HcIVnbMZbSjASCtSgEb.jpg
tt0093818,/wkkP2c4JKIGt9VfiiqRkO9TjYxy.jpg,/rn3E4Kd7EUOGOF95Hsd0aOhQqZg.jpg
tt0094226,/pVcWaUbFDL76ObIsReIBQ5ILMHv.jpg,/i1oWUGVDNBhGBykcCRBlX326udb.jpg
tt0094291,/7h3EEemfL5OATfAy97I2hQa5pQK.jpg,/v46Uq29FXcl4huvu1Nh7tJ5qAjZ.jpg
tt0094525,/vWxDau7LyMhy6Te0jLIybyoxhSP.jpg,/jB3CQHS4zBzD00yZG936WmsH6P4.jpg
tt0094625,/vjPt8HYymLOkRv82x9JwVO7M2a5.jpg,/fK40VGYIm7hmKrLJ26fgPQU0qRG.jpg
tt0094641,/n3jOgwNCrUZd9vcFi17XAWn4e6s.jpg,/tzOyiIgc4qY2tJPk9oNxQbC8JJ3.jpg
tt0094721,/fS9uBsxTs3TWdv0wSEpwyhhvCnO.jpg,/yRKyJJYIzfeiVDHBe4LXguPQCvD.jpg
tt0094747,/wuTB3PoJgbicYDJ368kWXu5401b.jpg,/1lnrkpvnw6cRxJS9VyMMei9Ed6g.jpg
tt0094947,/oLuTwurVSb7X8t13SEhKo4Rfrvt.jpg,/xH9mjObdAatWoHpT912DDK8hEYG.jpg
tt0094964,/1D0YPN2hgbATowuNIYGdKSZtHVq.jpg,/n3QtJ6tqE0fnf4Qaxb0iujBk0lH.jpg
tt0095016,/m54tK4wKjc1w2dp7QInG0munGao.jpg,/bvk2AAH64lP2YZs02Q3jskfHT8j.jpg
tt0095037,/kCmgOkAXbV1E569W3SlZ2Sym0I4.jpg,/aix01AG7io9RENJt2hrdE66dZFk.jpg
tt0095159,/urEkjQEOH3MgvdgQDaJIZHMaMzu.jpg,/nNLOEK9HGhhZIOgdVUO9F7ndTIw.jpg
tt0095327,/xTPa9c7Bgdq1BlZee24QeIx0jyR.jpg,/aHaqZpOL7UyVu0nKqp3SMz0o2E1.jpg
tt0095647,/2KcLTGJaY2wD6jaZrOra36Eekqz.jpg,/sYpNbnOlIKW5nlrPDFOGpnCUlz9.jpg
tt0095705,/eykTYCLnPW4quK6rqOHtc5PR8qy.jpg,/qpjuVCGZvNsbDa4UyxrbAa4Dno3.jpg
tt0095765,/hHwsr3t5n7VVUbPyU8VZswn0jkL.jpg,/zoVeIgKzGJzpdG6Gwnr7iOYfIMU.jpg
tt0095800,/tTMTM2O5ER990sDPB8TGlM3TDyZ.jpg,/3wcDKBiMnCEZBIg5ADN1dZ7L44i.jpg
tt0095953,/mPX2v7MbalB9FbGsUylKW91J68E.jpg,/b3tos7Tsd6lsTe52Nn4TMrEQg65.jpg
tt0096283,/uu6RaEAfkIQaolf20axWaRU4h3w.jpg,/zkThiZAaAie8Lw7RAc5yPTOewBV.jpg
tt0096446,/kymxskRkwRGGrlJLdneItwTIAHm.jpg,/3sF6AibdbTTkswfSRxXEGCt5w6s.jpg
tt0096657,/pUNQV35kDaKuejnXGNiUeEBurNE.jpg,/lHSLW9lihnuRMs1yYarmMJX4phK.jpg
tt0096697,/9hmoEmntaYrrlb4HKSFisWUQnqy.jpg,/jIArNHIekrCSVgdMbKPAXpPY03Y.jpg
tt0096874,/oTiQdzBOP5biNvzvrSPAvPxiSKH.jpg,/w6tPctxWAsHoQXeKxxNOT6lYKpx.jpg
tt0096908,/vawQltR9OiAows3WEyKarHUM662.jpg,/fClREI48zqOyESHlP5SZAgFfp3k.jpg
tt0097027,/b9Wdy0xkSgToQpPHMOQNrXt4fZw.jpg,/asg9dWAGNVjgztjOIhbaWQIYqrr.jpg
tt0097123,/ptBljoTY9KrAIOZcULsIs2J3fGc.jpg,/xDPaSuwaOizRNPitEvNiuY7i6iE.jpg
tt0097165,/vsLcmuk8KBN73spAIEwm1nLNSjc.jpg,/lFIXZpwwlF9hg8NM3RazaIJDuaj.jpg
tt0097216,/fu5kXCAX9xcjpCSeEROYZ3iBdLb.jpg,/xnLh9CNRxkpkSNikVhi5qLwcfUG.jpg
tt0097239,/ffg0xZcdZvcRvjauf86YJFa2q2A.jpg,/4XC0HwRNOvub6xksENsOl68zHOn.jpg
tt0097576,/5h45gK147AAJpLLC7Cicr597urz.jpg,/7KGdTzKux4fp5sW7hUM33NWqBU1.jpg
tt0097814,/psw0tp25DNBkdEAfwjZYcgbpgme.jpg,/ooGaNXI2OYszAajCFdIXLr73E1S.jpg
tt0098635,/dHUhjAPViRGTU9CFBt4JoANWHiK.jpg,/orq7v7J0Esq9TWpKitCXPbevOdW.jpg
tt0098800,/nOsDVE1eE0mwFd6iKdpxlMHYEih.jpg,/uyB27Tx3KtczuSo4tDfmiXhfuCp.jpg
tt0098844,/vcr8xAdptafbIiU16alUgVak6aM.jpg,/tc7canPSAn2X14hYi6Rl3gZm1o4.jpg
tt0098904,/aCw8ONfyz3AhngVQa1E2Ss4KSUQ.jpg,/tMRdEsMg9MyXAkcufK9YJEeIaNW.jpg
tt0098936,/lA9CNSdo50iQPZ8A2fyVpMvJZAf.jpg,/dZklTql88IDOmkC3JAYQSTgyK6f.jpg
tt0099077,/dkQfTT6hpfll4dzhfC0pNjRwXAe.jpg,/tRKTlMoTsAhYpuq19V8Wk3RFY4O.jpg
tt0099334,/1ek5a0cOAea7U3DdwZmeFSrRRt5.jpg,/bvpYJgsC5jcMJd43HRHXUQw7j5O.jpg
tt0099348,/NYzUSchNAs0Q3K2ebPRvkPrlrs.jpg,/ywWva4trKw7f3wtbz81Fe3FnrtC.jpg
tt0099385,/gzAc9X9HNaITD0GKvjlpvDBIXsb.jpg,/mYiTorq97lCQHUDTbk7M4jiT5B0.jpg
tt0099487,/vd8tCekihFx82bzmENaASvbhNmx.jpg,/uNLIMPxknsV4n3IAEDpS1iqF5dm.jpg
tt0099653,/gwli1EMll3AJfL5waL9SWEtg3ZI.jpg,/6nLdSON3ErniBZTXWG7WRqs5jGz.jpg
tt0099674,/l2D8Gzuzw8hN41UthdqM9Osu9I3.jpg,/zNnjHLDtV8Ti3aworltaeaLMov4.jpg
tt0099685,/3Yy0zBO9AlyAZH1cTI8Ko2ouCi.jpg,/gILte6Zd7m1YneIr6MVhh30S9pr.jpg
tt0099776,/9sAEpmmfpx74gh7IPdKVJ1rLupZ.jpg,/puTxjGPJALnjxXsO2k5OEHzf1ME.jpg
tt0099785,/rjc2a9N5pro1xGsSvvnJ1JDXRGm.jpg,/ih2xVgeMS8R5WUetYE8Mr9hVTlB.jpg
tt0099810,/6EGFvgiOaQB7HHV0gD581SKlPM9.jpg,/5jCpCFrku6wmCZOYZWhHOC2j8IU.jpg
tt0099864,/uuTYA9LIlIRCFMgFlxWb1KznfEx.jpg,/2lFfjPdVXleGHukp0Phr5pNJ4ab.jpg
tt0099871,/1wSyCFk53Xx7kVU76bLEDWk6BgA.jpg,/oubk1SEFtg3Q8eOncFvGQVa6OoP.jpg
tt0100150,/6ja0oa1pj7o9StfmaRAJVhTqcsi.jpg,/1Ww44JvMIPgBg2tysPO9hcuU7vN.jpg
tt0100157,/klPO5oh1LOxiPpdDXZo1ADgpKcw.jpg,/rUAn3Ul1tL7JXMjZ951UOI3F0UA.jpg
tt0100234,/bqdgN0SE5qbRXFPoaOPRj0yNv9X.jpg,/3t1qZqP1e17wQshpPKSqII1OogM.jpg
tt0100332,/90rCWH41mj9hjHUEy2SOHfuAOl3.jpg,/1DOLRxIQbRxhZcllLVx4DUAGqfS.jpg
tt0100403,/92Lqy293CqAExYXlqDc456eYCWp.jpg,/8GGAXEXaTPMDGa0sCPyFcitvlD9.jpg
tt0100507,/kbt9oSpAX8TkmpV2T72p0Cl41vR.jpg,/2TIzE3Ekpbl8Eb0Y6pYxVLXQF4A.jpg
tt0100685,/qp0C6pmpI71P9vxPtpkDExU3IfG.jpg,/rQfoRwxlkU8hdUnruoicnCuc4XO.jpg
tt0100802,/v7DoneFNYIrCGeNFiPrqGiQlimN.jpg,/x2wOlXuK4NzPDQ0OBZiJjNNOp6Y.jpg
tt0100935,/xKMJu2wDMmluBkMmrEdShxDPRGx.jpg,/6xJ2odkMFmO2LptVUBR8t8wBldQ.jpg
tt0101025,/bxJ1QpzC0XVgG6Z3iWdCn9oI5vt.jpg,/rrtP938krWZXswyAslgITgWIYp5.jpg
tt0101120,/lujRZmkiQeaQpmU4felQB562Qbj.jpg,/w0s1EmnmgkBYMSqZIrYgbiRt3j6.jpg
tt0101272,/ro7bdsSGp1jtvMxSWEfLLCK33PO.jpg,/7OxGhxUYAdtuike29VMzEFxJx7y.jpg
tt0101410,/fJ4MIzs0UcaFK38eDVYK1oloQis.jpg,/cW1XlxgvxZIFkakYc9yrLpDoYhK.jpg
tt0101540,/rEhLntnS2qqZ57O7k5T5XhJvavb.jpg,/ntgpger7OwFNlEldxuvvFHDKzjW.jpg
tt0101700,/cACoQdccxToUn0PRC1yW81bZHOG.jpg,/A3qvUUd36LUF5sfPYOHEd3ahDp2.jpg
tt0101761,/xa5dn3u0pwFcbWqANxZt0LTQCka.jpg,/p4XrrXZqxeqXKH7zBeP6wRkDbhc.jpg
tt0101829,/fxLHW93OLOsJKpe6pbO8VM9y2Ss.jpg,/9vOfO3CP8mqqq0oqCNl9R7M07xE.jpg
tt0101921,/zVWUSjYmmg4PQudX6NGPj0gbnV5.jpg,/ApnB7gY4MrWoPqIw17lEMp1mXJD.jpg
tt0101985,/gXvyDspzokDAjG0C3rSrszTj12j.jpg,/hypv7bDxzqdhJfEpjRKf1aQbdc.jpg
tt0102059,/iFhJA8CAl5rxH9zrfgj01SB5fNg.jpg,/4RriqSJFCQkYpRhxFnQGh3sxZYY.jpg
tt0102138,/14TrPHZxrrQfoIcmXpN7q9Y0WYP.jpg,/77gjiDyD94aJfqZq6AJAcMLxZhd.jpg
tt0102510,/o1RzJqZfjzkYHK81ZKp7b4YP6TI.jpg,/kCW0C3Bv5IsasICx3StdNEejfB5.jpg
tt0102536,/dNA14GVmnU2r7isrojCTwzXP9ig.jpg,/xOeGBXInQnwV9BGlneL8r65nL3q.jpg
tt0102685,/rxgvvm3j2jA4Flh2k9Hrvq2T7Vs.jpg,/yGOHbICOQwlJ20UjK8F2ChGJjvl.jpg
tt0102782,/bmKxZRgUS4MMSKiN70ZkG5JPD6y.jpg,/8vREmZvEKvsz5Ptp1gazc9rAhts.jpg
tt0102926,/8FdQQ3cUCs9goEOr1qUFaHackoJ.jpg,/aYcnDyLMnpKce1FOYUpZrXtgUye.jpg
tt0103064,/10xtoK2SFv6ADIeWxr3mcrjko72.jpg,/izkMjmhauFx9DjoBQqM5sM5WAwE.jpg
tt0103074,/zS4vosCL144152a1hlU2vbiv8cO.jpg,/u49EZzHvGCNrHdQxkc3hhLmQEPP.jpg
tt0103186,/j9c3HPCwuPGfFNHzjt0taANaC78.jpg,/p8BnLSfq9GCnGeSuAdIFdAj6Rz.jpg
tt0103359,/gcOV7JFbJpNqH8mzSuL8jG1WVy4.jpg,/4QnFxk03yAn7U2ZTL5oMCCqxlPc.jpg
tt0103584,/2OFwsFhAobczgJWnVdwd9oZAF2N.jpg,/8GlKBQJTFZp9mpLXJrmNCtdTyxx.jpg
tt0103639,/qiEpw4qjwYw82Qzme56UZwWJOAG.jpg,/nenJjvfe2Eq8uBMXFJnWj5mw4bi.jpg
tt0103791,/Aeiy8R2cTm15WaosWpnFIOxetCJ.jpg,/1HOO7m6NeK3wFw22xGBLdwvim51.jpg
tt0103873,/wQzk8FqofDXlQbAUoxQHN7xifi8.jpg,/ecZ6MQ3Y63dtn35km6odO0e39aQ.jpg
tt0103874,/3D4UhX6dzfBTHdVWkgjadcl8YkW.jpg,/fGuhbAlDpvmNuC0vkz1vsIzYwsq.jpg
tt0103994,/bBToqYouLBaoojtC6AyRNeFcQoV.jpg,/fi7gBF2nfIGWF9MuOhuEr6rkgBQ.jpg
tt0104057,/sk5qednzLeDZMIhto6Oa9QFKOon.jpg,/l8ofJ0ErKaL5F3JKmYVn4aa4i1w.jpg
tt0104257,/fPDeGYYHN3Un7xK3qrpXMSOp1t8.jpg,/H40nWdJngUc6gtytMAbElm9HOu.jpg
tt0104389,/gTCIHzm41BbtJw9lXYnmCSOql2c.jpg,/l3qZ3wYF0iRCrWuYTSMsp70qiH9.jpg
tt0104431,/7sdiRUyc0ANHJptPhsgb1KL6hoq.jpg,/8fnYJPoXxwAN4valDLgz2whMGTH.jpg
tt0104466,/2o4d0j74oaKfA30YrH3a7Je3pXA.jpg,/aH6d2U61HIM3Rt3PXElFYjZpBbE.jpg
tt0104691,/mM9ewvwSZM5DdHFeSaFtRJYDCij.jpg,/mhpDSuNyHPMsccI7zISEaskTgOQ.jpg
tt0104774,/6mZ5HWapYvTdA1ABNaSLZFqnoW7.jpg,/zXKKvPstrabP07BXNAUgXKZGetB.jpg
tt0104779,/pfMAmk6ZUOP91L1J05Ptupr43lo.jpg,/9NwkPVcLBKMrPKU79XinX73HZNa.jpg
tt0104782,/dtJV3ZhL46jqv85jGZubCa7XVSS.jpg,/7v4l2FnrpreaV19gY4xYiuPDPL2.jpg
tt0104797,/o2s9ow0uRRm1BcF3teznk5twd90.jpg,/yj9VAqzlA0kasae8rK1VG3NvDZk.jpg
tt0105236,/hxmJqXFFnXLlvPIdCW2k3UGLCgZ.jpg,/jwt159hXWA9Q5xpBo8hWb3zwLi7.jpg
tt0105322,/eANEFFUCyNpNG6dwT2r2YVAkOux.jpg,/gqEKfkukuB4m1oNKhVAm9JcvJg.jpg
tt0105323,/o4SBXaqUV6Xo11GE9xiQrRW3PtG.jpg,/fa03pD2qYmms4ZMgAv7PMqfFiGO.jpg
tt0105665,/4ae4pFtODwowHcierrmgjyzVejh.jpg,/amGU1FpELmenVvNmPShW58Orepy.jpg
tt0105695,/bhcVwMko4DbSELZapIQv4mmdPKY.jpg,/rvRGFevvZK48onX0PYI1eQLbuJd.jpg
tt0106004,/gYAb6GCVEFsU9hzMCG5rxaxoIv3.jpg,/4FqKFhF4BrNsrK3EdRpVJofVqCp.jpg
tt0106080,/cCZcRBwslgiC0xoZ8CqEuJTymiX.jpg,/hCUOckGQ4WnYRoCPFSTdxxErnr7.jpg
tt0106145,/vE6138ykaEXQkCSEHyuBIgfGlUZ.jpg,/cm3srKkyVn8zUK40ox8ZNjRJRdE.jpg
tt0106179,/73FcOklRmfmf76WflkeVTO1MAwJ.jpg,/w00lfexrsOeR25dO4hsWhbcUnmD.jpg
tt0106223,/mwiwTaaIjKjy5mJfodFjzSJ54H0.jpg,/19RoH2VH3IjgUFYc2oUZFJxLQ97.jpg
tt0106246,/6LwajIX2afh4N5dklu6Z5azaH3Y.jpg,/qHXdyDBgetOyetVkWGzHYGp7L72.jpg
tt0106438,/4ktqO8EvVE7NS3NuykukophhNtl.jpg,/nAUBENJ7KO7OBCY1LaPYpzJANJx.jpg
tt0106489,/mwW3SOA1SSxySZQRI7tx7Wo3kLy.jpg,/ggzzn1Hf4zBz1VVywpQhGtDxKtA.jpg
tt0106519,/yX9vWug1cGtJ6hKhLZDz4fR71Zy.jpg,/9s4ZDw0j6qByLgwJtUsRcepBXSw.jpg
tt0106856,/kFBDnvgkSsVrBAjej1RriGOB8BV.jpg,/cS45swrlrTJijH1RblBLe8LlW2p.jpg
tt0106966,/2lIHeaWlnTgvfS5LWcvG2n8d4G0.jpg,/kTlrvY35ldGN0yReCu59DfQdlcp.jpg
tt0107048,/j8ZRAOctUiw7YzrQGuyCRIAJPIW.jpg,/4W6RYDNe4OByNryOCvJprrutm9h.jpg
tt0107144,/bJ2XmBJP1f4mOKeVT2mKaGQQcy0.jpg,/lKoEEg7Nf1FUPSzRR0oMtPIqiyX.jpg
tt0107207,/8UHQLF2ZXcLOfmxPKxYj9vy9Lhg.jpg,/gUIVD0rFWVB8Okk8wU8dQxjOYnZ.jpg
tt0107290,/1r8TWaAExHbFRzyqT3Vcbq1XZQb.jpg,/4SyDTF02R5BepqSdQmOaNCHObzF.jpg
tt0107507,/8eNHNCThbQkHtWrwZcrrtWGQvWB.jpg,/px0d4Kzn9683SHLMS9K3e5OHk2H.jpg
tt0107688,/pqFPpQ77VZ0moRgRRsxx7p39CS3.jpg,/dSfrsjhqC6lYe7LYDYnzWeXZmEl.jpg
tt0107692,/pepgQDbKDMATqQff6xVTgH5rXig.jpg,/mOd8oNCNyKOXs58FzdD1pPygWD.jpg
tt0107756,/6oLfjB2hhQMpHxJgEHCG4sGlAF.jpg,/AoMYwa8yRvXcbRKdD5s8VwIN3NA.jpg
tt0107808,/P0HK6nMCsdFrxu4c4NTavxfuyh.jpg,/xTZvY5qVsOKinCuYgx9GZ9opXiM.jpg
tt0107818,/s3QaAaIkuLRpy0QF1vwTurKPgFN.jpg,/nWO4sGqH950N2fij8X0Pwumqe9k.jpg
tt0107822,/6Dr3APk7mPUpiqbLrHXQG9nJ0R9.jpg,/c2O99arhWcuLexMHiuRfSuDMpYm.jpg
tt0107943,/2CNyjpycDAXXmiQdcm5Zk4qcKxa.jpg,/vFhxd3Z1zaV3Yu5XLpvWzSxJCe8.jpg
tt0108052,/3Ho0pXsnMxpGJWqdOi0KDNdaTkT.jpg,/zb6fM1CX41D9rF9hdgclu0peUmy.jpg
tt0108122,/djb04es37zyRLkBOOFyDDkZTNpo.jpg,/a0OjGWE9ru1OlKLBujbz3mAYYxU.jpg
tt0108211,/kOGBwiMnKqKTyFq6V86Sm15e6Oy.jpg,/mo2O5ESdB7PWnY3OBS9jjvjeskB.jpg
tt0108394,/acF0MZyMhe1svIxp17xxIstPIqi.jpg,/pXvYw0QOPbHJVvwGbZfrSNY2vnB.jpg
tt0108399,/6wPdBa1Nk70zUfDA7nKbDoynZM1.jpg,/1Uh8yuXlFcMDpVHWZJidjanT06e.jpg
tt0108550,/1W9WHcWBD08V3SxpDpxESODDpde.jpg,/m05zMH2I7aEOP4zc0JYOdqR4JUD.jpg
tt0108757,/bYSE2ER5LZlUAC9RFakZELHGD4u.jpg,/en3zftWPQb5Ue6aA8W88RQbtqzd.jpg
tt0108778,/rkKCSlr8OH5tbKEdgwtzvEiemrl.jpg,/l0qVZIpXtIo7km9u5Yqh0nKPOr5.jpg
tt0109040,/zByKfhPuFUEymc0uzHGdIfO7dx5.jpg,/nbvREKIjX16mwNZtFqAoQTTHPnQ.jpg
tt0109348,/978Wh4jJux5o8YC4bXhSMpPX6Er.jpg,/6zfPDvqeZUleXjNaU5iWQwHUtCN.jpg
tt0109424,/YA5ao7glo8Uqu6dGkWmcWPhHyn.jpg,/vuglA60RqvpHK9rIcG8sXaiWw1L.jpg
tt0109445,/mY0PDi3ZiyExPzeW9rzYMe1fnDo.jpg,/sjfbZVKRGh84lNxhqvuhdvovh18.jpg
tt0109506,/ywQsxaKU3BTT0UMq134qsU9n4IT.jpg,/2VN9umruwVZsT1Pr1NMCV71HpUu.jpg
tt0109579,/86ETvc5qAnnF6IYrkHisepT0vc.jpg,/buQbUKiV7fn0vX1mwH6D0Uvvv2t.jpg
tt0109686,/oJSYzIRoJLqNcMMgy8ErCJjSJf9.jpg,/8uBTDGRcNHhYChcoazP5rleRME7.jpg
tt0109707,/l6DjxsCOlpT1xzztMHQDAZvqdhx.jpg,/3jrwJiMCe7VZP0DNcywHYOKg0Zu.jpg
tt0109813,/z3NM5Lk7iIUI03ImIbH7Ihn8J7w.jpg,/4byUSbNrjqCSjqVYrJU6AxqyZYr.jpg
tt0109830,/oiqKEhEfxl9knzWXvWecJKN3aj6.jpg,/66Kn4XWhkuPkJxOJyPEx4U2CUfN.jpg
tt0110005,/sKuTsGjvagZdZATIu4tPkozKkN8.jpg,/jHjOY9vgE7maH2HRk2fd9lOPg8.jpg
tt0110148,/921DrRqvdnX90grWPkuRnOoko5l.jpg,/3fChciF2G1wXHsyTfJD9y7uN6Il.jpg
tt0110322,/fZjjcVq8YTOUSN6PYTIS009FsmW.jpg,/eVIuBKpeLB8rkozkj8bVmxDuAsp.jpg
tt0110357,/b0MxU37dNmMwKtoPVYPKOZSIrIn.jpg,/bqFxtuGNsz30HTk5mzgGs8m9Po.jpg
tt0110413,/9Ztxqq9mAeGiXDkyqXJPaACUcbd.jpg,/fj0hwDJEOOHllRim2BMt5L7tbjf.jpg
tt0110475,/wPgEFEJ8OYmG5s6dAmd37d60mo2.jpg,/bQlw59HncOXX9alFlOYKHAvSnm.jpg
tt0110632,/qMQVGb4LhYKvwQBORXL0cCmYmtd.jpg,/k3TOt50cHvTLXWYPnXP0szhiXB8.jpg
tt0110877,/jlnJJZCnI3AEhngDPxtVXnTW3V2.jpg,/32pvxFiXNo2TdNpBiuHN8k2Mr4K.jpg
tt0110912,/hNcQAuquJxTxl2fJFs1R42DrWcf.jpg,/suaEOtk1N1sgg2MTM7oZd2cfVp3.jpg
tt0110932,/knukAW6MVHZOZBnEguH4tYzJwPM.jpg,/R5yzaNz6IE2107lcmnzBSerCBP.jpg
tt0110997,/obXfrcnYvjPoBGw8thSyPAZOxCy.jpg,/8KcvxZCwkahVDphIzRENl7rZECy.jpg
tt0111161,/uRRTV7p6l2ivtODWJVVAMRrwTn2.jpg,/pNjh59JSxChQktamG3LMp9ZoQzp.jpg
tt0111257,/24xjQmn6N0JiJ7Tgpmtir8VELSw.jpg,/lywmuPU5Hr1Mnpb9UGeDbILmkTx.jpg
tt0111341,/hySy5g6xncM3U1iRsdPgYyahXM0.jpg,/5a4Gmk2HNeefI4Rmwdmbyoy79oy.jpg
tt0111495,/eePgjE6ZP381J77dUPVgJy9cIJ4.jpg,/xkk7cqXFzY4aCCG5AYWZCFQFbIX.jpg
tt0111507,/tzcgmLKtNKlPeIQ5jf8juHqqmab.jpg,/b1CVjSYinzm6tx1TGA7c75W8X9k.jpg
tt0112130,/fKUTpRxv1mnedNtHTufzWR37WkA.jpg,/6d1yCaiI7AexmtGX2vORqEbZ0oV.jpg
tt0112159,/8t5BmqgaYQQckYXF4Q9M1cVnqXt.jpg,/awR8ZpAmieF0Pnc1AXxcCbEUjug.jpg
tt0112178,/gNS5tRSG3UlXodCxznKKOKweqxh.jpg,/7YFranrnnIcCrgsLYQsoq8aE3Ir.jpg
tt0112230,/3SRTblGC16nuyFVvGKIkIVxN89S.jpg,/1V7WuDv5kmzwCCNd9CNQvOmqHdm.jpg
tt0112384,/h6RBssorNWZQYZN5M4ys9V6Uy0I.jpg,/n0FDJI9c0uWiZwm8wgXVjaMBn96.jpg
tt0112442,/ZYpSdXaTMFYCGbmVmXOFbdJmSv.jpg,/wOLTJxfv98miIQcn0oNXq9fIgXM.jpg
tt0112461,/68yBRXJNQT7vwFGRHqKcfy97LXq.jpg,/oDdRrwTCgaDzAshScrFO09qWqPB.jpg
tt0112471,/uw9vx5M0qwkU1QnBNG4CXCgwYB3.jpg,/qA2TyqPldTtoTVY3LKrNIG5g6bH.jpg
tt0112573,/cDMYybBU4COJfTwcPgnihwY5EiP.jpg,/1m1c5gIWWkb1FEC9lzsoXHhhs7b.jpg
tt0112579,/xjGrjvD94HvANtEurCXDxGkc0Gj.jpg,/4TnGcUsyd6ixuLWHaaEG5BGkAIp.jpg
tt0112641,/7x8lsyTB0G7OrLzQ7qxt3ywQ4OY.jpg,/iZGiMD0p1M2AOmzKknFo5bkuz94.jpg
tt0112681,/AdLJruDqCiX3VCC0AEp4t3mxGY3.jpg,/kCmVAb2J81guVgk14lX7wLfFjMO.jpg
tt0112682,/gZWry2QAKoDCUw965vomZAzIN0b.jpg,/yDjsUoEANHggKFabkAyTu3Y9j4N.jpg
tt0112817,/in1wyJhudwwfLS6Ad2Q6wYJGUAv.jpg,/a7DtgKB187dUm9n81IlvNzVXsK1.jpg
tt0112818,/682uhML1FnWnSAzPhUNaLa4PQbr.jpg,/gwRWQeHfPuA8mg73kydQsM8rdXq.jpg
tt0112922,/zSyv4UqdJIjyGZ5xBrpENET8MI.jpg,/ijBx6WyNU94rKKmt1iTkD9N1ujn.jpg
tt0113247,/cRhjRtGfUvm9pOVid2BrrNUnjR5.jpg,/viGCwLxupyoaLsa6hrnu1gYrB0B.jpg
tt0113277,/kRfh1NCkDXGFrWzL6zDmVnHjRKh.jpg,/uI22JkEMediWyiRqhllNqeeGtW0.jpg
tt0113497,/m67M2wXLKblJLuJlvF7qaGrGfCa.jpg,/qSxeCfWUUyht9hZgaaYmtPtTkw2.jpg
tt0113627,/pzp3EwKATK7Xl8K14L85daSt60M.jpg,/ckTh7Ej33m9O4eiKDQ1u91Opd9N.jpg
tt0113819,/rxROwaaPHfUExtQT8idEmfCeRAR.jpg,/hSY4PYJSFW5JWeQqOs2LAzG0W8a.jpg
tt0113957,/9vmRmkVjMUME1QknZeklYkMcoEr.jpg,/dDE6EIaFsPFJPLXHG1ghuPQc7ST.jpg
tt0114369,/uVPcVz4b2hnSGrXYLdIGRXwcivs.jpg,/i5H7zusQGsysGQ8i6P361Vnr0n2.jpg
tt0114388,/eAhOt2FExPlLRtkln6mAZEOFU3T.jpg,/cFnyfWHL6HjOOVal6lp8e5gqibK.jpg
tt0114478,/qXlMABbkiwlmHWFifOjyskEfOJu.jpg,/dkg2DcGg6cjDia20yLWDaNLBRIb.jpg
tt0114671,/bD39pf9AJYqKswfHLRiG2VntyDJ.jpg,/nKGVLehRRJt2UK2Hn9JvNAzd4C6.jpg
tt0114709,/jvn7wy3RSNEXnFSXLpH2of2LcV6.jpg,/3Rfvhy1Nl6sSGJwyjb0QiZzZYlB.jpg
tt0114746,/bXLwKCCMS2NCNlxAhSwn9HCymRl.jpg,/mKIkGoyuR71qz6FdiEiOjxvBQcS.jpg
tt0114787,/qlYP9HpToAluL0swuHUL4SYDEZY.jpg,/2nerKhF40OzjnGGOyzHcsAw8T53.jpg
tt0114814,/zI2ESVtVBJTo68aWuwCku78q4dZ.jpg,/hy0Hx9fMPk2fmw26Li60z1S2giU.jpg
tt0115157,/ko0CZnMZZZm19HHWwROB05gEKyr.jpg,/yqKI437ohJAF9EQYkPYH0PTBDEt.jpg
tt0115167,/dcCnVVggEBfNpzHrqzDJqhE6tGP.jpg,/zPyVcPi5vFjjHbZsYYbbIG1I0oL.jpg
tt0115228,/58TFZp1kLi1r4HKEsWzvyokFj7D.jpg,/b59V2vU77hyMthEsjrMeeczSfc1.jpg
tt0115392,/zs5KskEw6iueTDTbKreAzfhylfj.jpg,/nqA7v6kDrNrRmKyLrXfestVd4Z7.jpg
tt0115487,/pDKe4iKw2ZQ7IBrPEkSlm1w8C9c.jpg,/uI7Wxl9RMthNtSPOCfTNvPW6oWs.jpg
tt0115491,/8hNo4sagsaO6ZnZO52QKX7Ggco6.jpg,/gkzfPl0rjp5COdFXPaxitp9J3X3.jpg
tt0115639,/fZeGezQv7GiOW0DO3zXhYX04HMI.jpg,/5VfgNZJvJ6FcwF3PPQbpUIzILkQ.jpg
tt0115751,/hb7ksXgZrWuO4u4AIaJKz5aIh2e.jpg,/nY2faCdUVHzuH6FmDI6QsAURE68.jpg
tt0115798,/jagN2l3K90GFZm0L1y22sEBrEc.jpg,/nj0rIFyjZ0GUOQYnGM8YyGR3CmS.jpg
tt0115964,/cBRBYgO7Fo00Bvzjn9KdYeKFQBH.jpg,/vQNknPEVSAui6IL6eUlDBPfUzcW.jpg
tt0116126,/eCgKRs1qMRCc2wx0VG7ONEOj2MJ.jpg,/dfkE2LppPbJ1qUzi3tdND5iuMFp.jpg
tt0116209,/rFrE4iRB9Cdj2T3H1JeeV6DOuL8.jpg,/em5kAUF8QbwThG5BCqVgFomxNT5.jpg
tt0116242,/SndzYEiRYcFU1xqCOnXXJoTGjf.jpg,/2G6nVbZPPMvrJCNHm3lbiWJp59v.jpg
tt0116274,/4x1jiEfaKN0HCJAE3hDSKtL7fW.jpg,/bxEwMGxFgpWJWQWlbEg706XtnMe.jpg
tt0116282,/e25EHAVCA16rnbeAYl8qrSrc942.jpg,/747dgDfL5d8esobk7h4odaOFhUq.jpg
tt0116367,/4hPWRrWGFD6WuuzihqDbYMS51pc.jpg,/phiRQhfwZZeMMn3osvQUmGYmJbp.jpg
tt0116629,/zhYisFUKLhlrbcrABMxQRzwuAM5.jpg,/kFI1oF6KVnLEbUT7yLIbKXeyvu.jpg
tt0116922,/vFIhGJuUfCSGTFj5fgLCbBAtxt2.jpg,/hGnJhGSeyWlerHcLNnD06sbX5wU.jpg
tt0117008,/icsytUzUc9f97a9SdafFG0eqijR.jpg,/t3HVA7XdVnQneMjI5hYjEhXmHY3.jpg
tt0117060,/xCpmxw3UUjv4PGzbIPOHeoKAV0l.jpg,/sra8XnL96OyLHENcglmZJg6HA8z.jpg
tt0117381,/8EkX8965Hb2hZdkpEcFShrlrklw.jpg,/dZM71rHXh3Oo3WZlw8YpMMsoVB5.jpg
tt0117500,/l6PuNPsNFx1UFWfQwjk1McPce4y.jpg,/qDVdTL1KqGmGLGsy7UPA3vksku7.jpg
tt0117509,/7H3ngS2tyJQijni8xKvxtwjvqop.jpg,/hoQBa4EK6KFS31sPBND9zMjARfb.jpg
tt0117589,/zETSgsWXpOIsJjpCl8UoxcJqPlX.jpg,/oLh3r9BhrymkMjKtI2geTGkKMif.jpg
tt0117631,/cbmThowj2XAW7lKlMAXmnhZvjGI.jpg,/2NU8w8djgX6SzLrg7rN6yMXWAzC.jpg
tt0117665,/e0bzX1pK2STzUAYXnretiU9gkiq.jpg,/sDhABATFQX8nfTHShTfH8HeqKY1.jpg
tt0117705,/i5QYBFIIrh6PngEsCj5fGX7gcI7.jpg,/lWybXICZZpxnSvWSOW53XxTERUg.jpg
tt0117883,/lqIQE6VfShKU07cUX2J7OE6Y9aX.jpg,/vqSnB2T6qgU3in8scPkAYqV7kBR.jpg
tt0117951,/qSG5r7pympUa2urtblJrpKQGb2q.jpg,/dkfBKDUIWP1peEszdqK10MkMZCP.jpg
tt0118125,/mBBqKfkvzSk6Rk7bfRXU9kR916N.jpg,/l0YhkeRNks3mPdjxd2VgAFtKplB.jpg
tt0118276,/prtfjCpoIvKZ7IMFzjfQM6I04mk.jpg,/lBmlLro9ZfY815ZXE5NKhYNxPRQ.jpg
tt0118375,/zlhfyZeTs7MDCrXDLQfLHxfwcUd.jpg,/4CSdS9p0AhLhxCo1hGuQINiE2Sa.jpg
tt0118421,/oTQ9PUnCgf9CimYeWuDGp8iaT07.jpg,/6g75a6wnJWrljoLJBjaNWcsK7Lq.jpg
tt0118480,/dQjmI7XxI47v8IM2MUysHG0LuU2.jpg,/yOyzlRw54oYaGvhUBdPr7TFwtrX.jpg
tt0118548,/xzyyrc5qIQi62wOLnlGadLGjavJ.jpg,/cLftTzGw40BlLw8IggKSWDjKOQo.jpg
tt0118655,/6vUjqYh8hDh7pVIcdQySw3SN3SH.jpg,/wSm5McaHSAyOx4gGRYdlDHzj00y.jpg
tt0118694,/6xeQzsvRrZ843kfRDxNqL4pY97Z.jpg,/ffQFnAUm2Uu4RU0nijpjPRf9TBT.jpg
tt0118715,/EJFkJD9BH400jfzKz3W5xLYHQa.jpg,/77ElMccPnTMPouRxSdbJ4nEjf69.jpg
tt0118749,/njDsPPXygxLluTcWrRKtePKIWk.jpg,/ArpTzQZHWh4UVsgUvV6S7WjTq1n.jpg
tt0118760,/wsbNQWMQV4HwwqXtvQUoBfiBzK8.jpg,/37iU8su1kQgylRqpbhzGb2KtrWF.jpg
tt0118788,/tX90wXNHJYvlHYjK67CnftdzkWJ.jpg,/ojf5ZwmVz5DaHS9x53falPtvfSu.jpg
tt0118789,/u7mSqUsQyYpEWpovr55XDcT7v3d.jpg,/oCcRRoalUWy83x3gqhCIl6pPUAi.jpg
tt0118799,/aZ7MFlKPfB02Lr9NwZQ4vsYRgcy.jpg,/6aNKD81RHR1DqUUa8kOZ1TBY1Lp.jpg
tt0118843,/d6HT4SE2IdIJdzcIx2q1jRDVYFm.jpg,/vx5Mla7OfNzibnVat2HQuqGrUkc.jpg
tt0118845,/9OYXLgM5C9wZbbVgIMDlQu2rC9N.jpg,/2Xkd3WeAx11cHxb4Lr3wnSNDWcd.jpg
tt0118880,/mZv1XUFAzhVvyTwrtjclzbtW4HJ.jpg,/vsmlShNNHrYlERZaqMOsZ3YctoO.jpg
tt0118929,/xZiUwgdXMUMY8vEpMylOahUIDzL.jpg,/sWi4SSeVPii4NU365Df9vzX1yOX.jpg
tt0118954,/igUstFpkI9lgHVh3VLkwKgL7WVm.jpg,/f8Q3Sug5Sa42psw2b3Gdd1aT8t.jpg
tt0118972,/Aa4UMR8FrQLkZafllUcT7fmmTEh.jpg,/Bfsoyo6mai2KKhdL5tk85RIB8F.jpg
tt0119008,/8ZtSStirIYiGF6HWjYTSWppo6c6.jpg,/gXWzBnxUfLCT0w0WzAmJ5wF37hC.jpg
tt0119038,/rPjrpJr6ep1YW8dKDWW9dNhG5Fw.jpg,/fxXwBvym6DkqkO4AWn8OjwMfMc1.jpg
tt0119164,/hZorGSNfwMUP8dU6C8HtIS0D9OO.jpg,/r8SwFiCeaADf0jIotMMtfNBzLEI.jpg
tt0119167,/xdqXXacYzPwVAS4AvZz87u23wyW.jpg,/79SBe1bU30Dy6QPwJ2KQ3LTr1lr.jpg
tt0119174,/hvEEVdC8VdT3JpwAGiSHO5sEmDH.jpg,/k7GM13qRYSour3lk90Dq1EwdpoW.jpg
tt0119177,/1gXcEISnpV8IXCylhGI4eyBKjM.jpg,/hPsCR1ny6GnctJkWqeJwihTDD7T.jpg
tt0119217,/4Yy63A10sPQZ9kd2kWj13S4WUkn.jpg,/xj1Sv1xm4Y0ydBueGuf10Y9qM0O.jpg
tt0119250,/A3ubCSK5Y8ObcTNWdjqnoMlROCl.jpg,/mdQ6oH7GLM9VerAb8JhsEAyJnHs.jpg
tt0119396,/vNrJ3ODvu2dvqIdHHbzgsVjgp4X.jpg,/gvaeY5kz3wHrMU6xLdnybziwYXw.jpg
tt0119488,/3xQXLqCXMTizZ7ibSERqaBKvPhY.jpg,/hUn13Hom8OWMYpR1ay0diwswwdP.jpg
tt0119528,/dH8vvabNyOG2Et7BsrLL3X2m9Ex.jpg,/nuDMG0uTaiWFVD6XfHPruum5JOL.jpg
tt0119567,/80pXV9DEd81rBGqmlPBLbvr6h9a.jpg,/A4rYaPdzgocCjQ0n9LUSYUxyvpS.jpg
tt0119626,/ismVb0btyFH9aNTJxo6CpbgBk7W.jpg,/oLMzuBnWrooxDIRBKTG7OPDlrXS.jpg
tt0119654,/8HHIw2ZCyFp26EpZC8BW5jGP7kd.jpg,/aJMhYOP80cVBtq5ku3uyqASF3Ol.jpg
tt0119668,/7QZOnHKNbQXtLBiJ5Ww6qYHxbBq.jpg,/zDtIIaPdcRvZnvpD1qnI8v4nHOR.jpg
tt0119698,/xP466sdt19CPLVljpRwI7luEgFn.jpg,/gl0jzn4BupSbL2qMVeqrjKkF9Js.jpg
tt0119822,/zr9FWAFnjeBugw725udOypnXXMY.jpg,/x7y8ezKtU1vRInk0dmbvDoKgJ8u.jpg
tt0120131,/zdD5VcvTD43p048ueswYdgLJZh.jpg,/vyOFlV1afDHb9MMwJVyON4qXbvC.jpg
tt0120265,/xjj9f4WEdE2NLO8Luf9ofNhvqCQ.jpg,/44SNTCSZTdbF5bzgUy4IfPV3DUq.jpg
tt0120338,/rBTJZrf5UWaxzg5YJd2eqpeaSvm.jpg,/xXCuto8YVp5RFqBJ7yKmVmLOWpF.jpg
tt0120363,/8OTDKkJv2jXg5ZHKazFxBAttKkR.jpg,/nsfVr4QbbunUrHINN9N7JdVAMTf.jpg
tt0120382,/8eWVXQZ6yqKfkuHhWD5RcdHnszT.jpg,/rmiG2uwcNoGFmBKMoa1pIcf514L.jpg
tt0120586,/h2cDqHvnZkycBJKoF7WhcQ2MX1V.jpg,/6qHI1IYj7QlLSCwHRzkL62X175s.jpg
tt0120587,/iKMrcYgfsvw58sH5tlbi6ENtQ02.jpg,/i4NvcHeYeAdLEFiLxEVvUA3BT0.jpg
tt0120591,/yYtlk1E28L1kQG6VcazkHhv29Ur.jpg,/1cO6OQJxz7YhTZ4V1OlkYfebeJa.jpg
tt0120601,/1seCNXVXigPVZV6q9v4WhuIWBdP.jpg,/1Nyjb7aeRKynWgmOl8he5ZcvWLm.jpg
tt0120611,/dCsTsFX4PT9wewpKYaddwPHYI3A.jpg,/7NKfxJrQn053UJeLftlx4m4NTzo.jpg
tt0120616,/aGRMxB5ve2nSKsq8ww6PyUwhWpP.jpg,/8zLS8p1tRyWFLRFfmgQq0j5WE6z.jpg
tt0120623,/3zc9gBzw0egrp7lMrE0zqFkNMms.jpg,/hwwFyowfcbLRVmRBOkvnABBNIOs.jpg
tt0120630,/4Enrlqg9FMirWTIHKHexfJd4hdv.jpg,/3eYkMSjWbvTaZso7ow5ub9ikNNq.jpg
tt0120657,/QIbBgYHuXb987FqnfxmHFGWc5u.jpg,/sjZIN2oDzOLGYuz21QwWw1tJ8ly.jpg
tt0120660,/pHLraZnPPAchPFQqbdZcNcNudKz.jpg,/lPLTLCBn39Wiy1RPQLB9xOKyF2v.jpg
tt0120663,/yPRAwhPyB0njl6hnuu3LG2iP9Nb.jpg,/aC6wW62V6b0csr5iUnbOjYAqfhg.jpg
tt0120667,/l3Yk65bVdgiMOMeK6O8aZxEBt5J.jpg,/qq9ELjoyllBUMkGisZvcj0fCd43.jpg
tt0120669,/yYoH7nCw1UXdpqZDXPoL8IsUK2y.jpg,/qJaR9AZx2Qq2oJ3krnSO0Z5ne5I.jpg
tt0120689,/aBQiJRxGRrX0mXFMjxyzWYFtEnf.jpg,/amZavErrjrdgDwhsIdpWxHNenIx.jpg
tt0120735,/prewFR5HkUNpU1tNGUBPMal20rI.jpg,/cXQH2u7wUIX1eoIdEj51kHXoWhX.jpg
tt0120737,/9xtH1RmAzQ0rrMBNUMXstb2s3er.jpg,/oiwc338EoBgS4sEI2ixAny4KQKg.jpg
tt0120744,/50Ug4tJ66gJ9ZgivMGzZnGkdw1p.jpg,/uhhtglfXNaTavkKtjer38qHLfVi.jpg
tt0120755,/mskE3W88cjMRrnKQye8pjmJu3O1.jpg,/24DZfupDlhXeTchmcOkoGRhP5Vg.jpg
tt0120789,/iyY0gIbCp2QISkum9v2NAof3il1.jpg,/yPmLNEl9tC9RBO5c95L2R67uxGR.jpg
tt0120804,/nlAi9cw2uLZ9hHwhzCMOG6TZMHc.jpg,/l5KvxFVOru3Qyf3dl2asNw5g1MD.jpg
tt0120812,/wQjBF386gMhiaQucVWwQYdtJ22s.jpg,/9FrpAtF87VKblKkDEiIZzYgO40K.jpg
tt0120815,/dcKfD8xWf8XnS3tHVp7v331wdNT.jpg,/bdD39MpSVhKjxarTxLSfX6baoMP.jpg
tt0120855,/1Gk8iihu4Q4BGh2n1IwNLB3zM8E.jpg,/a0E1mbejev56Ii51hCnYUDj4tZS.jpg
tt0120863,/234oXaXKIcyXpWMMFISsZ94tas9.jpg,/hsDyfAk2ml82IrpPC4AHvxvuTsn.jpg
tt0120868,/wsVBpaeOpd4wfDYMQid1prYgFUD.jpg,/cKLsNFf88VQrJDT4NJu7HN8Bsi8.jpg
tt0120891,/ouXYnBoBKZO8tiZrj2qK1c5308O.jpg,/tbzWgnaqhFwN5mCIiwbgN5oiw0V.jpg
tt0120903,/aF170xLGytZcC0xeSlSamImgIi4.jpg,/3QUVzbcNyfGe3ocWkYAT8emK8Co.jpg
tt0120912,/zX1Hi0j7Yn4jv2eDHyIMlHP8lDb.jpg,/o1l6OCqA3pYDZHIc5L1s7CEzCMv.jpg
tt0120915,/4rjatbWmGGmu0DZs6WNpXaUWqWN.jpg,/3TeGmKJfkik1D1rIoqGb1aR4k9c.jpg
tt0121164,/3ALM0VeZjGUryAqWo6pqohzbLDh.jpg,/v23fWgJUEt8EMmvn19btIacxP8E.jpg
tt0121220,/ogH4r9HsimigseBNLzHn4uVNOxh.jpg,/ydf1CeiBLfdxiyNTpskM0802TKl.jpg
tt0121765,/pwwBIUqVSWrCBuUAvbaNdf7VajF.jpg,/cxvr2IOTwHcQa3EqMoQ8RHCkqBG.jpg
tt0121766,/5dj0ERxM8NxoiWBdlY6TT9PJmKi.jpg,/5vDuLrjJXFS9PTF7Q1xzobmYKR9.jpg
tt0121955,/w9Kz3tZsEn95F8WHh6ydFXaQIFO.jpg,/3UviYOlhn8EgXMBuiT6MnUuo1w9.jpg
tt0122718,/kwIYYxrT9zZ5Uh67ugFX2IyklKg.jpg,/gdQk5g4TC95957Xs4xGbcOBnG56.jpg
tt0123755,/ngM6WtSC1bzcST3QzbCiDYsxo7E.jpg,/3TimUBrXMVblpnTsyg4HssGVbBv.jpg
tt0125659,/wzfbGuRYlE0bB0WdzrCnxFSWwWo.jpg,/k6xQZq2jkA7xRpvyy2kLWprFwIN.jpg
tt0125664,/n87yAedIOaGLj1heKh72iIKgbCc.jpg,/c6jFpztvihsXraV51up2nxXfm5t.jpg
tt0126029,/jTQONM7jt1yv2lL972TtmWO0UIZ.jpg,/w0eKUOEog2ImtktCHAMUZws8qif.jpg
tt0126170,/pXuTAVczw33OQlfOwp7s7t5HO6A.jpg,/PJSgscE4Es0TXmgIqp3X6ey8Ux.jpg
tt0127354,/EJrUlzZ7kTrCP3czxqtb5dfS5i.jpg,/sqb6J9GohKpqoeTLsG0pgP7AXg7.jpg
tt0128445,/hSJ6swahAuZ8wM96lHDTwQPXUvZ.jpg,/asC4h9U7pD72bkYcqzgTB7VJYLy.jpg
tt0129167,/voPAzJFyopCnLEwaBWpoX8uDvGI.jpg,/ni5cXCrrGzoiIEoIwOzGiIwMZlH.jpg
tt0129387,/dSOfZ9Ni0Nd7dAXR2CT2JI4ljsl.jpg,/egJQ3nIon5fT8wyXcKRHzvmtZpD.jpg
tt0130827,/ke7jgNx9bgQZrjNOdkJEjWxIvpw.jpg,/wRcm3iwi4BeMN59U4fjO7u3dOVI.jpg
tt0131409,/weHsxRcrCpiaoYQPEVVwhfArgJX.jpg,/3nqjJeI5XVxWayIgoYzrDUCdBZA.jpg
tt0133093,/tpW2X2DvxtTHJ61iJ7zNYYrJihs.jpg,/lrtSb1skJayPydZk0OSMAKjBOVe.jpg
tt0133152,/rRvUkYCByrlVMy4GMME3iDAe6er.jpg,/1N0MYYFvYwpM5fi3mjw4150ReoR.jpg
tt0133363,/c2MSWUxtRxGyJhAzAkaDADYJT5h.jpg,/yGcfhstNqWEv31kRvwSVFw2JsBX.jpg
tt0133751,/60Jge3rxgiqzpehuGcuITJveO44.jpg,/oJRlYxfG10h4sxk2A7fpeOZnaFi.jpg
tt0134119,/idVOOIQGbf22TF58amdYvHBL9Ua.jpg,/51UDa3IuGyiKGe2MgMcLGvJE2Fm.jpg
tt0134402,/fdll4h8DHM4W1AXDh44WlfvY1rC.jpg,/f8zh7tSRsp4h3tGaD6ZRRWANXSX.jpg
tt0137523,/sgTAWJFaB2kBvdQxRGabYFiQqEK.jpg,/c6OLXfKAk5BKeR6broC8pYiCquX.jpg
tt0139500,/9ZBwHKPnqSUCRi6QyNXInRzEDMc.jpg,/a56yntKq9u00uzin9EuNyQ1ym5A.jpg
tt0139654,/nagh5PjkfBnDf5SKXyHupWu4yod.jpg,/nuO8o9ltxhI7AZQxePavEZ4TyHa.jpg
tt0140352,/jhLDPSGn98zaN53Ww00xnEi6uza.jpg,/2GIr0LArTvO33HQVPEdp49FLdNV.jpg
tt0140888,/8eViBbWLYqIqbxqHP96gTfpPQFQ.jpg,/lrLIy9OFRQg4VkhrCyolfNXJEUH.jpg
tt0141842,/p7XPjx5jTFl32TGbbIW8exdY8QW.jpg,/lNpkvX2s8LGB0mjGODMT4o6Up7j.jpg
tt0144084,/ySPCri7VfAjbLLkMKs7Zjn6Njco.jpg,/5oaMV2q0qzxkIW2ukU3lldLu5q2.jpg
tt0145487,/bCDaKZLRkrVVtPNyHxUfKvepW1N.jpg,/zQ8AxTPiCiS5nnwXpwTBPBHSaa5.jpg
tt0145660,/6QyOlwOMojFcdaLBSqSGhpQETfG.jpg,/xI1tAzzUk2v9nON6DLAHzcOLK42.jpg
tt0146316,/gIv9ur6A76vOcAmC6fZ3MsoLji4.jpg,/bL41GVWvp4YJDJ50PDcxaN4cds9.jpg
tt0146468,/8ok6tJJ3snPIPIaRCzdH1aKM2Bu.jpg,/l1xnDBtuJYS4qxnBCzcpsYa6fbM.jpg
tt0146882,/f552Ndo0SLbNdJvs5x2bS1mmyvm.jpg,/tmP4COlAaowO0FniW30aatOcmMq.jpg
tt0147612,/rYfUcEV88Z3gENrfYTE6i8yBkDr.jpg,/3AE92av4pGYx9NKKss7x5zEgEOS.jpg
tt0149460,/sqQGouRucsrFV2FgIZEKKkP5fSb.jpg,/4xKG4S1IyLIglHbCYGJDsptgQNh.jpg
tt0151572,/rcADIJ08E0m95gI1BZGN7ZjJqxg.jpg,/hNyPB1vdp3FKRzdIIs6qJUJg9Ht.jpg
tt0154420,/ibWzFsS6Z7cTEKJIE738URYS4Mo.jpg,/yCtgdv7TfgZLHj6R9IQKD5TjljP.jpg
tt0154506,/7EpzeTKziFdjMYMtcqtu9QYmSLu.jpg,/yf5I5VHllK4h5VdbxHfQ40RBTe8.jpg
tt0156587,/sEuH3JxUaDz9BrTvLTceQAJuLeW.jpg,/Anxhh4DeakufTyCdjpuVGF08Gpq.jpg
tt0157122,/jQ6hh5edIj2YVIG1YrhDvIuNvSj.jpg,/haTYiJ6APNaUtVtekPRFmlPJ9KT.jpg
tt0157246,/aEaYdyHcpHN3fIXHhXHtXOs8Rtk.jpg,/pIPMPMEZErCxTvQG9HDt4AsnAfn.jpg
tt0158371,/6pbceGly6L3R8WZy4cjYxy2AUuo.jpg,/8D4in0vUmyzjMQHcIdQ8wyEmUca.jpg
tt0158552,/4JRJGWdp8ZzjUPKrge7U5c1aGeu.jpg,/ueZFcwAUvkjyAB9beaiqJyg0M8H.jpg
tt0159206,/jVmKVsPIq13ZajQEKARqgAFaVGo.jpg,/jvHw1zF20kYA9gbF2VprXD6uJpq.jpg
tt0162065,/y5COQHIM38bQETJK2m76jHItWwm.jpg,/38g8BjnbRpxdTER5guYi6ANWsjk.jpg
tt0162222,/BlxcYMoHMXsgf3sXcHAjLOuQ1y.jpg,/oCFVYPXI4IfhtF3GapU2jkDicDI.jpg
tt0162661,/sEsDyXI4LTjS0RmlUehHUGI7Xny.jpg,/m8t7K3LcAY7bpyQ7iQ5kGsrcjnh.jpg
tt0163025,/5GM4Nqc79PFE3IOqNKwmOxAWkX1.jpg,/8v8x4vVbRgrsdU3M4drnD7HQbfe.jpg
tt0163651,/sMG6u3qypPpru6GNV05WC3DdtfB.jpg,/cvH1gNIMRITdLzoWv1HNAbRyH3n.jpg
tt0163978,/w6KtlEcZDPwpg4gC5cMhchC8FC6.jpg,/f7sQHmdZdPHaRVt3428XmdoZ8Hs.jpg
tt0165581,/e718w2IAG0Svh80AHop44NFvNka.jpg,/xF4zSVyrOBO60Lwu2wDN0dBjEgk.jpg
tt0165598,/jvJWDEua3tKWY4M87PHDpdAFtfS.jpg,/rf2uHKzPniVL5LvSVxg5ACxv4cS.jpg
tt0165798,/SU8dMEWivBDG7s3LJ7085DQpbN.jpg,/9oRbHgbJf1Zr2fct8jBIKadpKya.jpg
tt0166896,/qakfW6Mt0iJ4HziS5OOuLTfOihJ.jpg,/1S81PpyGwS8eVx4W75uSKzMw4B0.jpg
tt0166924,/kLpwkbimTwTbsYixCO3eAdNCQJ8.jpg,/g9ClaS5EqU0Hk8WIbMNhld0Bk6f.jpg
tt0167190,/5PWLsq6g52HqBMVJPVj64Q77p1L.jpg,/avwEj8wiywFH6FZ6h2wzvyJpiH7.jpg
tt0167260,/mWuFbQrXyLk2kMBKF9TUPtDwuPx.jpg,/ctiw6FZK4N36LmkjSklWEbuvlq9.jpg
tt0167261,/up6gIHZlfEQZkHIfQwcOOaGOzOt.jpg,/6G73mNyooWAEQTpckPSnFxFoNmc.jpg
tt0167404,/pvjph7FouToPBY3PhTvTyOYoJDX.jpg,/6TjllWT3cGrPFyqDXurVZ3L8bBi.jpg
tt0168366,/w57GROjoeTJktLIlINOMYjMJmnZ.jpg,/yYpQV25I7XB6S0POJOScPjxYWV5.jpg
tt0168629,/DibSnXZBioqf8NngFlrAlmzVs.jpg,/vxvzf0cGtFY2Vpw5ULWumCIW6Ri.jpg
tt0169102,/amNTdE8hEQS8lzGA23j2mZfmZyH.jpg,/76VwduxQMkVXOUktps85dE0lLeP.jpg
tt0169547,/wdXHzwh4DCifigYD50YEYM6CJS3.jpg,/2ndw55F40IkALzWyjCCza3M6nqM.jpg
tt0171804,/saekU3mfBlIiFI6BhPShwT6DhJD.jpg,/yV1s91RyHJIMIJ7KeyHsWJ0ayUv.jpg
tt0172156,/qyHDZB87UQF9cu6uuQzhhaKGvuo.jpg,/gxSVZCUlDd8upT1G2wdrUdz2hxG.jpg
tt0172495,/90QFOG5zSN4cbrIVs4DL4ePAuA5.jpg,/Ar7QuJ7sJEiC0oP3I8fKBKIQD9u.jpg
tt0174856,/jicMNPt7YnL6K8nDHeK3TqhmHIU.jpg,/ffAL7ZiUnCay51SeHFTrTEUpUkO.jpg
tt0175058,/nGVE5Npcj41KuQW2NUCdHseop8I.jpg,/gnK2nptRXra4RnKgGqAWFSqP5aG.jpg
tt0175142,/fHWR3YplPQWciYzxEity2kyDoDn.jpg,/m5dA4JZsj78EBTa2D6imWOAebwB.jpg
tt0175880,/wzy5ssxNL5OlPjITaY1OeOeeFyR.jpg,/mFfyE5DPFDqoes4HIcElHc2a15y.jpg
tt0176415,/4XAUooPoWwe1Obcnu40sf900fdj.jpg,/21ZJvlxIv49YO6tz0gnVvQiar06.jpg
tt0177858,/AgCVlsPvWP3FeYXDcMoTCe4al3X.jpg,/rLbsOTimvSBqaf7Utlmh8GqqZBA.jpg
tt0180093,/2B5brHMhaHN1d9KmdeZI6RlU3aE.jpg,/fAGYRJCujRBMw7TCuTp893eSG8e.jpg
tt0180734,/lpe5eazfSur86SJQul7eQQmUYJ3.jpg,/oONWvm6kBDVXakj8aELlTohpkUT.jpg
tt0181689,/q5qipy536mgsejg6AWPP9lmkGkG.jpg,/PrMb3oeEluauy0q9ZO5xL33A6C.jpg
tt0181852,/ugVNhnnH3DKUZZ3JtzRkViIh4L9.jpg,/voVkSwgFYv9GOpRNfUAwj6qYRTL.jpg
tt0181865,/wcVdkwQbygfSIqOi2ec8jlq7x08.jpg,/nkMgY1XFLWr91najzfvwie8LyYF.jpg
tt0182576,/oalgdH3vglKvg1SB4OaMyoJ29sx.jpg,/l7wShoIdIUwaDIbsHno9pO5MZXT.jpg
tt0183505,/9Jx2FzdKUYqF3BojG65xjqIG9aj.jpg,/8qLen3NLCVSu1I9aqGWbTUIoBLQ.jpg
tt0183649,/5NfIQnpdimdr6uXkB46YQUJnjLZ.jpg,/iYOEONglnxIsykyOGfzyc01fyg4.jpg
tt0185125,/evvT3HUwoQYoPQXWFO10R6AvhxG.jpg,/tilClWjFZeUTGJu0pxgF72fvUmN.jpg
tt0185906,/kq9KiusAWPPITQrGovbgdhD9R1R.jpg,/2yDV0xLyqW88dn5qE7YCRnoYmfy.jpg
tt0187078,/48a89gSBAu52u6VpcAdRyV5sNJI.jpg,/bAi93pqJpkGLEr5HieCZhMoE0VG.jpg
tt0187664,/igZWEYUohDxlLodq8RkeJa7jBna.jpg,/q187vcRKB9WCOQyjo9Cl4No9cea.jpg
tt0187738,/4upKg9wQ6P86CjSlqI7wQ3ZM3Dz.jpg,/86b0NGY1i0bt3ckhkcHxiCSMxk1.jpg
tt0188030,/cKnzNCvKrgRpREHTuj2JODg21ZE.jpg,/aFvLUBVkOsrooUnikodoHEiQfco.jpg
tt0190332,/cNHT7JrAzPMMSVmI9XBZpYkeocr.jpg,/nSm9cij9VRrGDoZoS16CPnX0FqK.jpg
tt0190798,/1ovtyHHDjyCXtf46w2Yv3yPeUDY.jpg,/hzV7oyPLy4JlESd7IWvD9AkgxlF.jpg
tt0193676,/tPqV63zcW6ZV0Hd48DMGb5UzQIG.jpg,/1lOGkpGa9SjZ2uP1PxfxDkSXRNs.jpg
tt0195714,/6F3MEcGHeMAMxledi7vQfqkZRkc.jpg,/7isarjYDEKZ5t1CgcvbuqEUby8P.jpg
tt0196069,/7vwj49wPt73rdFmWoa16VqhC3Tg.jpg,/2JbJDI5FV5IP0GiFKtAIaILg270.jpg
tt0196229,/pOtJyjyCjhOcfBnQG8vIZ6Q2y2A.jpg,/lIyyiBOuyokL82rPEDcZaMKleA3.jpg
tt0198781,/g3SgHEb5ej2MioGfYLrZVshF909.jpg,/sDTnMOJ3H5wI38OxObmCtK7wfd5.jpg
tt0199683,/eEHIrhKDqDmxW2UE1057gtmuyjn.jpg,/maxp4hu52uhfNuJmumD5NpZyrRo.jpg
tt0200276,/l9Nu2p9kg9xdEqxvrMpv483EFoH.jpg,/67nEeu5DGCflZUFRiNNySISEtV9.jpg
tt0203009,/hE7ovWkqKzPmgrXZhLRIA20Hx6F.jpg,/vvcLSgiviCIU0J0UcwLqWdU8Iup.jpg
tt0203019,/bnsEO5HeS5AgS8OWIZ8BYGHyKNQ.jpg,/laNHiehbOHYM3y9FVFfqmLuX8X5.jpg
tt0203166,/97Bqik6FPjS68ZfZYvYSNPbTNbA.jpg,/hPW7ZWQ0gYCi3tixBWPlw6eB5Mv.jpg
tt0203259,/kvo558UKEhp8v3JoRGCSIx3Xxab.jpg,/obtdxPgmfykYwVnvuYXC5f2xKlQ.jpg
tt0204700,/30rGel8D22qKRvTdoO5AH1IQbcQ.jpg,/urnjWgyzMA6vz7irUqzfNqgqdMU.jpg
tt0206117,/13vPWBJa085mAeVK8uyMAkBk30c.jpg,/lzZ4irPngEyitq3DEJ4rcogGx2A.jpg
tt0206512,/7nCFpzcQ6pQttxCdvcKfjHkY9bE.jpg,/pv8zQ2MKIZA67VmOfTNktJLmHa5.jpg
tt0206634,/jxVLES5eTLuJgeYs0ywCLZbbQW1.jpg,/www52jvhbB0ppe9s0zxbf9EYox.jpg
tt0208003,/q5lXyHlqli0cJF2HYK84Qm6BkF6.jpg,/wAmg1DdrJgHYE4I3K2IVv1S5orO.jpg
tt0208092,/ziWecvSRGjqeNKPx3kMqlYwssDo.jpg,/gTghF8ardwJ48XLHkiapWk3ZmSo.jpg
tt0208990,/hudxnoYfL7lIbVOPkyBaRbrVQsn.jpg,/fA7ptJVPbph8cZLVc1yaZIsTULk.jpg
tt0209144,/fKTPH2WvH8nHTXeBYBVhawtRqtR.jpg,/7Wev9JMo6R5XAfz2KDvXb7oPMmy.jpg
tt0209933,/7aVQFvGkLnpA71mYoDkVkzSzBZM.jpg,/1C84Yg3F2CgGJlOilvXBP8OZCMB.jpg
tt0211915,/mYvUib00miJWxWkiXhy3QnrCj96.jpg,/6n53UI4mX9QMfe2S0Pgt8mGebY1.jpg
tt0212338,/bRMTF8DS5UlWTQk7eEHR3W44Ga1.jpg,/qcVrlyPFlPgCsmzorvELvpJN9Be.jpg
tt0212671,/fiHv0SXSdW3SqnviTHn8dVVPnOh.jpg,/si3OheCrSpEyK2JUtZOThsZPUR4.jpg
tt0212712,/93i0MALIu2r1IxTOp4gLsWmgWrC.jpg,/h3JAMIeywbzobkhu2rt3mQAwRR1.jpg
tt0212720,/5WeNxarV4DNRnuBvUmj5CuwIMbJ.jpg,/n7p6UTAZtkeoHkwCO42BEQaMFJY.jpg
tt0212985,/v5wAZwRqpGWmyAaaJ8BBHYuNXnj.jpg,/3Nb9AQaq3elLNCUBxG8VprmqfhZ.jpg
tt0213149,/ftkKVbk4sQEcekuaGJvpvXcNs32.jpg,/zv1xOEQzebKyku349qDZ085FZlO.jpg
tt0213338,/hbLDwYri1pyiEIMpICgftu7s8NE.jpg,/A4PHx94G7mvM3b8vsDJ5HEaQ6uv.jpg
tt0215750,/kuZOlBI4zvPqnT5ZoREzatvs608.jpg,/pnEMDuaZeDXUQPPhhGTo9QMfMeA.jpg
tt0216651,/uEt3l1c3KvT5jPkwntKN3PFYkTV.jpg,/lwkwVTNdNeG0a1FT06wr1Ylm1OV.jpg
tt0216787,/wXrYHBuIO9DN1x9hC0HsT6D0jpL.jpg,/tcsHNAMeZubqcAEbCQHd41WvEOA.jpg
tt0217505,/gB7aaHAT1yEj49beaII6pudpode.jpg,/p8yXQse3IDZiwEjWRHda3EzDQjA.jpg
tt0220880,/6GgsPD43JYdQT1IdwByItdIrr5f.jpg,/dugFpakDXxjDjEUloukNqAx3cjK.jpg
tt0221027,/mKchBmaj69q1hTDWOpXLxZ26cVw.jpg,/b5GNqEW951qS1sJKmWUQD1uI7UU.jpg
tt0222851,/2WrkJWFgV6S2wjY8LzwiC4u3mER.jpg,/cL1VX6WllejQQhGTUGGWHW25yor.jpg
tt0227984,/10xIlOicnDGjh2WFNKwI4h6MsJ0.jpg,/lTn6AUlpKn70quBaANug12n07xj.jpg
tt0228687,/i2tHooKzDBjHLvHeiUjuqDMf6e4.jpg,/4iThHj4wK5A5Rfbe66y3KpyhD3Z.jpg
tt0230011,/uR7AKWMDTwyAub5r4QoPPiJImvx.jpg,/4eTiLRTYwAVQyQAjuFuf3BXAony.jpg
tt0230600,/u03kblxsv3zar3Uqt6sRfICU9L6.jpg,/rbBe9WQ1OqCxzgwskOTnaY6JdUA.jpg
tt0232500,/mrdf1KTSZxsPzqrrHSSCUV3CoU8.jpg,/jY9ef5nqY4xIIMu3yzW3qamUCoi.jpg
tt0233841,/gFNrqRJiYTjAfcMMdc4lLlI4aSy.jpg,/aUYNgSfDbDALyYHMmsyIBbtLsLU.jpg
tt0234215,/7IZk3Xp3HIpRJGXFYNvzmyRwDlt.jpg,/ihOJcrorpDQtHTzIOrobbOhpJsj.jpg
tt0234837,/sutp9btdIY0Bcp5d61m8yEu2ElZ.jpg,/jKvRdqQRuAzdT5fx4lVUDFumyRH.jpg
tt0234988,/3WBoL2upB5PlopSqd13ffN0a0zl.jpg,/5m2HJSI5mmb1I3miHhf8h9Xiq2r.jpg
tt0235918,/dEMhp3WLscZj7bGTKnJIEMLdk2Y.jpg,/rMKFsYeK3LPJGk9xqUHhGdqA4aB.jpg
tt0237123,/cfHQwmPUrCbm6XAPnuuBAVZpC94.jpg,/uYwXRytQ99XQKq31JFGqrnlIyhh.jpg
tt0238784,/xcszRCNHd4Gq0AwhcSDSEmktq5w.jpg,/8U2ndZrneigI2zkvGuTJtt1ZsxK.jpg
tt0238891,/dsIo3vIcsaGqaryNAUcYNwPVXQp.jpg,/lkdP7XOj3OnbeyVP79Rbxckkz5R.jpg
tt0240200,/lsXiZZQDYdAVLOBiiRxe1fotCoq.jpg,/fensSW5qw8nSYg6qmO6Dm6xEIr7.jpg
tt0240419,/emQIM4vtDbt25tVzdS16w2Gzjbk.jpg,/7IpUXbKHWA1Xt4jCwnP3A2YFPC3.jpg
tt0240772,/rDWIeM3bOOxh0uP9wd9baGOtx2p.jpg,/ncoqdHs1poUaBqyKic9YI8ai7MP.jpg
tt0242545,/kJnVff7qqEWeRZbILeZLW6fsn62.jpg,/ro2eS8pFl14BcDTOn3Q4YHDOyn6.jpg
tt0242653,/zi1UMF9jIM2JnQz0u2AyUw8QFZi.jpg,/533xAMhhVyjTy8hwMUFEt5TuDfR.jpg
tt0242994,/cibH23kxwpKeZmUKinPthlbNvsC.jpg,/xQv1lUPeqFEaQHmsAlys6YXbsWk.jpg
tt0243017,/2MRM4PL6H7yraAkwyUEe2EqoQH3.jpg,/56MLZww2dMVAaTt5LDKCBu1do2X.jpg
tt0243133,/60GzoSrfNHm2V14pI8ENj3ICICD.jpg,/xwjVHxKKk2hb6CJX46U4Cv0Zq0a.jpg
tt0243794,/i51PMyfiomYL9dw9zcHc3Z7BpjZ.jpg,/7mWd9OJVmQqJRAwSXPpE6kKkusP.jpg
tt0244316,/mlgapXNnBuApMzBc2jVKZQvuFMY.jpg,/x903dx8Km6XNLFEmvbXc98vePSV.jpg
tt0244365,/tsbBTABtNgu0ycsFpnIhiQ5woOM.jpg,/gH5HQbMsSfPc0R41JYTefjB7klZ.jpg
tt0245429,/2RcxjDykOssx4SfqshewyI9vfSl.jpg,/6oaL4DP75yABrd5EbC4H2zq5ghc.jpg
tt0245712,/bVK4CPluBY9LFkzCAwhG5Fs04HE.jpg,/iTkxwBriD9YKg4Q35qWEIlLXd6e.jpg
tt0245844,/1Q5stQBuy1oFkEVjOwXYumpHFSB.jpg,/AmN8ozRE0AbMGgZhqBu4fUjZkRt.jpg
tt0246135,/9P2oLzm3XlrBmzcSPJ1wKrD5kS6.jpg,/gZET2df3Ietn2kYEBZ9X5cVPKxi.jpg
tt0246578,/1YjDHBC4v2O7IQDKYAiM8fOxzf3.jpg,/msCHK5Kh1YbdZ0zPJ2nzPUhhSN9.jpg
tt0247082,/i5hmoRjHNWady4AtAGICTUXknKH.jpg,/cvlLBcQWpO9X21jDHhgPJnE2aVq.jpg
tt0247586,/v8l85vxFe9J1uEvK9qyIMBlYJNv.jpg,/e4tZvefBtA6P1T0vAPfeXG4Bj3r.jpg
tt0247638,/s4DYhsEnziYlJy91bbxv1ZhTJFG.jpg,/ktPixrzD9Rbet7Co4uUWxyR9191.jpg
tt0247745,/kDGkofYyMGDTEc8zNV87Z8QGcJq.jpg,/syJIWYB1L14wdIiiH9Q7pft4ga5.jpg
tt0248654,/Al4RjjnnTNyLEn5idIxl2zfqYV5.jpg,/5NOQNDMVXe8t5wIuY6r6b6iUXcc.jpg
tt0248845,/jafIFAW8sHQkzWPGoMDR4892dFI.jpg,/uY5EB9VIX8lT03MdYcR9DzlhEGM.jpg
tt0249241,/vTKu9wMom1uNXpQqeB4Ba3sM0R7.jpg,/pyCUjcPHZrMY125lWpWAxEexe7C.jpg
tt0249462,/lN6JppeFXbPFXFREickSSeHOjCz.jpg,/urzflyf41uySpgciGHdQzpcaMOY.jpg
tt0250258,/pZhG6svbtn3VkSFww8fX7ZIKiBf.jpg,/6LrSj1vsYALVLTf2RCCfJFWimM7.jpg
tt0250687,/u2Xb3qdOIo8A7DLwFCrYbum8824.jpg,/vian6RN3bC4QdBQzY1wTmBkhxVQ.jpg
tt0251127,/1KUOI02BeSZXeSPEhUMV5aRI94L.jpg,/cdYj6HFpKp5NTmLiHHbNEGSmDT4.jpg
tt0252866,/1EGEt2tDnfzta5eCS5EEofOibqX.jpg,/as3gvp4DIXVRlXsj5x7OWPQI5lI.jpg
tt0253474,/mxfLOWnHnSlbdraKfzRn5mqoqk7.jpg,/c0fB9xk7D1aVb3Bg2rk2SVJcGn.jpg
tt0253556,/v9GdtnYIdYtJwn8LMqx0fpcRAPO.jpg,/gAozjuCvXYyrxhpkb0P4SuLnEkV.jpg
tt0254235,/opLzBKoGIxfGEpZXsBxRtiWqyrU.jpg,/e3AJkOwJoeIyD8MoWlXbuv4JQDB.jpg
tt0254686,/pR7lOkoI5XRan0NDqMpuw5eRkx2.jpg,/tEhvOU8nJp4v9goYwrJTASJJD3C.jpg
tt0255094,/5Fd3x6jkgjSYWhXOTyy2t9GXFFa.jpg,/guzBItSjW1nPktU9LB8SAARGEzA.jpg
tt0256380,/i7awvnVlQKGsTmc3XaV2ucfAnUn.jpg,/7QkEgz9pEnS9AYzQmu465LMSwh0.jpg
tt0256524,/25qQAAhwvTR7nZgnjylapYuRX1s.jpg,/vq4vYFV0TWCCovAFLcdZLCo4Qud.jpg
tt0257044,/vnYLI3BFyaHX6XHSbE6mlcK4vbR.jpg,/cDDyZ2qtBzNAepdTbgxKfFcxREl.jpg
tt0257106,/r4qTydYjntbb5TfZKV229NpSaCt.jpg,/cjSB3ZjaMpaa9oHFyeYha3KG0mp.jpg
tt0257231,/fVEob5rfe855VhJfuP8F1awHYnc.jpg,/nh8SmeNsG96fY7Wrg2xi899NesA.jpg
tt0258000,/a4RVuYE53xDV8zlppZMVP2Z27gp.jpg,/gJfd2SzUsvY1q1iszthJ3ryuvEA.jpg
tt0258463,/yYH7sqMQ1NJNd6scW44D1WjBmAw.jpg,/kJaRWmy1BGq3pHyE94LOTteiHer.jpg
tt0259072,/tJq4bmw7odHS1YnoU9ARikTdMVT.jpg,/glBc1m1X5sEzdqk6xmx4tc4ukYD.jpg
tt0259324,/5GHGotbrKQOj1z39hmOUHh8pYjP.jpg,/zbV32WKHFuEYLXLTpr0rmVjQn11.jpg
tt0260688,/5y7UwZnOKXQ7iHKnaoI05POhyDk.jpg,/9JLub8iSdrUiNOIoJbCx7ZJlHp6.jpg
tt0260991,/6pZw6KFwrADsS4HYfJe8AHMwpQh.jpg,/z7w6ACQJTeGYASr1plSwfRe6Ytk.jpg
tt0261983,/FQxPGP7BKt3bMTVkFGeHmZvi3Z.jpg,/q00YpCIaO4ke4qstYnds9PtAz3t.jpg
tt0262150,/ujH4SBJ9qbsAYWPhklWKFz83ig8.jpg,/wlQDUQF7LjCD3WA2OjGNoMnIx7M.jpg
tt0262240,/tDaxB5juEGwXD7oZwh8IXsnisar.jpg,/68Qic4gQ6YGoQdDyYxEhufJCunI.jpg
tt0262396,/m6XxaRLltWox4C9pykjUILrlGp9.jpg,/upRYxyYrwL9WRGI2BmDrgL3O2tz.jpg
tt0264235,/pjRRB1NCFJzCb0euvpia4rKDov1.jpg,/u98PeujOJCXCowph9mxRzo9Nw1s.jpg
tt0264464,/WboEhiMlCsy4l2u2BweerHCLFa.jpg,/ggC3Brchf4RqPitEh7cROFoeAWn.jpg
tt0264616,/bVe4Y0lrGjW6VqZDW44f3c80S0u.jpg,/2NI8J2dktpprOfXb65hsNQ5TNt6.jpg
tt0265086,/5chWdaHyaHWd5KaVxK94lbTDCdC.jpg,/7jaNOECZG8uS1tlq69HsY5xY8P9.jpg
tt0265087,/bQ2kbMejOrydOyCcs9cacMjLA4M.jpg,/udgq4FDqsRgJIACUrWlk1BRtUhf.jpg
tt0266308,/e9UQGoX2ZFNdrjLwEejMSMDSxmR.jpg,/gtYmm8HeM6CneomZ98flixAGsBe.jpg
tt0266543,/jPhak722pNGxQIXSEfeWIUqBrO5.jpg,/eCynaAOgYYiw5yN5lBwz3IxqvaW.jpg
tt0266697,/lfj709InbmljVqAXgUk2qjnujNN.jpg,/iffzIhuLAO38Po6sh1s6ZEVwlNL.jpg
tt0267913,/vX6NAkWHicHDgGYa192Kt47dPWI.jpg,/1RAxtBxslR4OZCZC1vxIRUxjR7a.jpg
tt0268126,/d4DUAAHul6TKHRkXnj59Cy1WYnp.jpg,/mkjdussWOjts0Se6hEwfTQdwCv2.jpg
tt0268380,/yzz9kZPeNtJLd3LxgbO6fBxNxez.jpg,/8pwIhymsxfAVjrAE7syDjQULn37.jpg
tt0268978,/6zyZ6cauEgSbfii9I7gOvGNyPGv.jpg,/hCJFWTPghXCwwSpvPpAoIB8318Q.jpg
tt0271367,/ehzOaaLPMQXWHNgTke5TVR3Xe8A.jpg,/hOVtpgal5wWHP8vDczrEzZXkOEV.jpg
tt0271668,/kSUI6xl9mHLRGxRgmJTJ4WbftID.jpg,/bflP0bP1tx46zBNbq9Ba20sMWi7.jpg
tt0272152,/uchRlybLwH5VoN0JDccB6LAtRLN.jpg,/v8xav2JYqqn3O14s0PR4UgWBz95.jpg
tt0272207,/brUEvDF6P8B1ek4EhA72LQzNNfU.jpg,/lu1eTRsyZztMmfR5Q30k2jFPMri.jpg
tt0273517,/eJvN8xqr1znl1fPNgmFMvzVLS4k.jpg,/dO9VVu7Z2EqqgGnij7UubQfLGzA.jpg
tt0274309,/qypP64i3zjplHGod8wfYc1N9Rkc.jpg,/ucRD8UUr5tllltg3ZTWoXOyPXyJ.jpg
tt0274558,/jq5fYgl8C0IEaMaagH6ct7heJrU.jpg,/3oHFSEr4TRnsyTxWGrmY8Xi2FrR.jpg
tt0275137,/caIAQIoM9NLZofT8fz8t47W1gYe.jpg,/cR5vNlDF55vkgvj6y8aiMaiyD10.jpg
tt0275277,/rQXAoHhSV0j7uSXODEaowR7QEkr.jpg,/19EKawKy1Z7nUJMhQE28XBL6Guc.jpg
tt0276919,/fvWcHU44Kn7L1Ve64ye2WQWA2tf.jpg,/r3xsFBD1VTUusk393bBc7SsDUJe.jpg
tt0277027,/3ZsLmeHD8RwyZcwhhKDMjnO0CW5.jpg,/nMW4zQvosS3qUvML5kbjMvgETd1.jpg
tt0277371,/hSnvrM0rY4sBA2s8XygP76YBDJJ.jpg,/lyf1jjoMD1Pe7KD6KKEqL4Owgeb.jpg
tt0278238,/6ic7e9zm5DmzGy4mYlIPKf1b3B4.jpg,/CrVAqxtdmvelqVcj8pVeQg7wNV.jpg
tt0278488,/tGk2so9m1SN5JSPkHsxi9oyCIfz.jpg,/lFn8azDMDXa1vEhW0DTfY7GNFDi.jpg
tt0278504,/9DZURodSAFt093lD6xWxuU55vS5.jpg,/jU8MC5uSgBkZXyZYGtZgMsMsfeN.jpg
tt0279064,/o6s7QPk7nOoXXZUcUDfbL2iy4pL.jpg,/mGTTk3v32wEk8TDkxsfMnlqSb8H.jpg
tt0279600,/mHZSq8LA5Dt48JjaOZ5tcPXQRVN.jpg,/4wVq9ICc4MI2XcssrumpCOhKLpI.jpg
tt0279977,/ifuPQAUPSzRGyTEkDRe00MYJeCN.jpg,/y95AoP4rFVhd2GwKZSy14JYXXCT.jpg
tt0280486,/dNBs879sh9cH22NUxmF4LwvlV96.jpg,/9oLrsekWm3sfEGw5HOav6roW1h7.jpg
tt0280491,/lLFalh1ctjAyeYVt3MDAdNUIz5c.jpg,/eMiRBwTf7wWyuGCrDI9yHKOoPH8.jpg
tt0280590,/8ZIQnONPyM7dS1mc7N2LSpsyiVU.jpg,/7P3VyWQTnZOYIQnk5seM0YQ9ucg.jpg
tt0280653,/iVL4FOAZOW8wj8DFAlPiecXrKXi.jpg,/dHjb0duA8MwjiMJykF7dLcEoKBm.jpg
tt0280665,/xWt4tDUkzhyK4gKIKXbe3RkPsOm.jpg,/rc0n0PItBZK4ptPNEuSRv83Noee.jpg
tt0281358,/ud1yId0IvFKBseGf4KXwmjShwsN.jpg,/uRdJx2p950EobLYuf7Oz39Wk7jd.jpg
tt0283283,/888UkmrPLxe4cKAj9T0wx2Z8JAU.jpg,/k603HQRxzlSnYAtyz9wNZndaAzg.jpg
tt0283509,/gcPyWlcuRPsudHP1zXEV8kLQ9jP.jpg,/e86j48mkpIzFSNutRGcNiltWCNt.jpg
tt0284034,/uXRnGE9cJt6sIy5yGvOxI0mtLj8.jpg,/iv5ZHMglzn8I9qn1phdP8xSoHKs.jpg
tt0284837,/zcXqLPY9KPTLzFf5SgpkyfGWjKa.jpg,/ll5ktqAG3EOlCS8bpyoC0kYSSe9.jpg
tt0285331,/iq6yrZ5LEDXf1ArCOYLq8PIUBpV.jpg,/be6mDIMv7cg8duWkcYVnTB8rphO.jpg
tt0285333,/Dl3KIxWlSEvnXogNHxdXA4pbAk.jpg,/4eufRkflTkrmmONcswo02A4S6en.jpg
tt0285403,/w7ri7byEYLdciSZOwWHj6TUAX7j.jpg,/rRKTV46DKVP8AfdCQDyQMAtJeCl.jpg
tt0285492,/gN5jiymsQW00AK7ZT2ftM7hVsWD.jpg,/zJqv6s4XCdHWrnoqfLqlGzzxSjH.jpg
tt0286106,/r4q93grfe8xO28bY6MFMOZdffoo.jpg,/rsPjEr7o02mo8ex6wD2PbRwasUe.jpg
tt0286244,/fedxSLmZ7wmUiJBCEyvXZACZpLD.jpg,/9ZIOZcYY0NLKVLg6Pwxr0GwEJyV.jpg
tt0286261,/mZ5VGXF0Z2Sa6p8rkZsoQZ0OlTo.jpg,/1AIfw3ah53rLaeC6agq4Ehu8d1G.jpg
tt0286486,/AfdZXqqlFsPUEfi6kWWWthxw7Nz.jpg,/AuQGIa3ZarPdS0bhWjQWJR0mhJj.jpg
tt0286978,/yrXHoAzLTPxdEmT55lc6lA5FVYV.jpg,/rB27kCEupLtsxqjrcIe7ggggloy.jpg
tt0287467,/7E0ZukUMnSVHvGwHVBF1iOP86RE.jpg,/rknvDtxOe1uqLX0EFWLHIQxRXcJ.jpg
tt0287978,/jH3EQ7bzb0kFLYRaMb0YNmTs8Iu.jpg,/e7jIX02GiSwsgkU5lMpeKjwq2Zc.jpg
tt0289043,/sIGsLU7hMDVKhGKsRFcFxUAtFyT.jpg,/aJFwk1clMal1prxAvKAgHxKPAf.jpg
tt0289765,/y6wmFX2hY3GS1rWpCwh5MnsMzLa.jpg,/7c65xpnYlea6VITznLLRS9cTuwS.jpg
tt0289879,/vtqJkVTvrxbk2BehGO6e6izsUBa.jpg,/75UPGUm2Zm6M60szq1gQisDF4g.jpg
tt0289992,/1TuVaT4OyBwVk7cbMrGujvNQj6m.jpg,/88wEXW9NIURi496KrIgD50dw87l.jpg
tt0290002,/4tOfHZPfRtQnmmOxSmnTCTzTZIW.jpg,/porZOny3iVvs5LK0osW1b52wWik.jpg
tt0290334,/bnZUa8bCq2uz56Jv6Clpcjtvw0V.jpg,/7TYITrR804tLITNur3b8VLCK6tw.jpg
tt0290841,/4RcB9o9QwQN0C5dfD2gascwSXUM.jpg,/fV44CKkbiKfWIcRgY7KAg5zSWin.jpg
tt0290988,/uNrEDgNw2PNkuJuYfDPfjberstf.jpg,/4RttvRiea7C5BaD1YJXpny6nGSx.jpg
tt0291172,/d0y6xgdCeLAxJzFMJktXR0AugXm.jpg,/qAo57W8YEn519sjys7FUT3seaOA.jpg
tt0291350,/zE9dDm7ImMKazPDKXiWElOqki0m.jpg,/jZW391Kknf4YiIaZ1XHyVjnJaKe.jpg
tt0291502,/xSg2X4nvxpQS26rJKRpHybcoHfQ.jpg,/bzb6BDskaYbRvXMIENcqFdgwiY0.jpg
tt0291988,/dD27iIMNImAnGlSs7OroS0lvV95.jpg,/w2QUsItk4yAo0UwW86QJxnxgs5F.jpg
tt0292506,/onoH7FmxAIerkDRAZvYwstbAn56.jpg,/bwDTWOd0SCFWfRw8ophhykOgUBS.jpg
tt0292542,/d7asQbYjP3iAICg7CRKbis0MIcf.jpg,/kPRHoq1g68O5qawcnrB1c4LeO4I.jpg
tt0292963,/JlwN2hZIdluVIVwWNrLjfeoJ7k.jpg,/ocAiyzGWhfr3PtNXxYih5s19c1h.jpg
tt0293007,/t4rJxINyuQ4ArkgTMiaSIzVuPEc.jpg,/rhrBU761a5B4w7hhpA9og3fNBCH.jpg
tt0293662,/upw5vuahj4ca3o5XYhrl5yXAyrw.jpg,/8dXR9R0NUo4eyS4hnYOsCywmo16.jpg
tt0293715,/iF9L9eMDIaKqRZ8nBl9UKnnqrzL.jpg,/13uKAt4M87HQi1lMZAwBmsNZRGg.jpg
tt0294885,/yCZFHgtIWkWxSkcQ7vUQGPUf9fu.jpg,
tt0295178,/72bSmfG2V95oQfM7C2gmtQeMwrq.jpg,/kuPpElzfYnzsCye0hF8EbJSrvwo.jpg
tt0295297,/3nvGqfZE3yrsqehpF107byUdUSq.jpg,/zuYEvft5fuzBDOeq4ClYpiu9LlO.jpg
tt0296042,/gwF9BGDVZfxvw0I1771avFu1XR8.jpg,/j3P5wkyiigZW8aeogoZoiNIZySL.jpg
tt0296572,/tOOskqjivQo5cJjtLxLWfpPVxkf.jpg,/lt3NqorBMWn786m9bzqM0OLdMS8.jpg
tt0296881,/wMRtQ3A4pOmG2dXKOxx9tTerFi6.jpg,/uYo84MtnPcECYvmNUtEBv2wUrE0.jpg
tt0296915,/bPXz8o1V8uq2JVi4pcg3Hu6Eoc9.jpg,/1xDQTI2Hl4JVfo00GI1VOcXGrd8.jpg
tt0297884,/4MpSGwWZBNv3W3lCxRAi3UM6De6.jpg,/k0HFJNOfwuWbYKon7BwCbnX8OkB.jpg
tt0298130,/4TPPSB8OAtgYo9EdFzr7tsTsLDB.jpg,/6tuNQ16hC4Qp7wjTweKzUnnLBkI.jpg
tt0298148,/knRt4E8KyfwEv0SVu9LsLvD28IQ.jpg,/8ohobj5lAIbl5XWw11FywS3IRrS.jpg
tt0298203,/bRSMRkf06aUeZcmr5Cyxuv5vk4T.jpg,/jNG7pl0DkN1nzxnbZj4MCGf2VEG.jpg
tt0298845,/cUhMjWQyyApA0pFinogCsE2wy8g.jpg,/uJHm54Z8Y6WSTSDvhqGSeKjP88v.jpg
tt0299478,/uoANTZvHzgaFxqcdRZ5qJabF1wy.jpg,/2el4qMvnUVhe1GF9iJ2m1q2aSbY.jpg
tt0299977,/8wCNKCde0kIZ4cgiUJx5t868prT.jpg,/jDz6RYN3nKYtlo7J9IMvGoJit7B.jpg
tt0300140,/mzsvyl7xXElVDanS2T5DOVKY9wx.jpg,/eCU2dxggXJjJ9lsIMp5qf5qvz98.jpg
tt0300214,/kKGUF97v8a62MtSKM0V6fqDxGTS.jpg,/aRFsgk8X8J6mRvgStvUDBIaDdlX.jpg
tt0301357,/32mQrRhkZofgMmGEHVNsTUHARWr.jpg,/uBLmfG7MyNXPXI50eMs1ZjxpbnV.jpg
tt0301978,/6qOJ6COcbJ3X8JmZI6A7VroGsn2.jpg,/dnL9JOW8kcXaLcSFxFO4RI5FegT.jpg
tt0303243,/r7WBWvRdQbhu0ENDsrGrNyglqTK.jpg,/eFEA6ftIihZnsh3lUYuuR8l8u3D.jpg
tt0303461,/vZcKsy4sGAvWMVqLluwYuoi11Kj.jpg,/te4VJNMipsFQofCkiytuyswGDlV.jpg
tt0304141,/oabaGVDN9pqLzMT6w5qMGdFawH5.jpg,/htmYEfH7TQgzsXHCnNXxmoYKQtL.jpg
tt0304711,/oYD5XYOoRyhbvUFnv7CxFDKuXeX.jpg,/7KBJf963tZBijpP6bKOJrxkowGp.jpg
tt0305357,/woxOlfat4hqW56I9eeZpPuY6H5z.jpg,/rS3QJdsCPyhhQ0mJEr8VirNmOMm.jpg
tt0305669,/dcwrCTNNuauYo02UGt7xSyAJCef.jpg,/mRaNy8rNfxOpT0LrD3FIQztmpYL.jpg
tt0306047,/7tMsPb5yEwmb4eHbXRAD6mURE5B.jpg,/nF74HKjNe7X54XMcIc7ulK5InxR.jpg
tt0306414,/v5m7os416ER2a9dTE0M017KqRmZ.jpg,/aQTtua5pG490fMfeKgtYg5B853e.jpg
tt0307901,/9rSCPAEJ35BK5YbK5Asr0JkjB5n.jpg,/mpfRchw4jh2cEBajB9EJltTnDH2.jpg
tt0308644,/ibdzSgStiFFXXnQc3WsMrNqv0wt.jpg,/ursbJ6xP9YnmtlTFKf77KPxmw7U.jpg
tt0309698,/oWZmq1dbLB2h7r0JRBTBbiWqQke.jpg,/iiPBXynI88EgnpunHoUlBCnLpSE.jpg
tt0309987,/rdddOCZTYQuR3AXIvUiDhijKNjl.jpg,/vaRCS4CCFXcWz1j9GKd6rGLsQQ2.jpg
tt0310154,/hrbdNQSs2uQrpkSiVJEfEqnuLRz.jpg,/u9OU5l8zocq48CAlkMjRbKCPy9v.jpg
tt0310775,/zrz5mJuXIhYGHBQndduUoT2JHvm.jpg,/b6elu2cz2Be9PqgX0MzggMCH4fk.jpg
tt0311072,/1Ey6fqIUptUkKxlv4ccvVTuYDUv.jpg,/hw21ZwKL39ycxQcJhopzEjN9XYs.jpg
tt0311113,/bTL9PlNlcX8kZZNLym80zpWucU4.jpg,/zMHyNxNt4zhL939XX8QLBW3gWfu.jpg
tt0311429,/y4DuzWnRkjfY84NnhL8biEgimmh.jpg,/n3VpgjdOB1DkHSUe1DbFzV8ncpJ.jpg
tt0311519,/lnFXdiqgGMO6Z8KlcXfQhevInvz.jpg,/nvzRMLQSYB1XYooexBr8Nqp5vcU.jpg
tt0312172,/3axGMbUecXXOPSeG47v2i9wK5y5.jpg,/dMY7XUfEAK0Rl8hsgc8ufEOaiZ2.jpg
tt0312841,/wmCY9P4a2GwXh14EzQ3vPttAEYA.jpg,/u4uANfkQL69QWLtvEvZS6D0pHLY.jpg
tt0313043,/pNW64pjaHvf6purNaFhq4SHYRfl.jpg,/bhG1XJ1fubbZkLnoBAxNrzzGXOg.jpg
tt0313550,/eM0SgqikzVMqAwhdelom9HKqbcT.jpg,/uJNPy1qGevGoKyfZsXU08U2ftOj.jpg
tt0313670,/p5h50WEZQ4pRFffnSULqL4cEuLp.jpg,/xpdXXd5i1IN7d4eOhqAreApobxT.jpg
tt0314331,/5WtOVkLobHRf4RADiRTkF0js7sR.jpg,/xUWf5xX0AnZgAnYXAMk03zTbsef.jpg
tt0314412,/uxm1RCFWTlROoLojSiP0HmFq8be.jpg,/kZyurQjTMLHalUxs7sHgH5XeiwO.jpg
tt0314979,/fbfJHKIdXR8pJjz8biLPyG9JOnP.jpg,/y6EakvqM6pdBX900TzQPkn4v5yF.jpg
tt0315327,/vD0EfyAo5pz4kVqa8KHCfB9dZzC.jpg,/m0eJc9CwCy5nowYQdNEaxkHHmj4.jpg
tt0315543,/1Enw6z6ul5TVXWIIyX17AJSgknM.jpg,/1pRNzOM7OQA29cVayaCheBI4vn7.jpg
tt0315733,/beMWVLE8ggT2DYNc4QUMsmcAKpG.jpg,/5SgrtPH6kBmmHao0PofxpvOYfWC.jpg
tt0316654,/tGYrkVuskQKyRZ9WRS6wPTPBJpm.jpg,/6al048Lat3eLVQOuKtc9h6Tu94d.jpg
tt0317219,/oWNiWzEG8R94dXwXbYtm5YBqmRQ.jpg,/sOLgkBKf1gjMRc4yXxM5aciXdfr.jpg
tt0317248,/zYjngc6yGUO1IEuAwk0yAhg8CKh.jpg,/uvitbjFU4JqvMwIkMWHp69bmUzG.jpg
tt0317303,/uLA4TNQxlvEiZQ729Qrsp7Lagha.jpg,/gQ9uxP1hBIJd0dw4jMTCkToQQly.jpg
tt0317705,/al1jusd4T7JPatZlj4BuYkDDOzr.jpg,/lxwzY9vNwjDgxWKt3zZ6zcU6rEJ.jpg
tt0317740,/qmS0qlJ7JJFZFqv6iTVDXyjn97r.jpg,/jPH8ROhZMLvP0owQCE1J6it7fN0.jpg
tt0317919,/w61xBgFOfP8Z6uHKIKn1sl1TI8j.jpg,/bYKeB9uUcPmvikjouEEQ86uvPw9.jpg
tt0318034,/b7qPeDecDZ9XUCXRQ6Ybml3SHl3.jpg,/lLQgQy1nX3qocg83BLTCz1911R4.jpg
tt0318403,/x2SAEOXURbKDgKfdHdZ49VhPGrB.jpg,/3eQnD9CIUerbXbgtFE1zJNvEVVo.jpg
tt0318411,/55U03JOlXI3DAa7fRWBTnQRTF8Z.jpg,/teMi2HuGuWOmBL599u7dg1xtD1Q.jpg
tt0318462,/cMns5XbELQgPRsyUaxFeDL6rGa4.jpg,/o6Ln9kTC4ZrHZNUhWLOwBfUvqXU.jpg
tt0318523,/dUbv0BuEHrDDvvoQ14OaBeBrpXu.jpg,/7jmPLMQyNv746EZED5uMSSFdny9.jpg
tt0318627,/8tNrm8TgAeSgH35rPs2WJD26Hnf.jpg,/5PJP3NaiH9ZJRzrEHLeqSY5rNxb.jpg
tt0318765,/qeguV1e28YfPKaJyqffaINjwP4k.jpg,
tt0318871,/qsxalXLXwGqjlxG6PXfVeXYIMeu.jpg,/99Y64VK0KwyRWfaW6VdpDfPKNMo.jpg
tt0319061,/m4gYCeV4GfGDw4PpMgU9kFIaNxP.jpg,/bLqUd0tBvKezDr9MEla7k34i3rp.jpg
tt0319262,/c4IUWfr4AokGlVSWNRAat0DfbgZ.jpg,/smqQ71MIn1DSdSiQzCzCOV6rgRq.jpg
tt0319769,/zQ5i3LDn25k2HhLOm3fjaXcjkux.jpg,/epTYWHgVYkDCMJnEMthaASNk1Hl.jpg
tt0320042,/raielLvbmZw1SUTOWHVNciXcDHU.jpg,/asUFlz7i668CzNhILo8YWFYKGmf.jpg
tt0320193,/pWKdRKC0QGieK5d3ju8tiQYwpKS.jpg,/zUnF9O3Wy8XVtz9GXgouA4k8Gu2.jpg
tt0320661,/pIrjgBmZYnwKvx4WoTkhyhKSHTp.jpg,/8itHQecANtOevcCdr3AhVxFCYkw.jpg
tt0320691,/6mq3OSMsmcTtoRLXiYOp8VZGOdw.jpg,/zsgdVbuEwqZbnUN9qLGEMBYf2Zo.jpg
tt0322259,/fZtSG5a6i5Ca39WQylLVmvWI5b.jpg,/90ooE5SbUEO0OVJHewNO7pgySb6.jpg
tt0322420,/cGcCDAyId17zuXSCks6uM4I755b.jpg,/oYdNnmgFybqL4z76B0tnG2XNYsY.jpg
tt0324216,/6GVnIHoUDsqf1ICQR9ovRReuNke.jpg,/xnShZK7y4lupUmXghz75HRSooW9.jpg
tt0325710,/DfwutbQodAsYxdqJu7Cme5jifC.jpg,/z354BaTVzKj7E60WLzDoSmUuO4u.jpg
tt0325980,/bVG48kmXuLaZYgPfSCmhs6EYFbX.jpg,/uRNgkJSkNBFbbn9fPsEjDIy8Sh3.jpg
tt0327056,/b6j7T4uBjXdG8FBMuDFsHttgIK2.jpg,/4ycpMe25LYpzGW42U9amyW9gM53.jpg
tt0327597,/6SToEuWU2BCI1PRnMdpnzF5FaSW.jpg,/hofnlIyF6bePkgQOpcuRWLvzf15.jpg
tt0328107,/Nsl1f7qLoe3ZGbb5kvhQQWBRx3.jpg,/6c7j7MQCczzNVvcrNEiXbs8Kt2p.jpg
tt0328828,/4BR9o06Svs7MpLr3AWGo11dmcxx.jpg,/qW703anWHFXulRTKWOckAg9i70K.jpg
tt0328832,/3vq0XC4a7C1IRqpnI2tdfkuMB7g.jpg,/7a4WHNllmX5ZGR0MfYJDPhV69eM.jpg
tt0329101,/yrLcECj5TI7AADVO33d7EG1Kk7t.jpg,/hCAOQTMRop2fHjsl8n7yNwpkMJn.jpg
tt0329330,/twVLWw7okT2s6Wnn82Hsazl5EUa.jpg,/xV6BqrX3XgKXWLpWW5TsiJKO4yo.jpg
tt0329388,/tOE6mQFNfntItpgAIpa1QqNvasG.jpg,/56uYFEyonCvjlM3lpPchy1LRruH.jpg
tt0330229,/gEI8JJPayOrdfy0AjdWQ92A90cc.jpg,/cxULojvpOWYX8AUG5eJpTYS8IbX.jpg
tt0330373,/5hrrncgY7GfRHz6JmnhPlvJUONe.jpg,/cClWTo3ftVXvV1sF8vlLuWfnlph.jpg
tt0331953,/gEMkDB5kzBal9F2QLsoMs5yvo2K.jpg,/6Mh45I2bE4uEjy19Jk45THEmLd0.jpg
tt0332280,/gFCnDKfsZWzyv9sweizVC4EWn06.jpg,/zdXnJqBaGFVtLoPNuMeKfEYUViZ.jpg
tt0332452,/mBiDQT28DnuYaJSL4nDD43ORE6p.jpg,/ZPcC5hJh21QiW0jmhMQhZeSoGu.jpg
tt0332639,/yG67qljsdR06NzwdWM9wBQ5EkyY.jpg,/svtQAvk4P9h36cMKrsxlg4v20Xn.jpg
tt0335266,/ybXq8xTs6VMx3hM4RDYMXaDZwcz.jpg,/6ITVHoipvxAS8luzKtHTbPaHLtT.jpg
tt0335345,/u9Exh1SL3zqmkA1CZF8S7V3pAti.jpg,/4840rkbpsiuow5ew155oVKcqJwj.jpg
tt0335438,/x06h1JHSKeqEiH3v5iXXdeLD93K.jpg,/k6Qnu4fTXskJwjFBEZRtTPSLHu9.jpg
tt0336693,/eFIpxjYOMLoN5BBjy4McT7rBKmr.jpg,/aQNXzRCtwO2iMcIIGrT80cmUhxr.jpg
tt0338013,/2bHEXzzccUsBNOS6rn9uvi3vAGW.jpg,/W1ffLQGHoxfAOq0ZYdPtJlvAdb.jpg
tt0338135,/pvPH9zIThqHjCQvpe0ZAzARkzZL.jpg,/7PefpVkSOiQmcdGv6TGHU8kn296.jpg
tt0338309,/zu4JcW3ccinZLZugRJlIEJiLohJ.jpg,/2EIiauBZJspEHEJQeSw7OvrFG3d.jpg
tt0338526,/fqorDWIwBBwMvLTZXxUWgrEyGWy.jpg,/d72ROyJqXQtw2OupW0l15eicRAF.jpg
tt0338564,/mysrlEo9tI97grfucr75fRwrTcf.jpg,/4Mm5l3TcKGynSNto0eyRJgBrkJ7.jpg
tt0338639,/snJhxuAN0GbfCEUjToWXiIuTElo.jpg,/tdDFYJ9YvVOjQsNmCguukuQOVVT.jpg
tt0338751,/sZNc61SsUdKWl8yNhKjqesYStre.jpg,/6KLKdhk9wZvJ6OcTzDCoxup0Kmh.jpg
tt0339707,/mr2580RRk2p4WhH8280m24PYUyv.jpg,/sv4KpGDnMXKWRZx7DIOlhH09Fg2.jpg
tt0340377,/kScGE0ktoVybZvQl6mUGVODG7yJ.jpg,/bX5UVSVDOcuFMJh2zWN6gXbKswM.jpg
tt0342735,/4eIyGROpT7bZfGRLDpuWrCSWEqh.jpg,/dbAAQhptC6FyxBJx91IQv9zRiki.jpg
tt0343660,/iuBSUp33aTqXXRokt4v2wZrsqcj.jpg,/v8lPo8UWKyP2tIXD8N64HfNP4Pw.jpg
tt0343818,/u0tUxQQxrbKX3GIfsCYeHrrYPzV.jpg,/jpFcZH2eyh6gcoxCa637TrGe4bT.jpg
tt0346491,/ff0oH0VnpszrqvBkg78zaFCUPts.jpg,/h21dxRjtR7xOhyZljtSYeTETCht.jpg
tt0347048,/wSpe6qFvtwR6usAnohmiRjKQjId.jpg,/wpHeTVD7KtfbIPh0dIBXzzb985E.jpg
tt0347149,/p8EARnEw8KPZzlZg3vkseYVMczu.jpg,/nv5wwZou159v5OC61i4ElR7OqyY.jpg
tt0347246,/ltaWpzIbNWUnGlPLLre4tDi0PU8.jpg,/8Cbzx17QdJ6xBx2uDkdlpWsemGg.jpg
tt0348150,/rtRlig4q4kUO1AzN7o7dzRIqzxI.jpg,/8eRscFbRYl681zDfkjv1jjW1KAA.jpg
tt0348836,/aNbP2LrQ82eutT9tDort4P9RkfQ.jpg,/eLBHPVQkJZyaSEUAGAFWNJJwmeo.jpg
tt0348914,/79eCeB37RZTLQICu83RyOkjN7cr.jpg,/31oYoyp69L8Bo6Vuz2ogB5JoipV.jpg
tt0349903,/guLJDVIqumv9C4iEpuuzqZIhEi1.jpg,/5b5HrewiViLWEdMR4dmbd7ajQ8Q.jpg
tt0350193,/adFulnuC7AyhHK3qAOrvTiW0JpZ.jpg,/7i0WHzf7GxUhfnrj1vOQRrKwrqK.jpg
tt0350258,/tSPC7sO2XYNL9QcMmK88tuUALL5.jpg,/umtxTkop7Ec9UFynjB7Z53lmkX1.jpg
tt0351283,/zrV5GnfCcLWzyjrFgYTpjQPRMfl.jpg,/tPaurpIUskVji5vwV0dhy9pq4Vs.jpg
tt0351817,/hdM5abIbokQGPr1qtr7Feywppyc.jpg,/pNpQf1ZwdKLHo25jFSDisMfqXJl.jpg
tt0352248,/9qJlfL3fB5d8MotO4kUtDgH4Yr8.jpg,/oO5sMDETneOPCneX3jfXMFfPh9E.jpg
tt0352994,/qmLpdoRRollyoX7CGgyZOsXvssW.jpg,/z5YFbE9VVHwDXbXbqZdoO6THqPs.jpg
tt0353049,/aHpTmNU2wLHokoVpzcnh2VQBJOI.jpg,/m67I7sJNdmvOGs3I6EPdVSaQhl7.jpg
tt0353969,/eq4oNv2fcDw8murQ9RYyCVbhPHC.jpg,/6Kn6qW3an3DkPl3MahWemTzrjCt.jpg
tt0356150,/bbzgcAjvbdAzmdQMhfhvzduFGz.jpg,/kg8na5u6qdCydm7cK7p2I0zQmgr.jpg
tt0356485,/zIRCirg18lhRQoBCSZ9Dl6DVY7W.jpg,/hKnF7i81xpPMTAyAP4QDxJrIudG.jpg
tt0356634,/pMQKL3Dx40au9e172ARVUWsT4qH.jpg,/r8Vk1PJ7eDwRKDZJOS4AKC7puK3.jpg
tt0356910,/wNi7Axc8U4cI9BgryeuF5tpi0I1.jpg,/tgDSUwWMgypgmcBhRs9u30RLPNC.jpg
tt0357413,/ezbEe8jkCnH4hKMVWMEB32oHRYO.jpg,/qWSI9Lpq8K4o1n9ZD9zUVD4Gds1.jpg
tt0358273,/f0S9xgm3GMWxLGkFnbuLylIFrmw.jpg,/pMBKzEotLUzk3NuQiyVjZEDlH70.jpg
tt0359013,/8GiUVbr73cHe68d4ybpxDbeReZP.jpg,/63eAFgJtN6ZTyFFzlAOoZLhlYqc.jpg
tt0359950,/9eE50Pvy1RZXZwR7DN9AK9DiF5Q.jpg,/8hSjOHRY4OUEpqxszYbMdem8z9C.jpg
tt0360486,/oj0s9jvCyMSCMvw7pNWt7nELykW.jpg,/x3YFn10ehQKMRIJwIfiDAX8S9Xt.jpg
tt0360717,/tSfZ6LoZgnz8BOrSQVo24vqv4nW.jpg,/mRM2NB0i3wv4HqxXvwIjEVi4Qqq.jpg
tt0361089,/ewJmDPU3uK7jQ3CR4iu7mlslZO3.jpg,/zHunoIc5AWtVK5YlPY2OC7yvM6U.jpg
tt0361217,/nMZ0tan85hxc6n8tVh9XuZHnpgs.jpg,/6FrVFsxsXujg7GJiBy1sw0Fdnji.jpg
tt0361748,/dqu7nUtKTLdpM7DaJvD4zcSXhn1.jpg,/hwNtEmmugU5Yd7hpfprNWI0DGIn.jpg
tt0361862,/2z6jtS2dVTbM73USNEewBh7kwX3.jpg,/hi3lxLd93iKwCmVAfhMV9m1k2jr.jpg
tt0362120,/4SMqo8Me8aCT4KAVLeG9pk8VYiN.jpg,/pSNwe7G9bESwlCBVurlwRs7fMZU.jpg
tt0362227,/GZHg5TMQpfNDjOWJ6zO2mO7ftS.jpg,/zywtNiaZ9r7azrcNdl2j0jOgrkw.jpg
tt0362359,/xDc6BMGDaeyalpSZ9KKk7RCBCz5.jpg,/5WVAGHTNMWhNwk5l3FoeAScmw7M.jpg
tt0362372,/w9hPecVLyCkbnJLLdjFu67URBZP.jpg,/nXmxvy4VyiaYVVINJYARSD3CTLi.jpg
tt0362526,/2Nd816rpRLxuq8YU3dPcDsoTpWR.jpg,/zehty7MIyCKGv9uE3Tfqa3ZquzO.jpg
tt0363060,/rmHFzkfEdDsz0BwIlpgwmqdfUJx.jpg,/mZ7RRQFQpTCU8U5Hhy89wv7lTvu.jpg
tt0363163,/wQRPfXAB0ORHECs589voFy71ilm.jpg,/cT80aGpjWZLn8rd7cLtsbktFMhf.jpg
tt0363226,/eYq0CnAuR4L6slAcJG8VrUed4wf.jpg,/kP6WiYHQUUXo6ZaXI06enkMsxkF.jpg
tt0363276,/uuKCB4j5KQ2CqdvVEYRgepkGryW.jpg,/dcukZQZQFBNPSrHIgevvvod67RZ.jpg
tt0363547,/6aue0EtBfftVryNP11acJqOZu2h.jpg,/c1bejD7jTTf8qSUkcv32Gmv8N50.jpg
tt0363589,/nDony6FyytrekJ3ev9iC29kwhbh.jpg,/n9irXcigQGlcub5JJ6RV1EdDW1J.jpg
tt0363988,/tNPnEp91xKShOIGh1VJgAIXIGT9.jpg,/dBSYDUZpps3LWru7ofUZAYoFgUj.jpg
tt0364517,/e9tYnBBTEQG19K3EXuIwjJBkUNo.jpg,/bwbTBi7QmHDGuI7A51B16IoCqpN.jpg
tt0364569,/45kRW1xgTq3QrZltL9mY9e9iYkH.jpg,/rwf5SUTiEsmfkXAgy15R0UtJUtv.jpg
tt0364725,/wZSdRdCCkwS77iHz6Sv38fgEnPP.jpg,/1nL5TJrldKI4rIj16tZTdqpdYL3.jpg
tt0364845,/rkWK3hcCiFwtIhLYnTPKjcZwTTN.jpg,/c1aBrG5s5xFa6Tbnihu2Hhj4t2q.jpg
tt0364970,/3IBB0Z2dZAWZNkRq6hF9pJsmMtE.jpg,/AjDyXDvk4VOtDp9aLJpAnBx1uyD.jpg
tt0365686,/gD60YicJodbPu5xBlTfEjXiTJyT.jpg,/9mQYX1AXNJsD9WcDrDQeDPMNq0x.jpg
tt0365748,/7TDWZVx599M0LVMAnvT3L2K0cCU.jpg,/wb34q3VgzHgL8frVMywrN3wXmqx.jpg
tt0365907,/nb0L57p0r25ehV46trx86537ByP.jpg,/k23FPWl97XKpJ1oTaDyADzxWxs6.jpg
tt0366532,/yMWOzmJ8WYoFe78h6Zg3Ui4qVFM.jpg,/sVvsR3Y6KRAgi2uu3hvqCyL1AUW.jpg
tt0366721,/eUt9EdU8SObrpzcxWxaD5MpJABe.jpg,/9JqtSiNILlK59BMGaOTm0z47wOm.jpg
tt0366943,/bBVD9BI6YtSDDmL6OCNdjLpwrtI.jpg,/kQLdhWclPH8t1dDwQfTxQ3L40t0.jpg
tt0367279,/p4r4RD7RsNcJVoz0H6z3dBoTBtW.jpg,/q9yVRPakPnsIngnXwjW7F9GVcnD.jpg
tt0367594,/voJEk0WNtrcawz2hN9AwdNbvhrp.jpg,/atoIgfAk2Ig2HFJLD0VUnjiPWEz.jpg
tt0367859,/4cIYQaLos5CoBm03xpfBBgHmYMh.jpg,/fN4OThflKQ8ZT1w2qRRIJmLejKk.jpg
tt0368447,/2urZW6YNuWHLwY63Q5d6RfCzOdx.jpg,/lxwCRTWWfCisuarrFFUhW43eBnW.jpg
tt0368530,/sOrelBaAhp7DZbPTivDwKEyPslC.jpg,/gJOpHgHa37qnglH3dL9g63iztky.jpg
tt0368667,/bZjLFAT4XS1mKjVycL22zsn8FN8.jpg,/eDso5UEr3nnA1SYPH3aVDsjE09I.jpg
tt0368891,/2c0gn21jGROhZEvdrraXV35mAKd.jpg,/9EnZD3ZWjpJy4IPoQkqTzxvZrso.jpg
tt0368913,/pOKz4zpccIjdib2pfDRkg69Ojej.jpg,/1Xwbli4B20ajKdq4fWSmWavMAds.jpg
tt0369179,/sBR2LYNbgtnA76fbIO2AuX8duXD.jpg,/coHpOy9OJyFiHWeH36cSHMpLUHC.jpg
tt0369441,/AtUvZea8Uxou8ydgKr1x5H6nvKQ.jpg,/9srAE8f6r4Ln3i4B7QwuvaewKF.jpg
tt0369610,/sOgfattHPWE5sWdVCGHQ08GEbaP.jpg,/dF6FjTZzRTENfB4R17HDN20jLT2.jpg
tt0369702,/6mGgn60Riv14B3zPjTNNZnFHp3c.jpg,/7XmDhCTkce5GH8KCdbMoTZdxn1p.jpg
tt0370263,/4KyXdnsQI7p81T4o6UcfhEjP2mZ.jpg,/xvq1RLaiwSdHwPHe7WUhqZa1rCA.jpg
tt0370986,/55S6U4F9nZWoYxsUMu59uWSV4Q.jpg,/yiNHoIFUlFAByjXkTDdJOK9nw2Z.jpg
tt0371246,/dkA4yVXUGIUFzaGlm5opeq9OFj4.jpg,/uXJgpBBOxD21X5Q93bZmjNHHdGA.jpg
tt0371746,/tFCTNx7foAsUQpgu2x1KjAJD1wT.jpg,/cKvDv2LpwVEqbdXWoQl4XgGN6le.jpg
tt0372183,/kTFFwQHdaTUb5MJmB8KBGO7lh7N.jpg,/fE7RqvVHbGHjBC9NjIjlLh2t4zK.jpg
tt0372784,/6yMWU1vWkOBbNRIwOxhetd2aHhO.jpg,/9IIBboV7MCT0bTxzXHmWK1Hq558.jpg
tt0372824,/f0FrAsLdcnCbvbT9Ofj31UkmcNe.jpg,/eWYrrdCKd4bjOKB9DB0HtRUhI1o.jpg
tt0373074,/cMVfbypyu34ckTBgMsoRT92j2pN.jpg,/9XhZhoSnFJ3AjpfzdIiZVHLQIS4.jpg
tt0373469,/yMAoom93EhCzp39vG59ka42hGIk.jpg,/kKdBNPXfjENj3wG5qtiCrZ2wflp.jpg
tt0374248,/lJJ5ePSlmx3BZ8jFPndboIA60iH.jpg,/lDQ7Dh3dEL46K3B7RB6hFoOHXc5.jpg
tt0374455,/l0JYr2iqwId6VOmCV8dHzlIM6Wd.jpg,/SLAPI1h9SWBMLTCO8ULvTGiP9G.jpg
tt0374463,/x9Y1IMFdY8Ma222KcQadFEau0EB.jpg,/nWfpVLgioDXQsAbfL6UJxYz6d3d.jpg
tt0374546,/A7dJXiyhcNkdJKsK3EeB8itzXWV.jpg,/dgjR7X6WjgjuwJ02idEOxvMyFjP.jpg
tt0375063,/ae4kP6wQsBEmDUO8pZ1UVk9WCA7.jpg,/zmuRxro8AxPDjACjXTIIDCUNwDl.jpg
tt0375679,/rF52ZAaTpBV6VhmwNpRwpQH1MBo.jpg,/l5LNCgS4hbNMnt5acKFT9G3LcMl.jpg
tt0376800,/6K52ZhGL1XfD4Ds33WZIYHFpNum.jpg,/hgXhCeW8feM89W1hQGPRQV1HLNA.jpg
tt0376968,/qLJ53d39GGfinaxjmJeHuKOaL0a.jpg,/8ULBp6mMRhpR6qnEqEWFbMdmdNq.jpg
tt0376994,/6FnWDI3mKZhfWv7NznKUFlvSdo0.jpg,/nLMXULCGLnzRxz11txPzPqbOHSz.jpg
tt0377109,/atARS3tVYd8rQMxKS7POErIZGCK.jpg,/A9myIvZ8Jvq0kP32ynx6bC1jZZp.jpg
tt0377556,/bLCjXfMbFAHg6QvEmQSTjW6VzzN.jpg,/lch9NDBb4oM0xKNEz0ZN7Mc27MS.jpg
tt0377752,/yCbFzP2vMmQVcNWgeLLpcTbF1VV.jpg,/1eFyO5JIDTZxrQuVZ3NfHl0M0xU.jpg
tt0377834,/8qFkuNJWye1s1yyainngE04Oqvz.jpg,/nXw7PSsO9sSVdW47o9dh04vkRV0.jpg
tt0378194,/oEbYyyl3w2dptDZCfXr8NHEHFkl.jpg,/pgG6tzJzC8mjGqhaT8IWwEk00xf.jpg
tt0378284,/oBDAEhTLWwflrqRZMsrOisqkVSb.jpg,/xPt9uunKOZ8EC2xukQbkSDh45oq.jpg
tt0379786,/zD81lzAEsTeEDl8f1C6t4USRihg.jpg,/3aGsZdB5ud6LmU9lppwTLh2fqH1.jpg
tt0381061,/qplE2N7QWTO6w7X8zW46X3cGUBZ.jpg,/klJMCIblHLFwCuGjKz7tyOpekIC.jpg
tt0381668,/qkNkQbioNSpzOZDGrsfrQDmLH1U.jpg,/6JPh7zM1CYJVytBT8BTyUoOzevA.jpg
tt0381681,/PZI7dSri7v9ukkjZ4TSVbU9Qw8.jpg,/tcZi0LQc5iu2u6i5aOWyj9NBBvl.jpg
tt0381707,/sgg5mR2Iz6QV4eWkqGrTgxOERaH.jpg,/di47xqYMCYpjqwnqNlO17X5qXMX.jpg
tt0381733,/db9cSJfLugDSGfsW4tqMTPGupVT.jpg,/lnSQ2NCXMSYe3slI7rVgUq7VXxJ.jpg
tt0381966,/c6tmVgGGy9eE60UZz3sxvPlOiEq.jpg,/ooPtDdWP2nuYCoyLJAVwdthf5dN.jpg
tt0382625,/r5DHVCB5AV7B7GLmXMyA71Y4Yu4.jpg,/4NsQl44oXVMiuIM9t7ZsVgYzOkv.jpg
tt0382932,/nGUelOVetiRpY2wTBMHTbrTIGYC.jpg,/qxGmHvmjlBlH5WZOhdHEHAjHaMB.jpg
tt0383126,/lvRnMu00NLGiTPijGZg9CRF3nuY.jpg,/edhROlXRob3TopjWJ5898GSvQpI.jpg
tt0383574,/7L7H6sHAt48EfwsqFaa0dw2NJhz.jpg,/vr6n6ZFUZvedvIlhfYcbCWcaKyW.jpg
tt0383694,/hgLXna9xK1i7Yygj5REuoWTSvGm.jpg,/ziJgbmfktniqisfCqJSqQ8VreZe.jpg
tt0383862,/umwZzQUp20FSyLQk2BfZQixqMr1.jpg,/nebsdIFZ50aiqNPTpk7QjW0Svc5.jpg
tt0384537,/5tOcZpqnY8tOGXMleCtOyWBSHq.jpg,/48TM0HjZSRjIr4QMuDTsMWcz7gX.jpg
tt0384766,/pfe8tcOhjseH2OBz2NKk9HQ4WdK.jpg,/b2fhZk0xB2TgMsDXT6goR28PoHX.jpg
tt0384806,/uzhqxq3OfIsoqs3OAcoMIvEyOXW.jpg,/27acFtG7du5twjjYzUDj5EDbE0p.jpg
tt0385002,/tfLj69EoP1b8ZWfLyg5FGJ5LC38.jpg,/isRzCN0ATsZ4CdBf6CSGA2ruclW.jpg
tt0385004,/nvU9NDRKzpfkFNvKuZVbtu2EV6h.jpg,/qODx2OuPQNDxXUoqHBmTNww2iC3.jpg
tt0385880,/AiwWH826I8a1dYTRMDFZEXsw9E3.jpg,/aDnCTWpWMHcQxOeGWsITmoLuEGy.jpg
tt0386064,/tPR5ecnXLypzOdEV5TLxQ8CkczF.jpg,/oqaKsofz49zjNhi48sxQIq8U73X.jpg
tt0386176,/ipzGJybXsUyqP78Wn6zC1XXbyRy.jpg,/4M7hvMrltcE9NaNJShJpvaNni51.jpg
tt0386342,/qgKArHIjtPbro3HlXErE2Hfjyem.jpg,/RgcVhcF1kyd9nWT7AV7Mz62lWy.jpg
tt0386588,/oSAq1R4qtrkpIeZoOzvahuAE308.jpg,/a6tIX4fGgp60w2d9pqYRbFM91ne.jpg
tt0386676,/5uwetbr0X8BPRy3Wmh63S9EhsiY.jpg,/mLyW3UTgi2lsMdtueYODcfAB9Ku.jpg
tt0387131,/xXvD4tPCbR5NbnbEMWctJ5ItEfZ.jpg,/ksT0nX66UpCVBdvXiXW1byaZtjo.jpg
tt0387199,/wA7OLgBCyPiqi3nNkuTUcNbJtRo.jpg,/k16YijUgyXWnDCQPLTuVr7dVPFl.jpg
tt0387564,/k9h1Don5JWNhLMAjspwbiMMoDzS.jpg,/ok4ot3YbfDYZcINXf91JUfq3maB.jpg
tt0387764,/6rdoQ0cTjsEQLIwEjhBV8U98oUm.jpg,/pYEFwZj6YDR8OhX9tyO78IoJADe.jpg
tt0387914,/sFKdfmrMCwCjUB7q6W2HFsdU9Ey.jpg,/oaUWMPGxpb4OsVCrppmlhQA2bwb.jpg
tt0388473,/r8SzZKHfF1lzu9SpXk1afmaviC0.jpg,/mnppPdfdtKPNoRemzIZDwOKpgfv.jpg
tt0388505,/9epxWjiU1epDK3dg8DKnBhHP1bn.jpg,/12YKdvErSqcMp33ZeNe7MjSW06A.jpg
tt0388629,/8f33Q5AuM2G5ZqFeusbIqDjr3cI.jpg,/2rmK7mnchw9Xr3XdiTFSxTTLXqv.jpg
tt0388795,/kRgrTPM6uDiLBgASk8j3RBTE49d.jpg,/vXzqV2RtJlT9WhNEM4NYWCEC6ZI.jpg
tt0389448,/sPlb83v8fqo3pNsQzyduuObaOYa.jpg,/5tfv0pRaGv7UV81gPsnoIbCQTyP.jpg
tt0389557,/vFXu9BYpCQQCKMH8U23mnIvUQ80.jpg,/vT39NcxIWHL5XVNQGRMbS8NxXs0.jpg
tt0389860,/l06jMu0V4cp1DuQdI9ptSJjV01q.jpg,/1nfymSGiadOvi6uOLskL2jAOmvh.jpg
tt0390136,/bn8JLZHxuHdwpjWdpXl1yld8TBG.jpg,/e7zWLL6usha8A9URHzCbmdhmhoZ.jpg
tt0390221,/ygSWLfwtvLt7BarnQGnuU0zXjOn.jpg,/q6xEN0Lx214QUXXXlQfLaoJS7EB.jpg
tt0393162,/ykHiXV5XoGYlY33BqOcp4e9HVvz.jpg,/n4CvA50GBtIPrSqCl8nMNZCliYI.jpg
tt0395169,/p3pHw85UMZPegfMZBA6dZ06yarm.jpg,/jkvvXaN7FPVKGlk8oj9PL0FHNtj.jpg
tt0395843,/4TGV4Bb3OPay4cHkQRlfwghv3vC.jpg,/qn4xPcrZnYUKk9gSQd1yuNn6xqk.jpg
tt0396171,/dAR6MYoz8VrUhGsT0F8ZsqONtdp.jpg,/kvdy0Ijjo2r9qsnWV4Dzx07qwnc.jpg
tt0396269,/yKb2gT1Wl6e8Bum93e0F1IefUqY.jpg,/uTBNMyN3RjMGR1cmtE9RPTDlkZY.jpg
tt0397065,/2LQS9JNfbRlsalAe2BlTDXquSyH.jpg,/2J7re6BvXXxLFXCYZpTUmRKkTHn.jpg
tt0397306,/tDmAHjMJ9jQ7sDIrBY0UKUb5mXm.jpg,/iixxhk3ycXmFqBn616pAsC3lu53.jpg
tt0397442,/fmegxZBz7GF8k4eme4ZJXXGI0TO.jpg,/5RWAjCYhu3D8Ai2QBYP7GjaxFb3.jpg
tt0397892,/hpunLKNEvjuzCLwLbuWJqzu3OE7.jpg,/zWqxBc6pdSIjklqWfZ70l5ce28P.jpg
tt0398712,/rrqPsoHby7lhcbGpCYrxS9ZvA3r.jpg,/2c0Ls3EwFoWJWVqWuaMyCUAgmzD.jpg
tt0398883,/t0XVeHY5MltYhBUg4vEkKtW4vkv.jpg,/6SRoBPlzXUasFegwnY0s4hbpqJz.jpg
tt0399146,/rZLpsfxj2qKbJzSzXiKFYrRIeB1.jpg,/iZHJsUYxhjI6kbooHoQRWXv6F8E.jpg
tt0399201,/u7j6OTRX2ZjgdkzOYDYZwpPsQ5J.jpg,/zZZ1FDl5FPClZ9OnMrlaPA4Iuxv.jpg
tt0399295,/tzmXFYq9OhUNYATAtbCuNr1Nin9.jpg,/5HLNp2zEsXezVoXtOfLJE29xaUI.jpg
tt0401085,/soaR8KiH7Jqc1afKEoT1hW11h7q.jpg,/h34IJUeyuQqjHTMbHDKpycw2Eaq.jpg
tt0401383,/zicuSrAqgHDQCw0bDrnjMry17xr.jpg,/8v9UL4hL4WDC58IrKb9bkBz0kIQ.jpg
tt0401792,/u4MK2f3AgG6nlJdJPxtJKiCN3G6.jpg,/t9kQnqiaxQ8TLB25rTzDKLd0fdM.jpg
tt0402711,/b0bXUCfpcsgQ6EVVmucU2G76ixT.jpg,/ojEmDThITGk9IsE32uxCWCA0kH5.jpg
tt0402901,/oysaR9dUG1FVkNZS1VDvGUhLzAf.jpg,/hHhZBHknSjrtSnIEVqQtAjMBNu9.jpg
tt0403702,/3J48x7Utjx0sdYIvjsMWnlEbxpV.jpg,/gcRl1gl8EOEoniQWgz6LPwwlmrD.jpg
tt0404030,/3s0vGsdbHMp3WTDFwdI82oamkQQ.jpg,/v6DoiKp2ThK0VUgWt73JrEN4qa4.jpg
tt0405094,/huApj1ufTmVTDcKqi2SY3zmqcyJ.jpg,/g11nKgir3nIhlG2gIDWIvJeR4fz.jpg
tt0405159,/3mNb5EaO5HfgrxZGx917c8kNp6E.jpg,/oGMomeS7bE43eN8SGJUaKvQnmud.jpg
tt0405422,/zdvw34l1lInfOPh5dOURt41BPmF.jpg,/3Wej7JW8Ikrzbm6h0lmSdeOYMmu.jpg
tt0406759,/nKLxG1LkqpTXFbyc5lJWaefZzbv.jpg,/x5HfRp97ZoYbYTTBGA5JRrqbCZd.jpg
tt0407265,/8HZr7PaYubJim77DR5FYbOvNGG3.jpg,/40z3PhEHOWopC9KFqEIZaqJ5NAf.jpg
tt0407304,/qlgvS2InG3oU8GixavRq3t3A9H7.jpg,/bInicBgSHfQiWLbnRT5jxw9Grvm.jpg
tt0407362,/vQuR5L1TcKPmfZu7NpiZAcGGcxJ.jpg,/sEjNaoENrqIZONKNn1iLFB0Us9k.jpg
tt0407887,/hf0Hgw1snmBwinkHYLCxGIs6DgO.jpg,/6WRrGYalXXveItfpnipYdayFkQB.jpg
tt0408236,/iL1B6kewtB8RsiLsIs4GJJ3Zo06.jpg,/obYVvi6eD4rjFeC7g4uoZQPIh7F.jpg
tt0408306,/6YTX9q7Rpjxwn8FxWaxAyHDbsmN.jpg,/titl6uMe5u974sLAA2Zy1kFi4sC.jpg
tt0408664,/i3kXfpVgnTy3GkrRZDdzhWVOPar.jpg,/gCD0eMZW1pUitLzH93WYWJYQgGk.jpg
tt0408777,/yqNJzJ64neXDG6j0s4zAYprhJy2.jpg,/whgmJ6vRE7o8zszh60kicT1vVSy.jpg
tt0408839,/ngsAxtSDI2ZcnMn1INdFKRXtYzW.jpg,/oC4LniL98rnmvW52FizMqzD5QzX.jpg
tt0409459,/bQ1fT5xjhFesHqKe1NgY088yOT8.jpg,/dH7ia3vtkYCa3CBvDnvVjqm9uiQ.jpg
tt0409591,/oOkvQ1anSMvdYbUGGf7NAnfwHUt.jpg,/5F0HVEgkgP99fEWDjPyikGt9jQi.jpg
tt0409847,/noA2N0VdXVS9dsK3C0IH4RhKTBx.jpg,/sGXCYMzr1sCnGNVuRpB2TOWPWDA.jpg
tt0410975,/qRKr6HuROaBuyMzeBOn69gAjJXU.jpg,/hW9NOFs8xUevb90KQYHhbifp9Po.jpg
tt0411008,/47RazdqbtMmDxKHskObbHkc2D3o.jpg,/yUOFocKDW7MCC5isx4FK8A68QFp.jpg
tt0411061,/rJZ6fXKJQ41EE5XgK7V7mqLoZDT.jpg,/lEimZXv1tMve0VG9Oox8dfongto.jpg
tt0411098,/jCix1CscWARrCcrREGTc1VI1cI6.jpg,/3Gcv3tUO2pHaLH9wGrPJtzk9OlQ.jpg
tt0411477,/3iD8i2t8UkgeL8TOJOy6hQvUKmW.jpg,/gqQKxYVIaYv53Qoy72nQqQxdXYF.jpg
tt0412142,/8yG2CZwRfZAkIGVLhy8aW1VXTJX.jpg,/r0Q6eeN9L1ORL9QsV0Sg8ZV3vnv.jpg
tt0412253,/vOdJETEueGgUqJR4UvwTdUoJhvO.jpg,/rhdvR0brfejyjvvnGwG8Zi28zkU.jpg
tt0413099,/u7P8kuz2Zk1eVFjF9kgj5NygKsG.jpg,/yVwCXQzSZvg9H0YBXvzPfSs6Vqx.jpg
tt0413267,/7sTwtmVPTX77CFOUXdwAM7lKtKL.jpg,/wvXxKpFGXvQJRB0nvvfURhRD3C0.jpg
tt0413300,/lkuQzlShE2uzJcsZYU4zBI4VQZP.jpg,/FfAU0PUs8AJkMU2VbkVNFtRXR4.jpg
tt0413573,/2kFOeA4oCxdHRfHiv8JEa7y3vD9.jpg,/jP0Rhj9OTPDAwQlHQwOLFDdeE8t.jpg
tt0413893,/j4PqyrYfGFkCxuXmQ2FPD36kB0Q.jpg,/kmPpgz9TNhQO8IQcZMtmznRtgKg.jpg
tt0414387,/oixzLjpyaLagLa8UREts1NiHr6F.jpg,/1Onam6oWyFAUCcoxtdWkACtEiNr.jpg
tt0414852,/rFfr61aXpw40kPRSQIFoYxZzi0t.jpg,/dSbXXdDcnQFimUf1mhkPk5dkQU3.jpg
tt0415127,/1Prf1Vdm88msqt4uvZ2iH5VysEy.jpg,/xgJt1f0OkcSsbWNQaoKddPIOgCh.jpg
tt0416320,/4JJr9zvDxys2f7dOlDdDgEsw9Yy.jpg,/yUJf20GQ5vifhk9QDxUGotAEaLz.jpg
tt0416449,/h7Lcio0c9ohxPhSZg42eTlKIVVY.jpg,/lgBZlJ1LHQel5nneNQMoesmvc7l.jpg
tt0416492,/ulaOhm65YA6J9oJUXfXvqzsjNZS.jpg,
tt0416496,/mkSfRjRcld9BULXuxP3eA9cMMs3.jpg,/vmDpLofmDgDx3KXTNzRc6dYROim.jpg
tt0416991,/9S7lWdLExHw6LP3Vq7smiyGY5MR.jpg,/3v7Y2bx5gSSlQGBUz9O0QX9RyRB.jpg
tt0417148,/wWiIguZpbAHrKIMQAYGpztqNGlP.jpg,/wxGhAD63EM7N2YIQw9bktgQR8QM.jpg
tt0417299,/ucNtkZfpZ6KgxqPo039nN4LAyFR.jpg,/7oBGhqJIghRBvOwo5Qe0yM0cnMc.jpg
tt0417741,/tO0UGkNuQoxyXve0mvwtXP49NAO.jpg,/mITJS77BV4TSqdFB5FPGBc7JKXj.jpg
tt0417791,/p3e2q5mHQGJbpdDXtLLMecsvAkC.jpg,/g94TQSYSMLOHzOpcgItyWk8sHky.jpg
tt0417944,/cYbPkN5zgARhgF5TaYklqST0KIt.jpg,/iNA6tstHf47FfVRFxedM7OBEjPf.jpg
tt0418279,/qJum5ArxWCquaDmK0OXDKecRIeq.jpg,/iCDMBi6WLjUBnt24dNwHqqF81UL.jpg
tt0418455,/9WwE33bz2EgNVD9NUp6gM4zi22k.jpg,/iVnsOj0MtVE1lzfillNAPqCdhpR.jpg
tt0418689,/gpvlDdAfr3ImydsZxGnYM0bcrJg.jpg,/vscsDExaKK0oKqrYBze9Tm2oitf.jpg
tt0419677,/sCbXlGHmonE3QEOeM7I2PRkG8y6.jpg,/gaCrwIiqB2S0w6xDOSa76NUIawU.jpg
tt0419887,/y0ySv3DJZsZ41RCEGY9XPb0BPDs.jpg,/CAC2F6C6R8hZ3AoByDX6Jj2VOw.jpg
tt0420509,/1mHxd9DQLVTLJzWQObgsuewn2kx.jpg,/fvl1geY63c1xoa6r6iRPARGJdJY.jpg
tt0420548,/inCQFCbjaeSTnUBaexwmDnV70Ew.jpg,/sY0thMd2lBKUmOfRFP8tY6VCuAz.jpg
tt0420901,/gB6CQwJCQ2zjxI1ffOHa8j908GH.jpg,/6PkzgNLKoK1Oy0j7L79JuBgl22r.jpg
tt0421054,/gDKUSCi7a0De9N1U0W2YEypOH9x.jpg,/n6KcrQTZSdh8giDiYxe2EymRy1.jpg
tt0421082,/jOJiaOhwrDdwqTRZvZOhbndqHGp.jpg,/dwxdn3ppDAn7QtaLlhGDEErWfg9.jpg
tt0421715,/t5nG1UuIZ5VEPUFdEsHwRmxToeo.jpg,/2fswjyrY3GEzeoVn6mF8pNeNcgf.jpg
tt0422015,/syccVhlbAmCVvTwZax7NkXpiBVZ.jpg,/8aMGsqLtJ9wfGkFRvGJSm4kUDGU.jpg
tt0422272,/76JKZR6hEPJNtj48ZzG93fmyfgA.jpg,/laHt3sEdpLt8Y1vrY8B13woemYw.jpg
tt0422491,/1JoplARZHYKjfpSnh1wWsTZojHX.jpg,/7wDjGVCKHJLEwj53gxESNs9xG6H.jpg
tt0423731,/gLFshfLjPIlY0f6LeCZyv8PDl6V.jpg,/aZRGh7ccNAdqQWhHypvlT9UuXjZ.jpg
tt0423866,/oKg7VIc4oNYsyzqjljPQVg8ND3b.jpg,/nqY8yuxLU4K9cSCQpsW4PGyotlN.jpg
tt0424227,/iO5wsls7m9LMT7f9oMcy2C2aZt5.jpg,/iHtydgatlWw0G4IvGbYAkmJRNnN.jpg
tt0424273,/pYG58GYo6UztLEgQWnrxo9a8UuW.jpg,/eSFkWSYA3DcAbJ1EnQQS4bws2xx.jpg
tt0425112,/kO2Ez6xOf5CJiQywkMo27nHzBF4.jpg,/9rMSCFH9zhv1vILpEZQlUJs9iUm.jpg
tt0425210,/5ICk0EIBl3GDOfc3Lp2ufqmnp0F.jpg,/ShDHEWiJ4NL6ldn4W2m3bEkIBr.jpg
tt0426592,/u2X393aNn9RmXL6qnZMWHATtG3S.jpg,/iA5yYNAclwXWGe46T7gatzGYcRu.jpg
tt0427312,/zuZWpcuye25rpsiZ4XzsAvmLDHG.jpg,/hAlB9MaamrP1eDhGA4AkjSAPxAf.jpg
tt0427582,/8ZZRnXToWcPXlyKG0JND3RAfpmn.jpg,/pynLOTijUVbAiJ727LWShTV6JCd.jpg
tt0427944,/wIOfcMgsgqNqdx2Z0MkLFsfz8SQ.jpg,/bvPsCaurkBk2jzSJXWJJXb0kTCA.jpg
tt0428870,/jp7yohBgZcmRONuQhcp6Y9iDE0k.jpg,/uRkIlvBtvwOWBBY3GtpCJGJsGug.jpg
tt0430308,/5SvG0t30T1d22LLqfnYMPkz93pS.jpg,/bxJmFRjwWnpoLFkp5OSzA7xfzn6.jpg
tt0430357,/iQF9F38wOiL5LKUpvxNDL3kqsux.jpg,/jYhMlpOJMIiDTGcwZsKikZ7FShq.jpg
tt0430454,/hCHM8G50TUOpAf7CIdxKcKZo9Nu.jpg,/cKr5V9W2qCIRoG3QsDxIRtZFCnN.jpg
tt0430576,/o4mjlMAtJur3HFYAVmdRBnpXcH6.jpg,/7eNnAuMW3jTi3DFFUv6XjEscgiN.jpg
tt0431021,/6zXLKzdTTTIrTJmyJmHg5aK10A3.jpg,/A83Y5I16txh9lZGlhHP37PhBh33.jpg
tt0432021,/lP0cconRQqe6O4c6L2mVADDvFyt.jpg,/5UgYt4ewCZZeX9HEG1Bk0ts4xu7.jpg
tt0432283,/2B2IcoSMpOa64Yw8DDtGzXdS4vl.jpg,/xRxSLhhjPG2D8l0BXi0KdN4IvPt.jpg
tt0433035,/gqjKG4Z24pjYxcOfCd9p6WAnYlG.jpg,/pjlxrd646cBYznHoPBWTzz6FujX.jpg
tt0434008,/9Xe32jj6hlf9M1Zy0hDgLvPqZCH.jpg,/uVnHskokSRJ8cRItMA0L9NQ9dXa.jpg
tt0434409,/RGtqJD856BJ7kZ88v7ZPz84tU6.jpg,/sFEYsEfzTx7hhjetlNrme8B5OUo.jpg
tt0434665,/rsv116o9M983WvInXztEiwc6WRD.jpg,/o0NsbcIvsllg6CJX0FBFY8wWbsn.jpg
tt0434706,/en7EgMFKYxPKSHpljzveLf6YYfH.jpg,/6T19aRp9zLMghZo1dTEwoNyreNZ.jpg
tt0435625,/tlLgfxXeCkwO5F4kDUsa0keK3r6.jpg,/9T5D5RGuCsC6CeqYZJTv4rT4RPy.jpg
tt0435705,/yNeoZYQ93Mkl6NxdEGuoBKJz1G8.jpg,/1uPcQNsgZIMRZl07rbIuw7EEtwX.jpg
tt0435761,/yBSISwqix2z0JiwIrM3r6fiI6Cm.jpg,/uAfhsySkr1UzQg1zdg3dZQRz9Fd.jpg
tt0436992,/lHfmc6d8pOVFrD0eOKPiDbjeucG.jpg,/vcFW09U4834DyFOeRZpsx9x1D3S.jpg
tt0437086,/gn2OqceeLGLrPy5Abz2dceB0po8.jpg,/jXDselREPq8TOVGM4dzBBUM7xVk.jpg
tt0438097,/wnBEdWq5gplaAgTmYFg4cq89mWi.jpg,/o1jr0UqVjxIZ1JnFzuVLN4ulWey.jpg
tt0438315,/cYkOF9grDTqdYcwU7JwN2oDPhHh.jpg,/6nee7F86T21kBqNifjKr9t6jqQw.jpg
tt0438488,/qPORLTWsJrqB27xXCkJRMjMl7fk.jpg,/uifaXfJxjTMeNttw5u04nHx1G5w.jpg
tt0439100,/8QjwQpFllRipS1AbSyp7CO8RmVJ.jpg,/6k6vAUa0Fm73HB0QBOJbFGTgPq5.jpg
tt0439123,/bAyLfVoLLXYuOTJmf6yOF9j1mUr.jpg,/fBtaZ5QLYdfUiVgbcnTjzxGq6HD.jpg
tt0440963,/ifuhCKw2DZ3ROlz7oSFxtJnznR7.jpg,/qiBILuWhv7ipF0pxiEqIJdkQzj8.jpg
tt0441297,/u3a2CBZmWgIMsDBh1scJ19PPKbB.jpg,/Ar8v6mSkm8m55sBWA4rjcWI9Rps.jpg
tt0441773,/zcORJ8s9zsBjvKxP0k4FASQSjpf.jpg,/qdthf9WrRDSaIkGVQGhhJ9pz1hn.jpg
tt0441909,/m1ZUDGTFtVGE3zjTvF8OiQ9um5e.jpg,/cLvcOx8RbSUPCbkynKzNIg1zc2g.jpg
tt0442286,/m9NowkmjQ1P3kTvRcc0xKkbIVno.jpg,/iwRcZAABRJlASo5XN27zZwsypZm.jpg
tt0443274,/mQJUd5tlR9qBSokuAqmaRuP8sv.jpg,/5c3RpVjkNzrguLUBHqOG1kFI5Kb.jpg
tt0443453,/9QeXM3HcShCD1qDyBkSn5algCz8.jpg,/lMxpaFElskdtbAnVEPSvG01SM4C.jpg
tt0443543,/30Bo0pvLcKYDbIHNzduumAdbS7j.jpg,/8ScGUtKTupr5rVLiXRmffjKMRhH.jpg
tt0443706,/gmoypdRU7rCJZZrZFKGirONbgrI.jpg,/3zCPI4JFc54xvLaJ71oI2KoP3az.jpg
tt0443844,/utkfH0Np6bz0XgHOiBdDGkRuaLi.jpg,/e6rmXm2b3OcmHjPDGfVYta0shwy.jpg
tt0444505,/wDPujLAIQTfUCkrS21l8FXGXb5E.jpg,/yCzHRwVrMauBTIZLlPeultQGMAT.jpg
tt0444682,/a0CM4rAwJU7Z3Faa9BkYCHTuSwH.jpg,/4eakTJuJD3sRGfv1qVWW46iPq82.jpg
tt0445114,/oxiA2O4wRBCOzvfxYjNKZQuitQc.jpg,/bWShstEC6UN1EuHpqGUGOnLmjqH.jpg
tt0445620,/vYA42i4XCfYmMBCNi1pYAv8eIyK.jpg,/rnuraNgw9zOlqdDkl8y6lNE2RJb.jpg
tt0445691,/4Lu4TSUIXXJpkv2uSxbRDqclxbT.jpg,/gygtjTTi3O9uDN5BevYAPWeVi2S.jpg
tt0446013,/44EwZZhkNuuYWAtTeW3HVQ1uL4f.jpg,/x1iHrvnxB3IuNBiTvqdfQqeh2mk.jpg
tt0446046,/egGf0ra9FYRKCkkS3noaydcfrwB.jpg,/3I0ibLoqCBu3gCeN46wpnKL7gq6.jpg
tt0448011,/fnxcYzU6EPzTNNKefEp0mEqTAlF.jpg,/oZqounvawm4hDxpDGDHLmVBGJBr.jpg
tt0448157,/5QkoSqDPwSVWx51r2lBCUre7GzE.jpg,/xh0ZRdnL4pSqfW73HBf97xiNEFP.jpg
tt0448404,/ohEDI65H0XA9BE2rfTQoJvSjEfx.jpg,/mJsWjKWqdQrcMB8c6j6Jn7245t4.jpg
tt0448694,/1VmrC82zY4U33l9UHlZTWDB1asN.jpg,/c5MCkebYhFuhmi32x760HfcvLIO.jpg
tt0449010,/kr7MbR744tyqIJqbs2FSCfsy9pg.jpg,/2GB3sdsWn3drlkwGMMNQ3KFNbIV.jpg
tt0449059,/qE2ii6o1ndrhpI5ZYpxStvF5sKN.jpg,/twdtjJm31AExNx73DXaD4KRNU9c.jpg
tt0449088,/xHcUMez2b1QiMGQYCuQTAlqwDEe.jpg,/1jHxkVXMI5s3vRiyiZooUy1shB5.jpg
tt0449467,/os6R4WX50SoOclBt0U9XjdyReaR.jpg,/9YoLdWeBSxAdR6BqQ5uS88d3FWO.jpg
tt0450188,/95OY2RFI2eKFRXdrJHnxdFKRYn.jpg,/a9t1DRjU04RMzqcp5li9bIA2MaA.jpg
tt0450259,/dBuTvhQgbsoWEOGh50Bkf5qB58g.jpg,/vffPZUYScdWtGU0UrccFIRX4LbV.jpg
tt0450278,/iBKRKu3srnTqiEITXOUSLperhKP.jpg,/dF6GNQ0TnZkr1t4wBt36Xc0Pccd.jpg
tt0450385,/8yUcWZRn2t13O959jyLULMYy47U.jpg,/9CaNCElCXrjdJoUadfXHiNTMFcR.jpg
tt0451094,/sC6m0esgO8pqVjrapPyfoTsQXgD.jpg,/1N45Z1UQY3LMNJEHuyHj6NygOYq.jpg
tt0451279,/yjzHtHSAPDdRQejnTyFbifX2gef.jpg,/AaABt75ZzfMGrscUR2seabz4PEX.jpg
tt0451966,/4PHJbCVOnaxtXCMnlQPijT02dGB.jpg,/eetNZTQP2D83MerFEyBuYWlwwNf.jpg
tt0452039,/f8CbqeFILuSOFC6KgtufdJZTw4j.jpg,/19SRSM2ybfVpCBxBFLXwyD18WkM.jpg
tt0452046,/3UyUgPfcs7ByA9hxbhWSW98xdpg.jpg,/tUtXfyVy54BY7eJnRtI8Xnmr1ZL.jpg
tt0452608,/bPvd43SWgCh6AED73XRsFoBVPwi.jpg,/5mbFEJStH59cNFcF7VkRgsSxMqK.jpg
tt0452971,/b84WFI8ffMKyexc4L7oUIenci79.jpg,/8aigoYYf9hN8mUj0S1NCvILcQk3.jpg
tt0453047,/4xjfBIP8BCCkKDmSBlAfguUiW8N.jpg,/6yFMU0CrBSBWCbnxPkIj3z2ghFx.jpg
tt0453467,/sRhG9FVei9YcTDsTaBAHRVhLlQs.jpg,/mhi2fRCbEXtN43FNiq45WQg0DFe.jpg
tt0454848,/9OOdwNcAzT8qRgX3MWj4OKe0Gku.jpg,/tOkSenL74N23O4S7wjJSUHz7Aeh.jpg
tt0454876,/9jpQ6BRScQmTULj10mUkjEKelhX.jpg,/21YsCNMub5455NQCn3jh9SmRFyG.jpg
tt0454921,/qF6JFr6IdfNep0x6yw3i7S8avAb.jpg,/5jhG1lTgV0MS6tDkBMQSSitttTT.jpg
tt0455275,/oqy7vnLWIFwoKBimCQfJHoVRYTS.jpg,/n3Brk7roueE9HOwVmYlJx5j462g.jpg
tt0455590,/gU3tnndAme22T5kUplCG8la0dul.jpg,/tO40eTUxPoKrmMKBDWViA9pVYg3.jpg
tt0455857,/zjsV4zMqwkjck4udf6MXJCY4mFO.jpg,/8nluZo04z9Y8iynYmnMmvO9bU9L.jpg
tt0455944,/wNKqSUg2lGAFaoingqmPJ05Qft5.jpg,/9vAoubhoZE8aSkUZoSfxs3UWZhO.jpg
tt0455957,/95jG1XiMbU1rq5vpuGLGCl2mC8s.jpg,/qDqp7ud3bGQQ72pOFsPKLNypkKp.jpg
tt0456149,/dyX6G3czniWmBlkATal6jjf4DFi.jpg,/pU10J7w0FBaxStZXokKW0adLU16.jpg
tt0456396,/oQHsepdRyoCMnNyiIYYPHRko6tB.jpg,/rCNR48c7ysIXmF2uqn8alwF4HKi.jpg
tt0457400,/9fVK6axY8OWh3U3mXr3wQJTwGf7.jpg,/6FTIgtJk1mqmBTg9AEBrRKhLG1c.jpg
tt0457430,/gWPkUFGlO7ZIiArUcWRBmvAwVjB.jpg,/6G6nqSW9S7EHA9HrYl0Z8uo2H7f.jpg
tt0457495,/fyIUMryEPyTnMXSDkVcxPZ1NW4Q.jpg,/sWO8C8QlyodOZU6eOdVxsGfSQvv.jpg
tt0457655,/wZpmGRy98Mzhm405lLnywKJZq4y.jpg,/c2nxaEE0yBcg9qeqrisbkvBxTNh.jpg
tt0458290,/jAbECCJ8n7Rr25p2Y7MXPGMdoSR.jpg,/m6eRgkR1KC6Mr6gKx6gKCzSn6vD.jpg
tt0458339,/82ucHZ4ioVGiweT1XMl1mUZaodq.jpg,/yFuKvT4Vm3sKHdFY4eG6I4ldAnn.jpg
tt0458525,/k2wFS6LAYDjOdSAtRc1Ey7roB4G.jpg,/p4GzAzjlL7lXIVGvayg7zvzGTSi.jpg
tt0460091,/sW9cTzqujvtkNUJOsT1guGGEmxj.jpg,/9dTbuwQy6WoVNy9hqBAuwR1MoUU.jpg
tt0460480,/cGPkNPDwAwbUP2zDlygxbRreO1v.jpg,/n4WEtkX1bK7FN5xrd3sfAj9qOm8.jpg
tt0460492,/causQLQq00hY6aYARipzxbDurRi.jpg,/1lXNMnf5WkHDuEfege7kHoOfryY.jpg
tt0460627,/eyTu5c8LniVciRZIOSHTvvkkgJa.jpg,/aSye04zKzWtUP3U6Cl4bOXc5Ih9.jpg
tt0460644,/u20Yzj0pYiWkNfVUstpwbsSI9kc.jpg,/dWhMavg03rBGM96JSQmiUGcj3WE.jpg
tt0460649,/82DxDd43B7F1JunSlbZ7vkWFgej.jpg,/3f8aW6vcYRP6mTZdgXm83BiuB9t.jpg
tt0460681,/58Qaj36FZDz54H36LsUI8mGiW9y.jpg,/ro0tlgnsco4SwbdAgmscLkSlMSL.jpg
tt0460791,/kheVg6wENDS0hZf93qlYJLaXFJ4.jpg,/vNrXoT45xscHY6AN4IGf44vHxVJ.jpg
tt0460989,/1DktK3noMCRiR7MaxOC3Ja6u3kL.jpg,/fKrFGB96kVeJ9uE83Jc4fIWBgqO.jpg
tt0462570,/ZZ00teEWJMPEAqSYJ6xIxNTu4q.jpg,/q2ZFyrDHq7vDk0buN4DE9ch6HQ6.jpg
tt0463854,/8PJEQ63WebiLJ4vtuyXx68Jehmh.jpg,/83ownpZPvBHJD5UVNShzQfa3LaW.jpg
tt0463985,/9FBbiTAfBkTLYbqVux9ycqed5vz.jpg,/dMARcKLrv0T7kVJ4iQR3vqTTdtT.jpg
tt0464141,/wk95EOzZKd74NFzVVkHBo1UW46o.jpg,/g6pNnKmvTkNlEvn0ScwstYvhFE.jpg
tt0467406,/jMn8zYdy02C6LtaYx4I2B8Wa346.jpg,/sRXMmeNHTSWRYdDz3zaHNyyPJ0u.jpg
tt0468569,/8QDQExnfNFOtabLDKqfDQuHDsIg.jpg,/9FE5eD92WfVCiivM9Pq9GVSrlWk.jpg
tt0469494,/fho18jHViMUC2Ax8xdkkGwimbTe.jpg,/9UAKA6ceZi6TgQwTAAMt7DWwYPI.jpg
tt0469641,/jkXa3RYn7hIQPxmgZb4MddeJB3o.jpg,/1PtzrpMbuYg9rfWpEkm6qwN63oW.jpg
tt0470752,/mQohkAkV1m7yT43UnYkgvmyKUoa.jpg,/uqOuJ50EtTj7kkDIXP8LCg7G45D.jpg
tt0470951,/iIZNGQrYbRVCp2RgGJfx2RrL0V0.jpg,/3EwAwHY3iQ8ueSkx59Amg5dG12w.jpg
tt0471711,/aChIdHavSgTgiYbzZFKR7iMFgu3.jpg,/txzQ45okJz2fLUQTClCr2Vuk9Nt.jpg
tt0472033,/hRzsKmr3NxRIbKwr4myGKylMaXB.jpg,/t4V34FTYzZl0ZMdAXAK0T7DE3ie.jpg
tt0472043,/yQ4uC13IYVerbxMMXeSogSQUkOT.jpg,/nnmbJvYyDS1VkMOCbxSpdBi3WbJ.jpg
tt0472198,/62NsZPgueSiE8y7dqtU3FSLFwYw.jpg,/xlIxMddSdqyxfY02CilOK4VKWR8.jpg
tt0472399,/maW8lmTO0yuRACd9zTCXFaI3ZVZ.jpg,/dYb6kgvoGjUH59n2uB4eV9xqmKR.jpg
tt0472954,/jQEKSbxt0463aLD5FyVm3BGlVH2.jpg,/u2K2hyUSds4KzOegsC8Eon9oNf2.jpg
tt0473705,/zLq8IM65JIY8zu2tyGZMOEq1t1t.jpg,/n6ggvrNiiDBGcymaomQPeVsIfUg.jpg
tt0475783,/uIkZzrwrA3gubrvnxpAtnA5BO2t.jpg,/1t3cpOlMmftKsK8MzFweJAftAxl.jpg
tt0475784,/vRAFOKQ2JxOagiJZaGQxmqTY1yl.jpg,/rX5hvSRB2k4YoIvRg6Zky52rWk0.jpg
tt0476643,/hnTCRO8VfI4S5meYlIlASBirEQr.jpg,/n2lMQH3x1cwzJmgfC5S0Jksg4AH.jpg
tt0477080,/e4Vok9xyYs5CKKYKapGQGccyFU2.jpg,/5JdyKWEzY6MQmJcIEdhbP4HozzZ.jpg
tt0477348,/x9sQnOXhvec93L6cfWMGIx7BS4h.jpg,/gddUsvfyySrM5k8B8wwJy2VRlBx.jpg
tt0477731,/1XUMd93PRMUkCtE2NWn0zQb1NC6.jpg,/zxxmSDnl5OwIxOmWQbgPvjmSRv3.jpg
tt0478087,/1c0sybcPnVF1fmVk9JKdG2fH1Au.jpg,/u6OCGwhSWhfQX1LZ4NTq0bfcWxs.jpg
tt0478304,/5Zc2JGtIX4CGaVFwrHX72Okuek8.jpg,/xq1HIwZq9VbuvMQELAua1nqEkH.jpg
tt0478311,/vZkplVw1fZOLnmz4xa28wjBtdGw.jpg,/8uNx4YtClqB9duM4n6jOx8vWvvl.jpg
tt0478970,/zwuE28gSXlLFLgueqMe9b7xKy1f.jpg,/1K3JmSNUN8OpjYsCjc0Hy0SYxAb.jpg
tt0479143,/8oN30JAimKk2LcLOusSYpGvMPgG.jpg,/fsJn2mPXMhauXsEpNTtFqDdjSQt.jpg
tt0479354,/mf24DONuK3Yhxpu4Ogbdejk7A4J.jpg,/xc9YIOS8p3JTfTjBSNjSlLBm927.jpg
tt0479884,/zSzDbylthJBPL4YX0khc9Sr6sew.jpg,/8JPz1636hMcaADngF4H4KOxXfp1.jpg
tt0479952,/zYbvSjajQrb2jU9rUo5Mt06stPd.jpg,/3yXLkSTrVhG66MIAr3X6C4gjccw.jpg
tt0480025,/6ZVx7wLrlgSKxkYC2CRg6Zek0fG.jpg,/9JpS3EPGWVidpVW6LjTlXJ6jrKT.jpg
tt0480249,/pO1SrJgf5BumqcIRkYviSGIFdmX.jpg,/ePgD1cwmklyrFBjl6z96IuixuSY.jpg
tt0480687,/pgeAE9a5Vucq9ZLAhWHK9WEez3e.jpg,/zqoWOXXLUNr0MUl5cih0m8lNm4I.jpg
tt0481369,/h0T3FmHI7PFhUseoySCBPFjxP0O.jpg,/zBFbGxw22wY2VTNGbcknd84CIEf.jpg
tt0481499,/3X3qtBTgKt5mCB30RJwbIjgjzdw.jpg,/wFN8llYh215M8i2fqWAcPV8CSyL.jpg
tt0482571,/lIl2CrnWohGrZSO9eyKRptxZ7Hs.jpg,/yaExZh6qE2cfyK3o4kAMEq0mkgy.jpg
tt0482606,/n14pclgMhk1ZnuioVgN64Nralfb.jpg,/y27M2hIwZRRvMAVEadFPP5hCPg1.jpg
tt0482901,/6Zhshgt1l323HmHp812wHFKQDVm.jpg,/eNxbG6gaAS0kdDiCh4qplnnnxuv.jpg
tt0483578,/gQHuAqSAtazPheu5KdQjshLK0io.jpg,/sSyezBTzkIJzoGuTJN0Zw9KRHwR.jpg
tt0483607,/mLKMwIPEOMPohHrFuiqppZbJOk5.jpg,/2GmnhciVW262POiTCx43TTSvys3.jpg
tt0484562,/rtxlwILUPl7qt4FmIMGoKKTOVCh.jpg,/lTxRQzTfGwApLoxQlRldgOIcx55.jpg
tt0485601,/fgwDMePJaSY6YOLmUeqPX3PjYq1.jpg,/740KCabjLKjsrxvEakmmJtDtAGY.jpg
tt0485947,/dyV1SZ5tnO3FRUaVHPzD8py6NGW.jpg,/y9zcjxEilWr44c4vJbEaLTgE0Uw.jpg
tt0487831,/A77fJh0G0pgfrpSQiDqjQivjed7.jpg,/erljE3cOZ4eyISQunUYmKZ0q7cu.jpg
tt0488120,/i00vazM73IoCJ0GELWSI59OtkCA.jpg,/mujUrk2diGe5vRCb3kdpHZeobRs.jpg
tt0488604,/yH5K4Xuk7jqBammH1djFuk0xTvg.jpg,/v91aGneMO7dT45KEbutrY85JMta.jpg
tt0488905,/kCqZnLWldG2Qj2zClP3vCWMCu41.jpg,/wiUJmoTut7x7FdWB9s0kapnVXjQ.jpg
tt0489099,/jtd5jdh3rquFMr25qoRAENwlwa7.jpg,/1R4DZbEwWTPnRShBumJsOwsfAiB.jpg
tt0489974,/jyhxT10e2z9IDsKoIQDKhyxSQJt.jpg,/7gfLuaqVBdtNxKIxp9uc8sOUlQg.jpg
tt0490215,/7U9ltw1jcv36Rhf9uG889LAV8vC.jpg,/2tE0A6WjLowwQOUY8se1Xlf3O6U.jpg
tt0491738,/pUfeCUMin56Eo3DcPgYKly9P7bw.jpg,/sh7GRlX4d7j3XSTeyGZnlKqkHGk.jpg
tt0493464,/6ZQIQ7GBwtZFW90kfI19KYGDX5.jpg,/vjwuT8EzWY96W6nrJKZNI2WJU87.jpg
tt0494271,/v5S1ZujFZTE4fUfyFl6mPkccPPD.jpg,/ckkDsME8QIqBDp1wO0PvJ2q5ACU.jpg
tt0496424,/rY4ZbKLbd5OUisdykcJCch5WXvx.jpg,/cK5AbLFBY2JDoqEdVXk0697e2SV.jpg
tt0496806,/3iczTMycAI1YXKOKFsBdcV1Ys7U.jpg,/uS18gs16EXfFJhjA11cXj4WWPMb.jpg
tt0497465,/ekAIg0GSbbHTH7y1GPgWj0brLTW.jpg,/uU7Ctqx6V27BXWhWgxcnFWaYYHz.jpg
tt0497986,/k0CtqQmLGLy2pFAyTZrfgh3lklr.jpg,/oj1TOSvvxpDGmDi1GMwclAzjf2f.jpg
tt0498380,/rTO90XYrjDvfXESHhIEsg0CU0ut.jpg,/69Mdg9vH6yQx08DwK02RlqO9CPp.jpg
tt0499549,/t5T3LPbLLgP2OP6kloM9p2PXpJL.jpg,/vL5LR6WdxWPjLPFRLe133jXWsh5.jpg
tt0756683,/uN3X6JZhcEZqLTeQ8r5CKEmKeix.jpg,/gt4EnUGbbGbNOX0q47YII3WxB48.jpg
tt0758745,/bLnPKAysnTsf5DnMGffZMJS1MH7.jpg,/dzHSMD1IY6RriYxkS3T2ysFdvdp.jpg
tt0758746,/wYQA4UwVLaI4Sf0d5IXEhGO2Ueh.jpg,/xECaVCK8nT1KCKdGg01mQgizuOd.jpg
tt0758752,/bzXczujSYdsddv9FZBmVhPUN65z.jpg,/fGBJEfGjHmhg7nLAT0Jkcv9qV5e.jpg
tt0758758,/nsukpCUlvOfcZEcMIBN1m4coUkd.jpg,/87tmTU1NSR5EUGTKsF5rhLwZtZc.jpg
tt0758774,/aFwMzqKRn8gB0LVaGeENScyIDqb.jpg,/6ghc2ySuEnTW8h3YgZZufk2SOTv.jpg
tt0758790,/529vu08J3b4wwzMxJbSzvtPi9kO.jpg,/cKsmzu5YpayNxc6Gs9KD8wyJV8M.jpg
tt0762125,/vYKAExhbNvXceccU8kNUMUht8dj.jpg,/wk7R89u4l3AC3PRg7Abac2IJ5Ky.jpg
tt0765429,/pn4A89Rdv0fI7KuugdhSbgfJZs7.jpg,/dLL90vskYFn1S89RZp5TUguK9wl.jpg
tt0765443,/7VXya7414oHrpeZKkslNQ7BMcg9.jpg,/1ckHUJ6ztq5XJRKM2nIAW0UjJNH.jpg
tt0768120,/4wwb88LV9cjHbcOFkcgfAFKF8NK.jpg,/4stepMoz737edm7Tb5Y9C5o8cJs.jpg
tt0770828,/5JW44QGgpEWx4aWXM0uVSi2xtrI.jpg,/69EFgWWPFWbRNHmQgYdSnyJ94Ge.jpg
tt0773262,/q8dWfc4JwQuv3HayIZeO84jAXED.jpg,/nS5ZSmrX92lu1GYAlXZye1mkDfd.jpg
tt0775489,/frobvoAnfU1xaOL6CPVnn9aSjOz.jpg,/sYFrtzMXBo3zd1Iv3h0zB9Oj0fc.jpg
tt0780504,/bmtWCavGHazxdt0LxWxjRgVyMh9.jpg,/hoyAALgfmjMEK7O1wZ4r8wT91RP.jpg
tt0790628,/p2JhNsRt06r8uuzYszgYGdLev5J.jpg,/sBuVOxCAn6GEMB3sbfnzZoRJoTY.jpg
tt0790636,/h8k8G7R6hw3hv81NKPxtlumsdWn.jpg,/sbVKj98cq0FztCukzu47bu0H8o7.jpg
tt0790736,/l5o6H1ldC8xWAzSbfp4dPkJGA76.jpg,/6KJcFFE1iBPC0Xj0iPCcmMvS5WK.jpg
tt0792966,/p6mBGtAryMefx0dBQwB8Qpyhu2I.jpg,/a2ku60IXRzazfSbn8TDsQ3iAOCv.jpg
tt0795176,/aCL9sVUWyGtKdvN66v2WbtwFCDW.jpg,/qmRUwosX4BsCj6QanpBYScLl3Sp.jpg
tt0795351,/qT3IxgoA8aDZyKPIFLEWqshwLLR.jpg,/1i1Jfc9e15uRM3fGp7Detsjsapw.jpg
tt0795461,/XS0RXeHzDP0lLTcguppQptsI2Z.jpg,/2eW8VlLXjUq4OKk8SYf5KTr91Kv.jpg
tt0796264,/f2l5hUk63hPqYTucnFy2HmElFV0.jpg,/8MQeyFsWrp2ILjbumtxrinmk7t4.jpg
tt0796366,/axuw64XX2mWG0okoNCzjlGc4yVp.jpg,/cqXEwYFcwyKPZCKl1jAPaG3cMsl.jpg
tt0799772,/9HFSg8Hlwu5QwkyL4im6zCk3Kkg.jpg,/nRTd6d8hgYugyqOZ721oxH3tkNa.jpg
tt0800080,/p4NYZXVtgKf6aiH65QzzkUVJcsd.jpg,/xfBnQ4mgf1jYZsscJGJjr6ce0Ar.jpg
tt0800320,/gn2q6HooPdGfFaOI2U2nbjw3BSZ.jpg,/zRx1HyM1wF6wqEvxV12Ha2WrvlJ.jpg
tt0800369,/qFAVW4XJaxhj7PcpiUI5hhO9bOX.jpg,/cDJ61O1STtbWNBwefuqVrRe3d7l.jpg
tt0803096,/r62koy47q5TpDfCVzH0opsk7ZXv.jpg,/aTGvZ3F8QnAD8cPpJRaaqRRxFK6.jpg
tt0804484,/wSUYYcMMNtob0qslOwA0PAcqH0J.jpg,/7NNNXo0qG2SqH4JoG7GPvJ2hzes.jpg
tt0804503,/5jOedTeytYzlJZwU66MFjmLHhHX.jpg,/eYDTiJ88jfMJ5Vp3a0OAEihBzZX.jpg
tt0805661,/hRKjeP8laTHS9q5cJA046DJa5kA.jpg,/7MNHo538VQQUqRWthYP1XWZovnL.jpg
tt0805663,/a57H9UsS388Av2LSLKO9inNmY7j.jpg,/6GIf7uiQ4Y5xPzIRkTct2NIyBqK.jpg
tt0805669,/qRpRweXCslgzjsm2BVd8PFYsVNp.jpg,/5syecfwO1pkIVViRG3j7UuStCpm.jpg
tt0807834,/oJani7H8kHHMyozMDFHlfgHucSx.jpg,/6hdwhhTLt2eWdrdCdPyuU2wRiUa.jpg
tt0808151,/kLTpEwwVyquJmWak9qKGc4icFMK.jpg,/olz8Xw3yOLpBAHKgPoSRwmomdM.jpg
tt0808279,/xWcv2rmZ2HaoDsv55D0sqfybhYr.jpg,/zsx28vZqh9ACu8gfWaMhJyOuPKm.jpg
tt0808357,/xjPFFyy8hk5qKubWL3ysBSDTutL.jpg,/lU1fQews2gye23PocVE48CsTmOQ.jpg
tt0808417,/1XSTjORhsqSQgdYTzHrAuPDVC2.jpg,/4pfb85bv0rKkmslTp2hzAqA7RT4.jpg
tt0808506,/fTWFUDt9r6KOf3GYxh40NjEMklx.jpg,/6m2qbAqSMJTX4HUwRvVEQI6ioiO.jpg
tt0810788,/xH4NPJeYzg3BS7OWYh7vx2atBAG.jpg,/jwFJrUXj0SEAVpZsgvRUBi5trLL.jpg
tt0810913,/uEmIyWGELYZgb91gocTP3DyYXvv.jpg,/kye3Xz5ojZcOy9sWYcFHvXLTNCk.jpg
tt0813547,/xxOfQGGQJjvfPE8cCJVmkPQz29p.jpg,/f6c63X99xkhWtdfet0aZqXgW2vc.jpg
tt0813715,/lf0TcOkheYUZKpeh7c8lqJHNk5O.jpg,/zoetbPF7jYY0jjY5js3x6r1QjSW.jpg
tt0814022,/k9A5EpvxuGVFQcGxvmtlKtQw4Rn.jpg,/ueXbXSehnVK62UqfLrdJdWZ7gla.jpg
tt0814314,/3z8EmLOiOWOgf3gyeobCoFWelcp.jpg,/mDu3nkdjzkJ9loy3QyppGcLjaI7.jpg
tt0815236,/oFWxPE8mXiOmqLc8bfncOuJqbw5.jpg,/i80wifLk9w3q4Pq9UOPlfrsjKY1.jpg
tt0816692,/d1QKiYtceF3GDtxvTFXFAqwwah9.jpg,/8sNiAPPYU14PUepFNeSNGUTiHW.jpg
tt0816711,/a8ogjWFd0QS6BzBkzfDMWukc26i.jpg,/kg2FOT2Oe5PSCgs3L4vLel6B7ck.jpg
tt0822854,/regcyuwMtiDV2ZrfF9OWmS6h3aO.jpg,/uy2trYgO8MOQfQXlvMaLhBnkUqg.jpg
tt0824747,/rqMNyKVQII7FWpW3QSe3H6sbhex.jpg,/yWs9QUP2kamsnfdV4cloxLM5RUw.jpg
tt0825244,/7dlreSuG3KEfHeHj17lkYJ773Tv.jpg,/ii3WNOfgEp62jkJAHAOJyYwRfhl.jpg
tt0829482,/y4nvXZSWCfRV3n4oT2vrMoaC98T.jpg,/coru98UcFBzJIU7bxZguxaePgu0.jpg
tt0830515,/zXkvsMkHbvFT9FMw7U9df0ZDuhb.jpg,/uGs5Z7dMguf7kxWubGFcp9EhKcy.jpg
tt0831387,/iBZhbCVhLpyxAfW1B8ePUxjScrx.jpg,/6CLNOzMXO9bvapDD8gsdwkJU4wN.jpg
tt0831888,/4sFl4dAHLN5gmXPmIQBdYlRJbST.jpg,/iAlJWcoEqKTmfxVMQ6pDyizPRsK.jpg
tt0835787,/6QJqo2bsqlGW6VEvB6KJSfEieY3.jpg,/6bFE0lj2QkcNc6Y9CTSdlqr0WPE.jpg
tt0837562,/zvWlwBGQWuJ0wog65q1uS37BApC.jpg,/5rARlA8beRAVXPYzSaF2NoS8Ry5.jpg
tt0837563,/ktEYyuUwreQgE3S8HMRcyxBHonC.jpg,/8iZjnNSIH4teZERl0VjUeHHVrec.jpg
tt0838232,/iBcd8bJIgIaKCGNFp6SjWaqZnQh.jpg,/ia6qY2XV4uvrrhSFcqqKZphizXR.jpg
tt0840196,/3lINq40kw9T52ipjwN8Rht4rnrj.jpg,/saBnI34QTYTjG9sj8DsembO4PBK.jpg
tt0840361,/4VLzLzGr78AOnAUPv6iCcMNoFDB.jpg,/owAe5rRStnX7ibVAPmza3NCXjCy.jpg
tt0844441,/uqsvvgC6CKGoGcfyqRyQVCjML4Q.jpg,/nGhC6P0lgcrY57NRB9nweu4nWaK.jpg
tt0844471,/cMs3pxK1xjse7fJooGZsWAlrk6Q.jpg,/doNIj6jX27hhfcbD6GEb22ydLSF.jpg
tt0845439,/dB7VrkgwiDphRwRCo1rTw70ecMs.jpg,/mW1gMqO2pdAPDKPIFLEVDXdWFoJ.jpg
tt0848228,/ugX4WZJO3jEvTOerctAWJLinujo.jpg,/9BBTo63ANSmhC4e6r62OJFuK2GL.jpg
tt0851578,/j9QZkFkaR9LmvRumn88te0d6qsC.jpg,/3fgcEjBNrhstYgPlG1c8WT7UpIN.jpg
tt0851851,/Aubo9Wnp0lH3nvqSLupHOTyn5ad.jpg,/dyJVcCJnONxLlFpTVwUE2gA12FX.jpg
tt0852863,/vO5SGen5sf8ooqXG99f1MohvcfV.jpg,/5MWFjQ3NuNtNeOE9FdrVLeNMNPs.jpg
tt0855852,/9bZA3NeWPBZSMdrkOwhUxqOa5ee.jpg,/t2JVomKXhwVvIPp85vxIAJdLjEE.jpg
tt0857191,/A417CyqOzqD1ylZc5LBzkpeI9jJ.jpg,/8Bd7vVrxSyeKO8JraeVe2YNLLeg.jpg
tt0859163,/fA2kcfvI47EN9kfE1pvICarWr8H.jpg,/W034dd7w2malON26KWyZm4y37W.jpg
tt0860906,/h3dJAkDtcGAKCxFmMy9zHVzZaVo.jpg,/pzsVGcufDdBLmvagKyLFKaeA4O5.jpg
tt0861739,/uNmhgNiUzZAknt4sjY1id8nbFCG.jpg,/huUgrGkCetYSkDl5fMvZCXCbFKl.jpg
tt0866442,/3WxNkLDKyr5jj3u2tFFxJXGv1Gt.jpg,/yQNtCRbofKQAPKRKy101tV0BEKI.jpg
tt0870090,/8wq7tVRXXJcfSGBE2zPBNYw7GRv.jpg,/1mJFeIf51DKAz84895htRmRzhs7.jpg
tt0870111,/pVHiuGImyFvjiJnR2MZhuGeFssn.jpg,/20wSDAS6rUWhkZQ2PxPC9TRsAd1.jpg
tt0876563,/ew6o3jOBGnx8GETvCkIanorvjka.jpg,/1QmEcK0w2Ub4Hm094fHbZT8vA7o.jpg
tt0877057,/cFirFPdzle2QYyjFlLVwWUP5YAo.jpg,/z8IPicmEKXUO4I2UDdMEqw7RqOE.jpg
tt0880502,/zIU2NwVODQKDBNu8NB7Fw4qM8tY.jpg,/s3kGgVwM946SWj3iXShDbeJALiT.jpg
tt0882977,/b9oyfaUNnNh6a3W34ZG78LhHv37.jpg,/80seex5P196f7pff3R8xqwd2Zo.jpg
tt0884328,/8gG0GP0TPnn91zIsNkwnQgBK8mh.jpg,/76J14zgwVWyOciri7X7F3DGP3TA.jpg
tt0887912,/q57Kw9mCuqAa2cP2qHaU9zFxgdM.jpg,/off0xgvtfHY82l3MC4mDpCk1APY.jpg
tt0892255,/hbchW8F1Cy0qv1w8uOkcZwZCfXr.jpg,/wWschc3KS0Fe2Rk01KR2tbFWmmL.jpg
tt0892769,/vUF9bN3pT99IgdRMSInG0YSqPCN.jpg,/59vDC1BuEQvti24OMr0ZvtAK6R1.jpg
tt0892791,/11K03KebrdD8nUlGFJX3rSL3KHK.jpg,/uzzTystB8lL0mRDII5Sfs5HxgkI.jpg
tt0898266,/2bDQWCvFxRGhdvThTJvVxueEoLl.jpg,/rwYvhVv0vwbulMwxOfEsuAr1JrT.jpg
tt0903624,/1id2xLxg750ojOWvGWeqPIxmOIF.jpg,/xyXmtuvsoM5J3yNad0nvcetpBdY.jpg
tt0903747,/anFx9aTOOYqgS3v7x3R84Kz67ly.jpg,/tsRy63Mu5cu8etL1X7ZLyf7UP1M.jpg
tt0904208,/jPqOY8cq9KXQN4bD7zJGHCNvcb4.jpg,/9o9SS26mUY4cp4iSFk7iwBeAQuP.jpg
tt0907657,/7nW363kSYRCkr4VGOMvuSGwtzKs.jpg,/p1XSyBriqz7oBWoVcRqYlB6Kve3.jpg
tt0910559,/1JSHIHPzUxy5zGLh6cARPkoWNE0.jpg,/9uS6bx6GWZKKeIeWnFYAsNHa76q.jpg
tt0910936,/6tKtgQ2xMnz1UMLWJAw5a0eqvm2.jpg,/aO6Z7ErkEoahGFKYdEs4k4ilWFe.jpg
tt0910970,/5CXpoYB2YAZRPBcv9pjkgR6tZ0X.jpg,/nYs4ZwnJBK4AgljhvzwNz7fpr3E.jpg
tt0914798,/dZeiD0WVM1IHzRAOSldsY0jh1CR.jpg,/6aRuABAdhuuDypLGscM7HoEWHx4.jpg
tt0914863,/1DfkbLnyV5cjZCGwtmwq3tgGAZV.jpg,/p80dRTtTQE5U7FeDoJXanxFX2xO.jpg
tt0918940,/zzsryqYKz60Hn73AiZqbJGgAbMk.jpg,/btCaMm9aVW1PG485Ef8RMBBALzI.jpg
tt0922037,/ceoJyZgsHBaenUxhobHUA6mXXf0.jpg,/cFqNqC40XlssRmReUnaqDey9EgW.jpg
tt0923811,/wGYmvSZIj2ragDNSWhyunOXu2Oc.jpg,/ktzhr2m6y98PtwOdfOtTA0X232m.jpg
tt0925266,/wsZUTFqsxgiWXIetpB3jQigqdwa.jpg,/pOL55kV8xkd6nGZ52s7nQyRov2B.jpg
tt0926084,/w6wsYKdXERaXRdByPsI2O9rn20b.jpg,/5i2QAYnbN5vOZUUolLPYHTb9spe.jpg
tt0926759,/5sZupvPg89ahTiQbM8dkGx1f3gJ.jpg,/dg675RUDeQ26oyx9rBY4fQtyMow.jpg
tt0934814,/81foDoKoJvQZ67OlqgVqAVnVYmD.jpg,/cFCDlwg7zUSn4V5C9blmnHmQTgm.jpg
tt0936501,/fO9HTzeL7sd346tybTfbd99Nv3R.jpg,/ysCmtf9Y9fLDChZ88PXId5RbLP1.jpg
tt0938341,/7JP0L21Syxkj1fjndrZk1gOb3bw.jpg,/1aAR1XHBYaqnKzRUH3bL7KpXMhs.jpg
tt0942384,/eYA8KiSnIAbxtoIgg4lpZjB0dfz.jpg,/iXVBtpBRqSQvkGZHZSlYTANulHE.jpg
tt0942385,/rETp4g3xc3Zt8L3lMgFPsb1bKQC.jpg,/4pLi4QMm0MZ9TSoF3l8qQmY9HNO.jpg
tt0944835,/ttPF7duHyOpakOUg8iALzvockdd.jpg,/sgTnSgLfLAARam9Fz9CMblOBiwW.jpg
tt0944947,/3hDtRuwTfQQYRst3kjhvp4Cogjw.jpg,/zZqpAXxVSBtxV9qPBcscfXBcL2w.jpg
tt0945513,/chcGEGGGk1GDYftpdwVGVtsYbDF.jpg,/tY98hSDUlDqfgjSI6dInHiytoKH.jpg
tt0947798,/dZucAEc4JNsO6z4fvvunXgLe3b8.jpg,/eDLp4uFdqP1gpy9oMrutwH6Q64I.jpg
tt0947802,/f2DofXANBSbLHGzs5nkc1XwFxOD.jpg,/6WfnLguRcpYQlJ6Wkx5CO7c8LpV.jpg
tt0948470,/swjygVNvJ84ztpgfFX9gRr2MPBZ.jpg,/HVcza6tJtWFrLriuh3Ano4Vt46.jpg
tt0949564,/7ZdXxtEaEaLAk4AjPtW7ijcTVyC.jpg,/aIRE4lWa2ZkVNGdvUp4Z4uPJKqr.jpg
tt0949731,/sydms1YdgC1xaep31M7iELK0QNN.jpg,/6moXpp6y1EZ6pfnSxnKFMrbFnWv.jpg
tt0952640,/xpInKihOnJZ9QePD5letvwDV9W8.jpg,/lKkkogTlIQT8o83GFQZZ3CA9MzB.jpg
tt0955308,/8jI4VDUWPVM4I91xBhObCLMQhnM.jpg,/gxJnDz2W566PRdYKCaJrp1FpRRI.jpg
tt0960144,/D7nxagAsElZRBfdnBc5OyFnYBY.jpg,/tfUotS2rLaIu7ieJPDonyDn5EqQ.jpg
tt0960157,/dTlu2T01GEU5pQxrk0tgEub9bEE.jpg,/xuIghwwmuaGoFlsqYcwsDYtdTUO.jpg
tt0963794,/5iluZwBX2vg3CmdLP25UNccpnFF.jpg,/rYqjPTWtgswEh7gTMbponxsy0tR.jpg
tt0964517,/k8v2FzmpOARVGI3BTINSqtrERD.jpg,/2kqmEQZqime0G3ULgrKtAq3WVdH.jpg
tt0970179,/wgiscmtnwuMrj8Ts7qCqp8pSrOm.jpg,/Aj81Gu3u1a64qXFOLDuF5gdxyy0.jpg
tt0970866,/c2dwe7H0jrDKEAxNxZONp8E3ITm.jpg,/sLDoVwrzmKNdiBmykPSxaJA7uQh.jpg
tt0972534,/ny0vxdc2733gQVpXvXNds9M9Kpo.jpg,/u3rph1KVUOKbOtrPIgCb27H08Fy.jpg
tt0974959,/ixRp8or7mdO7yPfPnRfJaohgQRy.jpg,/qSx994cBgJ2jgc5Gx4hc3QjtJP0.jpg
tt0976051,/yTBpNKiogOofKxTSmNorKK7sjYm.jpg,/waMGsUEoHfYj3A1uRMUUgpBa71d.jpg
tt0978762,/ebmsM382m9IClLUzKYY2U5biFwM.jpg,/8UxYHvKBNFnoyfHjgjMwzj4zOuy.jpg
tt0978764,/htPobUkM5h5VG9ClEJTKyyZTvNf.jpg,/cnWVCPDrX29kX7AwA9sfNlLx5vn.jpg
tt0979432,/zyHLWVmqS8m7bxABJjcDFMYLdF8.jpg,/7Yj4QbECkH3JavlZxw4NWReoN7B.jpg
tt0983193,/dxOPe0RQMlBT0Z19qgSquS9KRto.jpg,/6mqgl2szMLRYj4lhlXOjju5Tpeo.jpg
tt0986233,/84HdTM39G2MzyTl8N9R0wVU9I5b.jpg,/34N9iKlR8FdXiu8r8pSpKcyFUVh.jpg
tt0986264,/8SBqDgcYoQHyJbD09ITpjM8MKsx.jpg,/bPwdy3zaNnMdZ22u0WCcYu0xxgt.jpg
tt0988045,/gf4eNEw79XVbKYDBEQKgWPezQNY.jpg,/85g84VtSf9tu1A9JqqruXEHspb7.jpg
tt0988108,/w8Iw1Dp5SbxmCkZezTSu3O56AkD.jpg,/w072p8uyKx0SYP55PBTCRrFqqOP.jpg
tt0988824,/ews8shcDbRG3tY33dF0jClNvgIK.jpg,/z0YhJvomqedHF85bplUJEotkN5l.jpg
tt0993840,/4h1Uc13QPjHTTUX0bikICWUxTSV.jpg,/c0izdYdnTe4uMRifHgvTA85wPz0.jpg
tt0993846,/uthRoUeTtiep5HCoySlOjQSPCbJ.jpg,/7Nwnmyzrtd0FkcRyPqmdzTPppQa.jpg
tt0994314,/7hi9sR0uelo74uJhJmsApeodwxF.jpg,/5hS2OIuZSKGkR8R5l3bY5zh04Ce.jpg
tt0995832,/wiihoYOODwh82xVzPoiaztlg6c9.jpg,/wAEOFMX407pMVdtVriRpIZE9Iaw.jpg
tt0996930,/v9UvTItnX42Edc1b16Eh9qtqvbF.jpg,/gCcvCGtHnCRPRNZVlPf5oa5VetJ.jpg
tt1000769,/6rcVFsEwOyXsG0e7L9ql6KEPGJX.jpg,/qFD7K9A6ZjHZbQ2VCTSWdT8lg3t.jpg
tt10016180,/1PFWQXh3yt5vQTY9upvqsyFNZk8.jpg,/9TW4zKd2FFZgqR8k5vf4oZofPMR.jpg
tt10048342,/3Skm8boxLsoQZK9xq2chf0rQHfF.jpg,/34OGjFEbHj0E3lE2w0iTUVq0CBz.jpg
tt10062292,/4qc9dA6ZeTFVxKfYQrv5EvzVwqo.jpg,/umVYLVZ7T85TkIHudxK799lPnLQ.jpg
tt10068916,/tdLQI40RZC8aQ9cbRhBdprcsHYx.jpg,/tQprwIKzFx83JpM5dVrGRC4UpF.jpg
tt1010048,/ub7iEniSi23Ms3RcF551Sozb1MH.jpg,/1wZoVT9RJsZmNjg8CecXqSgFUd9.jpg
tt10127708,/4z9fsQTypbwzaWa4kLERtJjjM83.jpg,/h6XfgbzQEV4sitsIVY63pawLI0s.jpg
tt1013752,/5Pf9sP5jmiwUToa1XAdTQQW4CjX.jpg,/25HepicRtrzZ3MVCqhfoxGDbHjw.jpg
tt1013753,/xWgcW1WOsmYCohBcOTBlodf8DJk.jpg,/8rBBojmT5vwkuVh2hFWBkbWtlBX.jpg
tt1014759,/sqOyCSgzLglxcR2y1boewr5Qufn.jpg,/ocOWbTzHcJVTw9Tz173KPeskDOP.jpg
tt10147644,/4S4WD60F020WAltGxaRS9jDjpQZ.jpg,/gB9l7epUG4lZKe68bTdL6u6eZCK.jpg
tt10155688,/6ZutgKZZfCstXKm3hifLHWz9cWf.jpg,/7X1IGIl1JMJ9YFzJymCVoqZbvTR.jpg
tt10160804,/3ZcJetFxd8fwJ1I5xsLHCMTAKQo.jpg,/uHESULlKh7VSc0MRcqfyIf9Alk4.jpg
tt1016150,/vTfqiOZ4bZZZpIJp8sXT1UB6QS5.jpg,/xBwtP27cx8WfjHJVFkpuV6F1RES.jpg
tt1016301,/1qQnhN1e2eh5seNj5O9NjAvsyrg.jpg,/64I5NOLvPDrO4qVTHk0c09vWYmt.jpg
tt10168312,/ebKQ0Lb84EF897UBk3d1KzMO33V.jpg,/jnzoh5qoxRLFRIQAxnl6D3RStPC.jpg
tt1017460,/rIYJsichDJbxGFGMyNRwIsQ144P.jpg,/pjocJEjenTiJOi6o1vG8JArgt1h.jpg
tt10199590,/x38m4xUo4byOuzrAQO0zMrpxEau.jpg,/6K74rGGGjKGrblGTa7S9yRcUtnF.jpg
tt1020558,/ewJTP76oGiJ85x9kM8buETLVZqe.jpg,/idcccRSENk7fv4aRMHo7BY6jHoo.jpg
tt1022603,/xziurNdvxWZkgonZ5ZaGRB9YdLt.jpg,/1M2i4Mxd03elGOTmEkIvqrHfmyS.jpg
tt10233448,/ySPYLN1sHmgRdqdfLOE092JlNTp.jpg,/pSLuy0OfN1QblifDVoEhAvst4et.jpg
tt10234724,/5AHnvXfW0mtsm047OP54n4pnV0R.jpg,/1uegR4uAxRxiMyX4nQnpzbXhrTw.jpg
tt1024648,/j1sBm1fZUhlFW5Qe0238H1LjDwA.jpg,/iVk4mVKwNE66JbBcoDwcYFvuUXM.jpg
tt1025100,/imuYGNcXgv6rmZBtwWRypGc7TqH.jpg,/hmv300bqfZmxvdXCtCsruDH0ycT.jpg
tt10272386,/oOYti9KmH3MP5R2rtXrRL06t8i0.jpg,/h3weAFgg06GqchI2xDfufBgSFTj.jpg
tt1028528,/7AEMH73JTb0qqAZgMj5orBGLUrO.jpg,/qbVCChwbGWDAgsCXKZxyjBrRiWx.jpg
tt1028532,/rLPMD8BOHjvvjjCX7BZQdqNWBm2.jpg,/gOeSj4YzwxZb6FgcYPRK2hEzTdt.jpg
tt10288566,/fIsfoGihrmtOQZ7JtgxOc59V9ix.jpg,/a2pPepVPtKY7E4XEkT7W3ZxUOY5.jpg
tt10293406,/1l9aOf6vL01NAiljwDczv3YlwHN.jpg,/gAsHuCQMN7mv4uFIvM4ACQ09hPr.jpg
tt10293938,/ovDgO2LPfwdVRfvScAqo9aMiIW.jpg,/fGk5GVPP7qfEHr8b9pzS6AWsOmV.jpg
tt10307440,/5UYMBvZzMZOWfwPaTZsqIuMrmTd.jpg,/9gXOA57zkxDko4yEE6vjFF538Xn.jpg
tt10327252,/zWiXxOTM3NeYcj3dzbtoGqIIJPz.jpg,/ciKBP3tgzUxp7sHFNZxofBXUS8k.jpg
tt1032755,/fToZMkSQ1xSrhETOfBIdNXQWCyp.jpg,/11V6JMreBokxvTZTsxmSQsibaRb.jpg
tt1032846,/taoajT5Cg8corabvH0EMXAPklNh.jpg,/phYwx0HKSdcQyOuK5bMMO8woETT.jpg
tt1034331,/adjIIJNZJ3Lt8mAcFjlmVjWyR0j.jpg,/29zDvVtGcJSzGTocSHqHDSNCQMW.jpg
tt10366206,/mj2Z9HnRSIEk3n7yVPoOY4Uzzfh.jpg,/7I6VUdPj6tQECNHdviJkUHD2u89.jpg
tt10370710,/hTMRZV2kRhUlbKCph1Azd59vc3P.jpg,/woYGBHERSMhIHqmkkRCbCXp81l4.jpg
tt10374610,/vH7WPEgHxy1JLKsjBgSfY7NIf9W.jpg,/2dlt9I2ga6hweywz9zsFUz1PVii.jpg
tt1037705,/ufvg1HHiFSiRRpwEMYK5gbYpTi.jpg,/aPrrrGtSjXbw8XnpzsVJgF0ioq3.jpg
tt1038686,/39vqW5mUZtX0artpqeY4CoIJ4sl.jpg,/7HzdWt7Rz3VeoHk5QEBEZaa0m1S.jpg
tt1038988,/vIoBgFBJuqcIzudkFyagJuCxHZ7.jpg,/xfrguTH6maYiGsC8FXiQ9N3lZXw.jpg
tt1039960,/bxb7UoxJPnjBd3HMwyeqcQLTr0H.jpg,/3Os2EXMHcV9EkO0PWNIvT4phksL.jpg
tt10404944,/iZRmaCyGtfr8xiONbheOWhcG2vh.jpg,/vkIJ2QgcKMJRvi6pBW4Tr2kgLdy.jpg
tt1041829,/bkbzlLA8HCEHRDxsTKGthII0BpW.jpg,/ojgXOhVi9Yk8irDpRfDkIzdD1LK.jpg
tt1042424,/7YspfHUzOSpqdEiGJIR9P6ab0g.jpg,/y4sWnBV6z92nhCeWavndfUggRoz.jpg
tt1043813,/t1wuU7nUxyAFpCep4epXIGP8dtJ.jpg,/iAzH3jFEaDMkjEsNNBUpGzSJ6VR.jpg
tt10451914,/bQ2aNqcIGopI2AsTREc8sQlz6CN.jpg,/lOSdUkGQmbAl5JQ3QoHqBZUbZhC.jpg
tt1045658,/3YXWHl2oP8OFT5CtG3EoeMQtAAD.jpg,/12GpsUm9nVVKFlcjDTflKLClFVA.jpg
tt1045772,/7pdyFaA3E8VfqOcKnhYPdIDrvGA.jpg,/sGelj98GTvGgx9yq2vNdvRoyXH4.jpg
tt1046173,/55BMS8gGhXhhVYEDnM0ktRgQNF.jpg,/jE5wVBRCGQzjHjvFUcYwGS4x0ux.jpg
tt10462154,/j0DvUVxA9SwwpRVNi4AOftpJFbN.jpg,/bKhhWhoV6B1Kq1wKRSWGDBhLv9Z.jpg
tt10466872,/kwWQHEBTL2TrUFcINqgLjSJdqIQ.jpg,/lBoHzOgft2QfpjkVVvZCqeM4ttT.jpg
tt1047540,/6VwuiyxVKrdy8lmh3K3Wea3si78.jpg,/6MVi1xNKVDl5ceLMfcEZ9s1KVOr.jpg
tt1047931,/mTlWor8gu0CQBhPKvkznOzvhfHH.jpg,/lCt0LFYggLW58NNsMMJK0pslRkm.jpg
tt1049413,/1N0LtzUueXrlnpL466jQBJ6iAuj.jpg,/hGGC9gKo7CFE3fW07RA587e5kol.jpg
tt10505316,/d0vjk5NATiBKKgvX15x6U2WcURn.jpg,/gsqJEai2EvRfuMzxSb6uSgRwrRN.jpg
tt1051220,/qYCwPMwZTgspIWqeDIdrKW7ZhCQ.jpg,/h3iaMumqJlv2Z1CcIdGNVMJrB2a.jpg
tt10534996,/wZjCjjsMdrqKByHxRKRTkXSodZ4.jpg,/qRAImBDZ8zjC6Pg9vDHRUJqlMvO.jpg
tt1053859,/xMFs9uSkoo6Oa7U7fBFAxVWjXM9.jpg,/lenULbl7U24ZCkqarrwqoYAvh9k.jpg
tt10541088,/paROknFgVk8WJZwhKE85n5I2QEO.jpg,/i50h4Gz6e9BMGak5l6gg5qfIjcv.jpg
tt10548174,/rlqdMZRPK8IELWcI5cJXLoA18XW.jpg,/6WqqEjiycNvDLjbEClM1zCwIbDD.jpg
tt10574558,/4ZQiVDFQgGO791f9pAcsPUeOtFe.jpg,/YauN3gyvgqktYhze4gXPWuoZBY.jpg
tt1057500,/gWW20yeF5t6ZHn3gCjidLuWtQMU.jpg,/vHwrJiFc74Lb8D0Trvdc0v04gRK.jpg
tt1060277,/8FBpammgqlX9j9yQt301PHh4sJb.jpg,/6ms6RdNcQUAnjBY26aM85xC2wV0.jpg
tt1063669,/n6fN0aVbLEurQSobUUlj4EViYZD.jpg,/bxQT6xCjejpGtgKl0QH8WUtrs33.jpg
tt10638036,/fBbhBvFEVgVxWrBbOJDzDjcVXM4.jpg,/8cpXau1LjYMBjiaHUS75JmlgGsU.jpg
tt10640346,/9bHTq4XfYpAZcgzTLoPAElMytMj.jpg,/5fxTB08O7CW1hAcN2MWOKodp1h1.jpg
tt10648342,/z9ajF6E39Hg2pXUofmUYgZHvdX.jpg,/jsoz1HlxczSuTx0mDl2h0lxy36l.jpg
tt1065073,/7wB1OG7YrJRolO74PhvzikeWVCv.jpg,/Ac2s9RJEi1ZeaQopoLsqlsmWQmx.jpg
tt1068649,/kVYToL8ZgW5ArgNloVUfz1Uftfz.jpg,/y9Vcx8he3TErcPKSY56PX5tRMTl.jpg
tt1068680,/z8lweo4BEbyXFNocP5WQZL9641X.jpg,/l9kUuYVqiZV1r6d4nKUKcQvtLR3.jpg
tt1069238,/eSL8zpnKVC45AEhD3Dam8rEqWdK.jpg,/AoWW2J4PoDe0IPuCVQOk50QFS4D.jpg
tt10706602,/tfedtTX2aUOQ14jXEZ9k0tPXFqk.jpg,/m2SJTezG29RWgS8BjFiFZCYkwOp.jpg
tt1070874,/yIzTCHXJp5UKi4izt9DtlWksaBz.jpg,/v8Nf6Y1qL1Q3PWTBezXNPPaXqza.jpg
tt1071780,/sCJy5vtYouRCDbut05pVcI8Ks18.jpg,/fuv8TOyaKQWsVE66C9wSwifLlNF.jpg
tt10731256,/z9ZulBDrSBeQN8cagY73lIzr2uh.jpg,/tfCNMP37jRX3TOetuce7FLkxNKa.jpg
tt1073498,/vmgHtWiNmyWuyzlXZwM1xlgZ170.jpg,/8D3dBwSoPSGWRusbTYS8oR1tAu9.jpg
tt1074638,/lz5kTkm3az7Ww0uTLRvCGgudnaa.jpg,/wkA622CCN2X0uwpgqYEOnUYEDf5.jpg
tt1077258,/a9r5YxDiZDiVg6WpJ4zC0kTw88Z.jpg,/iZBUOcku0xv9MMfiEMXiDqErPXl.jpg
tt1078188,/aamOwDO97wf564a5sPJ5nxQpaiw.jpg,/bBT7Sc6n26n69a2EWYcAYiHeWIn.jpg
tt10795658,/xcOnCOpwe86Deau7P1VQNe0X6cg.jpg,/QZaPkNUvhdcKONuO2fXuqtcQRo.jpg
tt1080016,/7BAJh4R1pdSxvZO7JeV4PmDXjcY.jpg,/6Ybbh8TrO8bkEfQXDedekLwVDfA.jpg
tt10813940,/n5ZUgeJG8n7uVvcV2TOP9jMxd1q.jpg,/lPmUu3xkoksz3xsa1feIUoOBZrg.jpg
tt10834220,/9if9wfo0SSvHbZDN8IamLXjr9Zh.jpg,/fIXTetAsXkPO6UUUw85IU4oactf.jpg
tt10849514,/9crWLzqUrFEoJHj8kbrUaRulKM.jpg,/oTriUKBP348iFQ6wHAoxL2A4HcQ.jpg
tt10850932,/rT4KG2euOofQYYyY0I4Oc0WUbNs.jpg,/3yEHM2HT2vrUtO93YzTJNgEfiZG.jpg
tt10857160,/7jzX4ZKwDxHZP8uSXrDAkVTdvKe.jpg,/eljErfkQUcFUgQkI4I1soZcH8MW.jpg
tt10857164,/3KzoEdclGwXQH2t2oYZZlw46TvW.jpg,/mfcLUWASJghU8MTNK38eYktfE83.jpg
tt10872600,/accAPImdjUwgNgocDNWXCGFEcvL.jpg,/iQFcwSGbZXMkeyKrxbPnwnRo5fl.jpg
tt1087578,/r5SfDRd6602ve4ZV3T8ipS2J9GN.jpg,/lvSB0bnLzuxwrfTlI2l13gctWRn.jpg
tt10883506,/x1b2Jbj6Nak0iVk3G8YY3D5Ancb.jpg,/aCVLHPMlwIMhf4Y06dFjBTqTRGA.jpg
tt10888878,/q42t4S113jebD1khigJt8z3m1mD.jpg,/2CIpC7glUacb1urK8Rdr6O2rZnc.jpg
tt1091722,/eeSJNAR1aWcgANq26KWIHm3cbyB.jpg,/4dm60JrE7rCWQvqio1KdzQvfCvS.jpg
tt10919420,/g72YfmqUU0AlbDXRiYmDZWs28f7.jpg,/2meX1nMdScFOoV4370rqHWKmXhY.jpg
tt1092026,/e57pNjhWbRos9BTvgeUYUzB8VfO.jpg,/kl3rMfydlxyLDsZidSUCEWm8K0M.jpg
tt1093842,/nytcKOHE4CF7OlSej4zpIVEbCy7.jpg,/s5e27x7tREwWQFQLcqFr8MCb8Fl.jpg
tt10944760,/A9hn97x78cIJbJL1EjXsqYjR7k6.jpg,/dVOlJVHYRWx7DhMQRNLnbf5bT1q.jpg
tt1094627,/lFXFC2Sh7yalggvA4jVXVv2Uewe.jpg,/pNaAm9WiwrNEHvfeBzTjcQs7iPI.jpg
tt1095217,/qxNAEJM8y04zfX2FOYSd3yPuJwO.jpg,/abF5X1C7KMJEJnbB7KidfHOIszj.jpg
tt10952782,/mJTIkMOaEM74ChVBX9WVxyufLrm.jpg,/dIFmlaFdfsxngMoepdPpwCI3KFo.jpg
tt10954652,/hwZ0d29xTh7BvJZfolLffRR6iVr.jpg,/32yqxyLlWcO81UCx51Jfq9aeJdA.jpg
tt10954984,/tfZPQAHZ3xKSdilLywRzHj8xH7p.jpg,/yRutvYkM3OP8N9oqqfjSK1VC7fs.jpg
tt10970552,/deEQpv3rXUDUrDjw1pQ5vWU8Eri.jpg,/iDYiSNqZlPNvYA4qL6gUs4Okkrh.jpg
tt10986410,/6YUzArR2TElmGMj1HmnnfVlgunL.jpg,/nE94ejEbzNCU48bW1oju0dqBONz.jpg
tt1099212,/40ollvfwHaVF85lkkg522SIl3Qc.jpg,/weAYfu6FfrNxEDJ3xH1XpgQcqUv.jpg
tt11016042,/rpSo8z9alultGVTqQ3dkLEyU8xx.jpg,/erpjqVdJLpDQJjsbxaSJmMwvcqd.jpg
tt11032374,/8t29MfbEkEZixjVbjRkqI5NyFR4.jpg,/qjGrUmKW78MCFG8PTLDBp67S27p.jpg
tt1103275,/u9dZ84dD12cLLedJfRVHStKSHvh.jpg,/2ZLBfF8khUDSWBWKPPxxocYFS4c.jpg
tt1103987,/bVvZNDKaNvk5NZCEl0OjUxkXJZi.jpg,/giluKEg4kEG9QlM2E2lJ4ZjMXVo.jpg
tt1104001,/m3tkTgatN1IuwKGAFnsiLakRQLh.jpg,/uUa6jgSr5BQpcBhhaz1PV1JhSa4.jpg
tt11041332,/xRnGrn7Z7SC0KIBodocoU1QgDZF.jpg,/ibFWJDWS8cTO6s2vZVd2uKDm8p.jpg
tt1111422,/A06gSqAO7Xzdi1zBRXXzzUVhiAI.jpg,/kBWPHSszi8jKLqW5tMaQV1bISB2.jpg
tt11117570,/dB5a1M02ZydD4PfgWEPU8Zdvypi.jpg,/eigrjtb4Obboja8IHZuZxMClD1g.jpg
tt11126994,/fqldf2t8ztc9aiwn3k6mlX3tvRT.jpg,/5cvnxEHT3e39DvT6ARw4GNCFrB0.jpg
tt11138512,/rdx0bIkwxW3EHvWn5kxZBFUT1Am.jpg,/qZYvF1M7y8Gfp4S6OBHbYfB0Lgc.jpg
tt1118687,/rLIdcCXTZ10iE3fazzQk6nIxp6G.jpg,/lTbbch1mAfPSjuYkDgeG2Xn2suA.jpg
tt11191124,/9NBBkdxH0TjQEBSN2AzeE1sgsF9.jpg,/uBZQOYZLIU9dBmd62fdzBAoropu.jpg
tt11192306,/hlMO1juHPuaiyL27BDLUcAvxmqq.jpg,/pPKiIJEEcV0E1hpVcWRXyp73ZpX.jpg
tt11196036,/jRZJ0vrr6XzEWh4HihNryjoPfSK.jpg,/mE0sGZ4CyzibmBG7FYan5CIKuag.jpg
tt1119644,/cp1T5g1bVkxFciXR10kiiS381qt.jpg,/rYlIRj9NA945UuYohw9jUbDEbts.jpg
tt1119646,/rqeim09TdaflSvPNVnCTBjUHlKu.jpg,/iuRVt8tFiXDPGgzavhuSa3QHRxD.jpg
tt11198330,/8MaxftF69sEAAD5673vTjIl8yT3.jpg,/577eXC8wFQT0eUrJcgznSiFPRmk.jpg
tt1121096,/fthYqu5fv3GLjzvrQUGKvFGfF4N.jpg,/2EyK8wpLdYFaS35o0worjqsiuZn.jpg
tt1121794,/pWDz3nZEp09xewwW5PaiQZt8RTt.jpg,/mfu8cTvpJwrnu3sm2vDqh7o4yXX.jpg
tt1124037,/10jpQjLLYE2vzah45eGSVHv6os4.jpg,/crVDxx9KgNW7Bm1wyXqBYpzG2TS.jpg
tt1124052,/pGzofKzxEEr0Vg6PaXxHgKb8LjA.jpg,/bUxiZrkdLbDAV89ICbKNsuvnfu4.jpg
tt1124373,/sG8FyklMtpjDZv0CB2smeTKyYtf.jpg,/mcgZDwhMlrFsfpbvCeg5RY5mhiu.jpg
tt11247158,/zaupUro1dIxKE4GyikKDyxNU6Tu.jpg,/qCGwPCwlSiLdlYinzy9rSQDjQX1.jpg
tt1125849,/hQpBhEHCFNYgakxpP6pAVB2k3fp.jpg,/wcJmFsz8RqIhozMwvU81hreTX4i.jpg
tt1127180,/l7RuQEkg2yTF04mHrE7kBKf7S3A.jpg,/3tvwsRSIDgwJuaGdh67XZ942UMy.jpg
tt11280740,/wrZjYKxObEaWZmjB7scQMYo40o8.jpg,/ixgFmf1X59PUZam2qbAfskx2gQr.jpg
tt1128075,/3gNHyls4PziuShd57fDegpy7qdT.jpg,/ywVxppdRe8KN53P937p94mcXEoJ.jpg
tt11286314,/78olDfo1tQmI1OtyBPovWb98wLD.jpg,/nvxrQQspxmSblCYDtvDAbVFX8Jt.jpg
tt1129442,/A6jWpnsmiFJR9idlCOUCeP3m03I.jpg,/5yrQsEuuqc4s8t8nszLxAAGQpR2.jpg
tt1130884,/56utveUWJwmG12YU7c2zKw6pbRZ.jpg,/rbZvGN1A1QyZuoKzhCw8QPmf2q0.jpg
tt11311302,/hZfPArlmeLS18oecv5yErmmf9lo.jpg,/k47JEUTQsSMN532HRg6RCzZKBdB.jpg
tt11315808,/i90gQD1ogdrX2EE2bYCtYSuqjRV.jpg,/AVWlQpVhpudyFsSh3OQIieHHYf.jpg
tt11318602,/gGpiW7vtLZ9RA8Zxh8Ywu6QeQs0.jpg,/5B5hpcQ4hc6ywi1MiauLhs4liem.jpg
tt1132290,/2O70gYqzNGt7uYfjouojCEul9hy.jpg,/fhmpYAxnF17CRWRcAWSeDRPWJi5.jpg
tt11337908,/5Jfv8iyJkZ9x5HzA4nfNRUBGxU9.jpg,/zzZ1U0y3r0owZ8y0FIf7rMKKvZI.jpg
tt1135300,/oq5WPzUn7R0YcIk7QGwpXqvgSWO.jpg,/7xXV6dt9BW11aoEJw48cQZy17QP.jpg
tt1136608,/eROypi6RFeXFsfqeUMtTTXmdyOY.jpg,/jhM3wgWUrrOkz9r4xwV5cV5RhI4.jpg
tt1136617,/wXbAPrZTqJzlqmmRaUh95DJ5Lv1.jpg,/f9Atch0jlzcOT9RbF8UccqfNOpd.jpg
tt11378946,/2uK36ujoDXOfNiJ5Yp3raVprB51.jpg,/ufSwlnECLoUbBjPrFqEQcWBzHwc.jpg
tt11379026,/kFiJUxYDuFzvnVoWuTcapGgSJ0y.jpg,/3MmRal3Uw3O0TVMvhfM63Z3mPz3.jpg
tt1139797,/8mw1Iv9o4BVCtfScCL0nhzolOdO.jpg,/tu9RF8tzmT3umpWUBWYXQhxN77R.jpg
tt1142988,/fDEH5GsnG774zTS4nhGAki2kUT5.jpg,/75nC94NsD3PWGJ2JhQivnF6eBOM.jpg
tt1148204,/3NSeL6kdni2lIxkLGmNcGWuixar.jpg,/hHlFspcHTLGFo8BwOSCsX9eHtbY.jpg
tt1149362,/A67089E4rWUdX7iNWePO9FvwpoM.jpg,/9Cxi5RQzYAlkNI5FROWkoKgiNkJ.jpg
tt11514868,/db1m278xWKSzcMiU2JBszRKNILy.jpg,/wgJjIvSo169WKg4c1O4oBNnoTs4.jpg
tt1152836,/lzOsbkW43WSKQKnkRa6kBbjmd1m.jpg,/rlKB2moKVOPasy4Dr19QluzbJgA.jpg
tt11540726,/bIysyh8a77RlwikXLwaLgIZprsU.jpg,/sDzrUYdN9WWcuN9UFAp8dgdwtpn.jpg
tt1155076,/tHoASPhXRGJM6XFvDooJHIFcP3r.jpg,/v8DepuF6gizphLzIyNZeQiB0hij.jpg
tt1156173,/vKzbT2kNdRt46jQ1aOlM2e1QpWL.jpg,/rUVkyw6hhLpDClAqX9SCbMi11X5.jpg
tt1156398,/bsQZDSRHrRkkLWC1PgMT89dr9xA.jpg,/oihWVx3imvRKujnGmSDYhfG1gI5.jpg
tt1160419,/szcew6yyjcDvaL0isaPBk2e3nkF.jpg,/zRKQW58MBEY078AxkHxEJzUskCl.jpg
tt11655202,/2SfoAbAcXCcNb1V3GpPPJG6OLFB.jpg,/7XZsVVnqTsMJXg3J4CHzeV2Lro9.jpg
tt11691774,/iuKPf10Wj6YA8yw3ct9hAereaaM.jpg,/WCnEPf4ZNPjszndmrFlDxZ5Uvd.jpg
tt1170358,/1s8xZDmG5IkDU0m1LeW28YcwTRx.jpg,/5ZYxL6k4ZHrEmrFvmY4HZVzerxG.jpg
tt11712058,/6rWIip9MZELAA0SKii5WqsBDCYW.jpg,/39bifj2FNytJ2m1cqOBcWMTKgmV.jpg
tt1172963,/anObAkeBWua4ptISKOBXDghkXvC.jpg,/nz5RVgTU0NzhGjcB4Q8xenxQKXr.jpg
tt11737520,/gCZ18cl7Pc4tgiwMPWHTgjABrhy.jpg,/qD211Hb5XwFxrszzBBe5EUYJerh.jpg
tt11743610,/mrdpavkKMA5tySLaYk1UplTvQQp.jpg,/eqLwFXX0R7U0crdgQcj0Rxjb9uc.jpg
tt11755740,/lvwrg14ovXnAHgsmmlINnC3Oj13.jpg,/aTSA5zMWlVFTYBIZxTCMbLkfOtb.jpg
tt11777738,/8NIAwBz3vlnYeuAwNF6l3aqHqkm.jpg,/rXRf5Okqg0FzDpmZkt4wly2asB2.jpg
tt1178663,/gvtkBn0bmV2K9yFjKO2p4MLHzwy.jpg,/gRifpXd3ailxdFPBZ8F1xiBQJUL.jpg
tt1179056,/bvMPNFBUQMwqOYETldWDvrYe5sh.jpg,/Aur8dDhjDDJBuSDa9Y9GNrvlPI5.jpg
tt1179891,/bq83ZtV7t61Zv4RCZ7hiS0lZNXj.jpg,/lhYlBOsmwoFlGQg9FmTsS7UMz1K.jpg
tt1179904,/919Xf5NshBIKuj4HP2XkGIfNaCF.jpg,/wfCdJ0MD1hYJzlaHulolNw5pYtR.jpg
tt11813216,/24zHdUTv3dHOB9VLsPPvx0WGntA.jpg,/1vXD5HXqkhvsXFHE7KmCPZGPR1e.jpg
tt11815682,/ca5XiEFgyGsI38QT3wEKa1QVGX.jpg,/bbAR4qKxjnjyKAt4YMrL725Mtfw.jpg
tt11823076,/dXQCEjVth8P8L47XIsoRt0oL8Gw.jpg,/8GGD7djS6oqTWcKwJb3uT833xeA.jpg
tt1182345,/nGqJXp5nfLyd12T7YIhcFatOFxz.jpg,/mvUAo9ACgmLpS4Ofc2IwD4n7WCt.jpg
tt1183919,/1UQM8zsQ4HhUr4dMgDDDMBrsq5d.jpg,/rDuPM3eSQYL4mwGT2lrFyjBFeT3.jpg
tt1185616,/tdr54JxHqP01QmgSW53nBvHrxPe.jpg,/cMoiIk3tD6qshxccYRjjym7l5YV.jpg
tt1186367,/xI7Q8ybIwUsTgR5Yxs8Kn6cYJgP.jpg,/44Yi72Ut3NchXewQzx814ViE2dy.jpg
tt1186370,/ydMXZ40xKZoSfMo9ATEuvZDgS2H.jpg,/s9F5NR4Iic3RaE9qk1MkjA1mz3B.jpg
tt11866324,/sNAMqQ9T7YnXnvUSufeWzaRgK6Y.jpg,/7ZO9yoEU2fAHKhmJWfAc2QIPWJg.jpg
tt1187043,/gmSRHU1Wtiatj8KoyVt8rT9ockx.jpg,/u7kuUaySqXBVAtqEl9vkTkAzHV9.jpg
tt1188729,/g3wRjKk9IhztDnvc8e94Kw8tLBK.jpg,/2M5V8VcK02o4R5cxe7Ew1ltaxKr.jpg
tt11887316,/ue59lTGTYzyv6I1lBYlFuHtYy6n.jpg,/ezx6Rub8x4Xq6MyiEpWHhHtLBeD.jpg
tt1188996,/jtpPxVJkYKCaxVrnetK2YYH9Fqy.jpg,/zGCnIADWwpjGllYv8DgT8HIuIQl.jpg
tt1189073,/sW6pB4C674TDMhFcBXDbz7L0ppO.jpg,/oPxTkDKK2NcHcAEADATWiXKOkFw.jpg
tt1189340,/hYnR7oDOYn8ZXHICPuo0ye7lwee.jpg,/j9QaQVuyQIEwckUbjHpAgA7E4jJ.jpg
tt1190080,/gWE2GIrIqqf1OLV2Talxph11MC.jpg,/4P71rDf6roxVskbvdcbNayVMpXd.jpg
tt1190539,/574WioDX9AC6VwbmhPGpwsH8waN.jpg,/urBBFQrrVxy7T8uytrn7dOoHqZn.jpg
tt1190634,/5kgY14oisiHcJ4zq0Xgq1e97PHm.jpg,/bq28ajZaoMyzEIm6REelqyqtEDZ.jpg
tt1191111,/krKnsfvSJM1PL40tLicRhVQ6kuG.jpg,/2Mlw0JRNZHXLYxbeJ0LmiCCTiok.jpg
tt11912196,/njUrr755WzIrNfuUwQhpu2ljjH4.jpg,/eXUr34XTqYaDwyOerFpL6sUOgDL.jpg
tt11924738,/kbHMTNRiOE4WKXGDFd220i62Tu8.jpg,/hPEOBD7eeQh7plm9TYoECNkK4b3.jpg
tt1192628,/99Dpm7Ep8OelbNyEVBlln50EHGj.jpg,/mOtKQlXdL5J4lwqcSFlkZmgmFeZ.jpg
tt11941694,/okIqQayPcdYJUwC4qq1ALxMTgV.jpg,/viPfna8tjU7eEI4GMBGGNMXlx0h.jpg
tt1194173,/pWVaLBdcVrTqSTBKIJLinmuxRso.jpg,/akNBILfG0vh7WhuzjA1bXfrgpYI.jpg
tt1196946,/snKUzvCl3kGv0RWBjEjnOXMGvdl.jpg,/rJFqKcmMSttdNP58l0dVzY2NcTA.jpg
tt1197624,/iaY5L2gY60La8ImK7ll7QBXXk26.jpg,/nazre7z7MoUwAqimnrSlMlfLR5t.jpg
tt1199099,/8eR5Jg7CxsuCOEBU5wW0opObxpi.jpg,/tt1fr3oW9MDDCHNJWyBpf2VbsO2.jpg
tt12004706,/cPPhduQk1eX0MAE2JDaQRh3UZB5.jpg,/iZ8EtGAqKWZdRJPzWfFseNfVxjh.jpg
tt1201607,/wjKy2wSlDiLLLIkM7tHnxsXG8Tp.jpg,/eKUk4oN4ucwnLJml7wRnjuB9AQH.jpg
tt12042730,/7lwOTxajURKEWO6gI370NTrVdBO.jpg,/8Tfys3mDZVp4tNoH2ktm06a0Tau.jpg
tt1204340,/rRkbKzCqwVmMrBeVBnWIguDmBYW.jpg,/iPt0HhkT4RXM5LjfXtbGsLXNUbk.jpg
tt1205489,/7w54KRHdRokgXqxL59GKVau8e6l.jpg,/sP4vNXFhPviUJevrD7X8fJV1OD1.jpg
tt1206285,/mXM9wTy3iBNwStgmGzJdfAeuRTf.jpg,/s5ju92bKUbx4am1qHLKK2PVnaj9.jpg
tt1210042,/1IAQfcAUlQtmMyNN3AluLEuevhR.jpg,/l2QlhHlggJEaPdgkfpTt0IA2mHT.jpg
tt1210166,/ms9WEALWyumQ80Zkkb94gyUsjIZ.jpg,/kYlBNDkB5qFdpTDpnlQdH0CdK3T.jpg
tt1210819,/d3CDpP25e1sDluuvEbgnhl1Ovte.jpg,/vHd8RTXTGFwexUC2Mj1HOgSy9J3.jpg
tt1211837,/wJEZI3PWyMW7qcW6n9jyCh7Cclf.jpg,/kkoiH8ZWxJ9WSAjOadGtuHUQxbm.jpg
tt1211956,/5HUeR3OXlzIjWvE6S1WGKpZWm7X.jpg,/ix9WYBqQ2xSZCgyeQ1vVdrbaFa4.jpg
tt1212428,/mu4A882Ew1ng04GFTRVZrViJBZ0.jpg,/upatBMqiS0gSiNy52cwxKKcNne2.jpg
tt1213641,/hLXDrsgBqdO0xJHoRlBBMMortWL.jpg,/jrudoaXcoLyHRPdolyOGemXgPEs.jpg
tt1213663,/2zKG8FBn5AzGHgKLUMCyDLTUgDv.jpg,/stAPkorBeBkvEZ6DQs30Ke4cPyr.jpg
tt1216496,/4b9vEZoeOan93gHuEiEmKanhXoy.jpg,/mnNkHbs2onvP54zND5c1Ah5Usaa.jpg
tt1217209,/eVt6IKkzKqNs80TX0JVan6sjH5Z.jpg,/qx9ts2hBYJrkIQxhryitxnLlm2u.jpg
tt1219024,/kQPTXQbh4gob7fDwAoacnREwZTe.jpg,/zOnLMRD3PIhwO5KZmWMVEnLokMo.jpg
tt1219289,/iwOyBV7B4Y7YQKc6ZOmmdEMhjyf.jpg,/9V6Yq2ZVUmyAPcPyDcCBPnkluKF.jpg
tt1220617,/qNmcaXDndOkY6v9QiJjnxQD09GJ.jpg,/4NIZwLomPqU01RR24T0fWp3Rr6n.jpg
tt1220634,/j7obkD5UQUydpBOBRpToLWIWkwq.jpg,/8AvzydMm6vKICPOUuUG2KIW2on.jpg
tt1220719,/6BNa7SL9qrs3iaoMtdXIYqF58s3.jpg,/69QJSMkm5Hh0x9fLElZ8hjv5N4P.jpg
tt1221141,/a7sFZUcMzCbG8CbvmsTsgWt37Si.jpg,/aXE1bX9jl3YLq9D5WuNYBNTERZN.jpg
tt1225831,/SwsmyVX0LAHIGP1YCHPxdJzwBu.jpg,/a2Equ3sr2n3uE3IUe5y7u1wswsf.jpg
tt12262116,/ggeL3pdF7FGyRARcCXYBwM87J4h.jpg,/tHR34A5n0my4maACNdLpWGd6QYq.jpg
tt12262202,/hVIvwh1wIzWYjG2Hzb5ztoBwEFl.jpg,/kwronSXO1ogMqHHFvY2eBxfFLdn.jpg
tt1226753,/xZ8CuGkLsxNjaEcEEWmy61SFwiS.jpg,/zKK43d0ilNFmhmLUARWow5WlHVr.jpg
tt1228705,/ayyJVOV5I4MGjti7nIHC3mVCagR.jpg,/7lmBufEG7P7Y1HClYK3gCxYrkgS.jpg
tt12300742,/gaplD9IEUxez3GeX16SkgLXQJEb.jpg,/tN3pTxkQoP96wtaEahYuRVdUWb2.jpg
tt1231583,/dAGRc6NevtcsSFIkBjVn1GYRBdy.jpg,/naV4PO7ftzNThYKGX44F8vRY2z3.jpg
tt1231587,/5U3qVbyhogGjP5so5zu0wgmvVUy.jpg,/wwzuxanisjA7GhZOPYaWlfmlCKY.jpg
tt12322986,/g675YSbbvwZ4akwgXOeFAeGBh9B.jpg,/18pvm5koeoCZNw8aPEY4jcMUGFn.jpg
tt12324366,/zVcpkAw47UmTd2AXIhl3gOpeguT.jpg,/sAxx25ijwYQ8xsT56wu2IzvIRss.jpg
tt12327578,/5xORQi93Nuyexx1DXv3bjxZOFZ2.jpg,/fZJs6xgU9dqIg9phIXjZAZOInzy.jpg
tt1232829,/wnznvBLkpin6L8D4plfAS8EbJx3.jpg,/rXrpYOveFl76ivMmyb2612T7Q8w.jpg
tt12343534,/zKFkzRn1UyE11Jv9CJjVmvmQFvR.jpg,/qpin8cASXEVtwhzNsprHYFiOAGk.jpg
tt1234721,/2ej8wIzOYBgWQ5XlpeFulnkHAoI.jpg,/xACuC5FwpCdayrcCsJPxYzrl8BO.jpg
tt1235099,/xAWQBCCoBEue19oBR8D8TJlz0zr.jpg,/1GY7ih45OzZKjNCJ97XHxBCtuSU.jpg
tt1235166,/masLEe2o34cGODUxJ19g1iD0oXf.jpg,/jEJDjDBT6KCoS4WOBq68vZMbFk2.jpg
tt1235830,/kLuSIwgxXaLjxzKcbHxVZdVlf1F.jpg,/nHH8swSbK1NehS8yry3qNUg9pUv.jpg
tt12392504,/fiimZ9Xt5cPTPHNrbS4QautBXpU.jpg,/tTYP1npvBU90NthceezScfXGiOl.jpg
tt1240982,/qlOwoOBTfdf2Ap3irNGDpxsZHdL.jpg,/7P7aZ9ozRWlsruPVaTB2dLXI7aF.jpg
tt12411074,/kygd679z39SrypdG3eWMWH7AiJS.jpg,/itsgqrk6WgKwKOsNLwsQD9WUihZ.jpg
tt12422990,/oy3Bq4aP1D0hThJrj5nFxMd2dIx.jpg,/jq3JQ7SycdjEPYBBdI4ySbDauGH.jpg
tt1242422,/i2XCKfV81GcDbXbDNM80kK25Y0o.jpg,/rhfhCRt5R71ujjRjuwuTzODKUya.jpg
tt1242460,/7SJseOqWJFARnwrVl8EuiJMuxkX.jpg,/k7lwdrpZ92BDahx6TLdkPE65cpJ.jpg
tt1243957,/oph4jJLezMsX0uQ5UYDOR0CVerb.jpg,/kxslqKKfx89vxU7Mq296f8bBOmo.jpg
tt1245112,/9C7GrP6g29hklOqtGE0eEUbsPeC.jpg,/svZPLmBwYHjlwDwHkZz4EotpXqx.jpg
tt1245492,/g6I6JuZXxnxiXSuSqpINUM9Bi8S.jpg,/sXfN4ir91SfTeoWidIukQWane43.jpg
tt1245526,/98L63uVsv71kFWeM4ECdQ0Ko44a.jpg,/5tqBeCUaNHptScH3rBixjE5z2NV.jpg
tt12477480,/z9Tk2tkXL2zmbAuYr8staL0SZWO.jpg,/uUXgaOxPsr0jsBhGnkyIgw0g2ge.jpg
tt1249363,/4QGHuBUCz0H5HSRQ0zxTfuE6PFx.jpg,/gK6BkOEQXLyXzN3hkMGQ4PbqBvz.jpg
tt1250777,/dyYP52hnVzioCxLSheogZBX0vXv.jpg,/P4bGyJQF0shAcRku3I2perNUQR.jpg
tt1253863,/cbt5wY4rCe63JBmNYnJytJpFhnm.jpg,/chjkfyo57JexWo1YeIZRMk8wA4m.jpg
tt1253864,/pnKAKwyMhBc2dhaWQLPrrSsBlYl.jpg,/vbcUqIQZl7q7O2op2NT0ZqTLXxH.jpg
tt1255953,/rA40sUH6bHD5pAJ1jOcJFZPhlOe.jpg,/f3ATwil5vmUeTsogBaMEKbBYBth.jpg
tt12590266,/rNkilVmALgaIb4SenfbaecRStDD.jpg,/3UbHGmu9vIMSC5uNfnGt7DjetqT.jpg
tt12593682,/kM6iLHkDfyoMsTIm567mUFzFO9e.jpg,/y2Ca1neKke2mGPMaHzlCNDVZqsK.jpg
tt1259521,/40Sjxp3rXLC3UV2Wbgxxu4HwMJK.jpg,/wJffMiCnrszaNclKggGixYWB7D7.jpg
tt1259528,/cCatppK0mMR7DBfnFJC7vF8kdut.jpg,/gQEfeFzEDhvz1YB3JXU2yUZspmH.jpg
tt1259571,/l5lF8VHTO5QKObAKE3Wp2QQfGZJ.jpg,/dF2c20sRDgySZLaLS2OUerL07sz.jpg
tt1260502,/43jRjr03YunTNv58msgegZdNYHq.jpg,/f7EQtjydqW0F76fUpBvxqxKskjd.jpg
tt12610584,/ecbeh7LvjogNiymqDRa9cjHYFj1.jpg,/nkruExQa80rr9lSQFj2rcqmgZFy.jpg
tt1261978,/8CGNZk2HJHHFpnLdCJEe6JI6Fsi.jpg,/8568C7FeSsjmqLGuObSB0oB6kOU.jpg
tt12637874,/uNctKf62RRL8RKPTrdyFrcttwT2.jpg,/coaPCIqQBPUZsOnJcWZxhaORcDT.jpg
tt1266020,/5IOj62y2Eb2ngyYmEn1IJ7bFhzH.jpg,/frwl2zBNAl5ZbFDJGoJv0mYo0rF.jpg
tt1267297,/2q9Ic0Q4vMcs2AbTE640fRuB0Qe.jpg,/nl18gyzai02Tu99VkURu7kCFrR8.jpg
tt12680684,/u6m207hARVTifCHOuRebXRzRt43.jpg,/dTvGUMFc5WCziTzXZKZ2EfW2bEM.jpg
tt1268799,/1FW9zbmmbkHvxRtY6AoYfKhb0FQ.jpg,/A5VmqOiOXHUqX8QMnXuYJdIOXeD.jpg
tt1270262,/4vcqzoNkBcgsYabRgV41iXUYkOD.jpg,/oInNEEn2qzAAWQkFhfDEKbXv9RR.jpg
tt1270797,/jMBTJQiHAyGlZR05J2sq5coA6ew.jpg,/VuukZLgaCrho2Ar8Scl9HtV3yD.jpg
tt1270798,/6ED3G0lpBXRZtEDJD2xVYsqIwxI.jpg,/yhp5Pt4GugkCs5mz63qWz5khHXe.jpg
tt12708542,/dmF2LqFb1Aj8jRktPdYapP7fWyx.jpg,/sjxtIUCWR74yPPcZFfTsToepfWm.jpg
tt1272013,/bFLpxXZDZgK5kxvAlUgL6YYN7pZ.jpg,/jS870G9Nm0m5qTn5oZamqnWaa0e.jpg
tt1272878,/A0osDL7XE6v8pseLPoo1P6TaiDx.jpg,/swyPgOP2lffHfMjeZKNnNFR9P88.jpg
tt1276104,/t6ogdhdjP9KDCLJR9i4HG3bplQL.jpg,/4GPCnwvTbsDleH5QIOyDLMsK8a2.jpg
tt1276419,/w71BH21CNLOzZiAXMrom5ZZNzfi.jpg,/mcoZV42CxmW07Ob8ynDuZ7wKZSr.jpg
tt1277737,/49g0ivVeEkIGcfV8GxYWZVixoTQ.jpg,/67ln5E2D32XFHegFwmFjxT3wvqU.jpg
tt1277953,/8fKTIecTVNURB6CRFjYMypggRL2.jpg,/uDR9UjSuykTL8g3N3bh3siZ4n3C.jpg
tt12801262,/pr06RihHOGE3waZQx5fs2WYUdwr.jpg,/620hnMVLu6RSZW6a5rwO8gqpt0t.jpg
tt12805346,/5tK4hBaHXqEcz1iHRr0nCgaABPk.jpg,/ycrAqPzKabKQBIvBRxkROChqc64.jpg
tt1280567,/4FxYoEV2GXQ7VigESmgNJhusRpM.jpg,/xhK1B9ilRCvOKdEs6JofFQj5JDf.jpg
tt12809988,/s6fj4CUqv23t7EUNad9bQ4seqae.jpg,/xpba0Dxz3sxV3QgYLR8UIe1LAAX.jpg
tt12826598,/ylXe7RDkvX7xbE930BE5HQ6EOLv.jpg,/7u5gxjMdcm9Fke2XQniKPqsWB6B.jpg
tt1284575,/gNzecyjgBPPSn9g7GoB46BVW81Q.jpg,/tSir1KH6WgQNAEDzf50tcrPiPzC.jpg
tt1285009,/gjUqYcAAJNTgnyyVoZQoZqYhAUx.jpg,/aUtLuEvTI1Z0vItORUYho4UiU6z.jpg
tt1285016,/2GtDmIdxkJ5NZG97yhJQtM8Wn1H.jpg,/1PXwh3nJzgRkkYnqfWInJNypeL4.jpg
tt1286039,/dHOaOZGUhnoRXeK9mhYeSRPh59H.jpg,/tK8eRUWVY8AVdDUPUxSzrmlLb0R.jpg
tt1286821,/sihrAH4uHhpjWwvmGbQVZnUHZaW.jpg,/n39eDdSDiPlgr51qkQByRTX9ZN9.jpg
tt1287875,/uVrpf84nyPaddXQzetO7tFaBkFx.jpg,/y01267IEyithEQcGDqAPDEyhf3O.jpg
tt1287878,/7sKXNd9WXzrncgMEGNpegl1Y2M8.jpg,/m3xCLh3b3QH9QkZx67argsU5PTO.jpg
tt1288376,/bUamVkilTDHVM64IQRpHMXEKMwF.jpg,/dBFpC8iS7gqsejyWhAv66Rj6GBd.jpg
tt12888462,/vrwDNdfWyO4X5rNXt8tpGi4XlK6.jpg,/sW7VOrkHKYIeV9PaYc5IqGU2XK8.jpg
tt1291150,/cdNy1nz9HeaHoxPhbmamZ6psXKz.jpg,/eezsbzYPbYKjjh6E1XHDBNlLynh.jpg
tt1291584,/4R8oxk5twJrZ5U5pYdT0oa0hnli.jpg,/zb7b40ieuRGiIc9ebIEapneaCsl.jpg
tt1298554,/fYGf09qvwGmebnQJ4C58wp2Zwtv.jpg,/dOeQPKVa9verEARmAzzZd9qb5tp.jpg
tt1298649,/6FjsohXcYYktI80wT6Kg5GqJNyH.jpg,/iQkWo6MQ1pDxbZQ0DNxwW5J3Ysk.jpg
tt1298650,/2oOARbiV871kCC27FyKBmYwOM3G.jpg,/uzIGtyS6bbnJzGsPL93WCF1FWm8.jpg
tt1299377,/pKNFW6SkU6LC46iHnWnni10uToE.jpg,/jwUZjbWf1aqkdsQgkYG8MiogbDN.jpg
tt1300854,/cW0fOIZONkgeiMJDYzqUcgl4MUn.jpg,/iVped1djsF0tvGkvnHbzsE3ZPTF.jpg
tt13014746,/q0aBTr5powKFlD08cQ5FqKkC4VQ.jpg,/c61whqxzO2RsZCOsOaf6Ao4eYVN.jpg
tt13016388,/6Dc9mMl083cVpNknWzALCw7JYPH.jpg,/ciizJ9Okzt9tBBGK7Q3T14LFT2j.jpg
tt1302006,/sNilmIAwBbH0DmBOWBS6gWvNDex.jpg,/1RDto0tLo8Fhq7OcwgDaM7nECb7.jpg
tt1302011,/aNji9U9SPTecmoqGippQUBEyouy.jpg,/reHkSQwiYKK4SabnGDY1FWKie82.jpg
tt1305806,/4qGglMWuI4dHMHX8pMr1BbwaXkW.jpg,/zaANf06OtqDJr5saqp5ymEkDPsi.jpg
tt1305826,/vpnV0g2VOounP0kHNi86oBPceMY.jpg,/pe4B3OYBb7qYCdkAz7nKWordbls.jpg
tt13066182,/kfUBHRYmbzkIw7lQZ3ZcptbW3VI.jpg,/zrwx2GY2mObQl1PvORZttrefwAL.jpg
tt1307824,/o7QyRS0oZIwLgPbtSJAJEbbgh90.jpg,/A4eWZ3lbbouRScudg7bwZBSFOk6.jpg
tt1308667,/eENI0WN2AAuQWfPmQupzMD6G4gV.jpg,/tOFWd4Dyu6PltElWncnpxe9jZgq.jpg
tt13111040,/9fdYX5uc3HZEuYotms3XJ72AbCr.jpg,/HymZHeOUxDT7QWCgdRsYVcdK7I.jpg
tt13111078,/d0r0rxI9UjMVvD5Krc5oET2O0gU.jpg,/mU7l9UaEItxHbg2YBNs0sHjoFVY.jpg
tt1312171,/5rhtcR1xl1tSmH3FcMH3IJ8gNGC.jpg,/gHJhN9AJV4PmJ7YpLFa9ldDWuG8.jpg
tt1312221,/hTj8x0ElKldJyAjTYvaqxkQNxxN.jpg,/hpXBJxLD2SEf8l2CspmSeiHrBKX.jpg
tt1314280,/7UmvcGMv3j1wCuTknncmxJfNfXA.jpg,/Adehm187pA5lU5coIfIIdVOkyte.jpg
tt13146488,/t7NakS7qZekeXSocv6jcyd5on7A.jpg,/aJcUU3LMlqMKBi8L3eaxGfAbd4G.jpg
tt13157618,/jXLhr96JH5DG6TBM8rx8subMpnE.jpg,/6mOK9j99OFlxGc3ird2jWUeUha9.jpg
tt13159924,/fLJzwWk28vRrNQIvIXUSU5YBdT5.jpg,/tldMHeR7UnihV5ffrxxM8cDhbtT.jpg
tt1316540,/k5Nj2GcU8RwU53GhMZjyxQyemGF.jpg,/eMgNa5dbU34qyF0KA9DMA4TrEzn.jpg
tt1318514,/6TqjIMQV11NkHMuriprN3xNoN6o.jpg,/6cCF0KMUO2QmrVsQFujkQduREXX.jpg
tt13186482,/dmw74cWIEKaEgl5Dv3kUTcCob6D.jpg,/1w8kutrRucTd3wlYyu5QlUDMiG1.jpg
tt1320082,/hA5pN44Z85JYN992MqoTVYI7NJv.jpg,/Ng3bVep7dL8qQiWhWQlSo2OvpZ.jpg
tt1320244,/j6zDqYkHbRurQJTSDSS7Udh90KX.jpg,/fyNEA2BZ5Yixu6Wub9OtIqlmJBQ.jpg
tt1320253,/qiKXe4xbXnXdrhQXmXpZwG4Qlkv.jpg,/yBv9RxlWPXRCvjMFsrmB1pxwWo6.jpg
tt1320297,/9swsCI5wffx0OKkNrepXUDMCPQ8.jpg,/hgiuAQDZeCZS4LWf0ODyqSBUU8a.jpg
tt13204490,/olnyyF671yxpZagYfnvfpI3TGft.jpg,/yuXZXuS4RCTnCYScrRWBCNz2ywB.jpg
tt13210838,/ia3jqovfKDRlIwbXjiWY6mKUA18.jpg,/yG1wltFmkX5c5ocACKfpX0tp3SY.jpg
tt1321861,/hrWIEPilEmYqaoeEvpGjEZ7Nikw.jpg,/oaQeKZDAUCao3Vf633pbxxQKZ01.jpg
tt1321870,/3VDER4Cny4bl7tZBF1M3NgZtSlm.jpg,/9LalKDfdttu9z8Ag1UKTTO66FzA.jpg
tt1322385,/s3Qg2sWkJHsiE3D6szufaRSvepR.jpg,/5N0TkirfreQ5PM5rpSVOTq0OO7.jpg
tt1323594,/AsaaPLSfisdFDeasEd9r0GiZVss.jpg,/2XSeKDmIa2KxaiJy4J9e8FrIZhk.jpg
tt13238346,/jWrJrLMD7SZoxc65KSYej6QOw12.jpg,/7HR38hMBl23lf38MAN63y4pKsHz.jpg
tt1324999,/27WlKKz9f3vMr6JvSf0LDBVdtaZ.jpg,/iPqoeXEfByDN399PQQ42IJHV2kN.jpg
tt1325004,/yjfrg4H8sCst4Z5gAW0Asn7506T.jpg,/yiWfT2Bl1Nul3Xie39Ahs3FqSjA.jpg
tt1326972,/NMdCeoev7k2ch3MizaSyLe6cD9.jpg,/taC4SMRB4UUbXL9R4680aJ4ejQK.jpg
tt1327194,/fRvAAnok5idXu42DNVAuXaNxx6x.jpg,/zGZpy2u5yRczyRMOlNTEm8vJMCi.jpg
tt13274016,/1x0d4S5rWsnzXHEI7ddThaQeLmQ.jpg,/nrp2khEM6JWFqqNLeub1J6Qafe0.jpg
tt1327773,/5kQosoZJ7R5MgG5hEgnKvageoJW.jpg,/g0nLh5eQjTcffJUavvatBNkaSpy.jpg
tt1327801,/hykXzftTZwYj6fyxr3liq1E3M3v.jpg,/1orqm4lN8VtYGlxZ1g12ip6iwmG.jpg
tt13285394,/9RliNX0yRKybaw8MfmzjL55olcB.jpg,/xtErsvnl1DD8123cBUChCmr6zCI.jpg
tt13309742,/e6SS2QGSXOb4ifmGvTVt27Pt0bd.jpg,/oCMZpwLBcb3dnRuzEKWNWrw1tHz.jpg
tt13314558,/kKcsME7Bjlo9EvKp51MkgQ8tgQD.jpg,/yjZM4QrgA7PqX18Es6DxvJQH3ba.jpg
tt13315324,/19nJFPGqbdVMU60KPbuS5yDGd91.jpg,/7I81Iey8vEk6IOfSXqulSckcCsZ.jpg
tt13365348,/rLgOasUfugmhshlhURKKULDEdrB.jpg,/7TYMho2TM6ZcqSv6YaEjlNIyhXn.jpg
tt1340107,/kiauGRgdCz5SVjdm0DiqR4fudqB.jpg,/jso7QKHWwkdlEHFef68kFWHsltx.jpg
tt13406094,/gbSaK9v1CbcYH1ISgbM7XObD2dW.jpg,/qVBIAcZkK5j6WRq7JehJcOMbdgb.jpg
tt1340800,/azGlnOdCz7hGQM2dRM1Vr8UyQAu.jpg,/6ZwscHN0bSIueTVTo6mlTGUUP90.jpg
tt13429870,/qLtK6DFeuJNuB3THGVDklirhQ8u.jpg,/hIeEpk2w1dnC9ly9ZJwwbunH2Cx.jpg
tt1343092,/j4lLlVyOLzNVlLcBz6UGsAvSG2V.jpg,/cf4YmtSnNhdG7s9ERmXyaDEznEw.jpg
tt1343727,/qXBx3n0e86mjBznuIRz6EmRv8Mv.jpg,/jUqDBi02CDjqrroC3Zl8hroBbSr.jpg
tt1344204,/lPAOv8kE2AuD4jliyJ6ziKQIAGi.jpg,/A9Ld3VO4vPwXV2vV9CmtmnHwrXD.jpg
tt13443470,/bNKwoYqkCXfIhhr5Jz8slrsw32r.jpg,/iHSwvRVsRyxpX7FE7GbviaDvgGZ.jpg
tt1345836,/rrS7K8tXVFUBliIKWaRuSq65nWr.jpg,/c3OHQncTAnKFhdOTX7D3LTW6son.jpg
tt13521006,/6bvITjsMqTcPYQDqiLEkL1SJ27p.jpg,/atvEgnjjXN5QvFDThXVz4nyU9yi.jpg
tt1355642,/vIkH7fUQf8Olo8Apq56FQLGDXOo.jpg,/A6tMQAo6t6eRFCPhsrShmxZLqFB.jpg
tt1355644,/iLMtX4MGl8WjKCPfMgCdDuceOth.jpg,/gHz4ZQytRs8YGrqFMwB3Vrr8pig.jpg
tt1355683,/48Wd3LorzNxOxkmokrN48f6PJs1.jpg,/mK4J2Qk4S4UQGOeMqsgei9DyPwW.jpg
tt1358522,/zBPtDQhzQIul3q1URdaNt51Kuw8.jpg,/aUyweq31etaay92oF4crwdDcnoT.jpg
tt1360822,/dp885Fkkaf0ZcI1BnNLjNgRNsGc.jpg,/9O5n17sMzUuFSkqyhzvWqvlFe6C.jpg
tt1360860,/i1imOXrEUzBYOt5qm2TmlYU6Lxc.jpg,/3loY85G8vB0OcpleFFezf4kSDsy.jpg
tt13616990,/mIz0eKhzHuSPeRSePCyoCt9bKVp.jpg,/5DUMPBSnHOZsbBv81GFXZXvDpo6.jpg
tt13622776,/yTvWa3syCJSyDrVelsBThUxrpSN.jpg,/loDy1LWCkPjECjVTRmyKtOoUpNN.jpg
tt13623126,/dOh6MJpdlQhYpLBhzhNQeYGKTZ5.jpg,/vno2LrEQr3lTOk3U1G1ihZsy64b.jpg
tt13623632,/8IIPZe4V2xNYFWY7lBY6GpN2L8O.jpg,/sVxit4vKQZnrHejeQupBYadP22g.jpg
tt13649112,/sS0c2DnzoHucyzQIOQ6mLIxV84Y.jpg,/2qLYxCyxf4fim0X5OqM5FjZqWXu.jpg
tt1365050,/1D4vcJmJc58WXarpRtwgd2do9Rg.jpg,/vDfbeUK3OhoeyQRlUODwfSy6tyE.jpg
tt1365519,/1GK1Qyt5SZeRCimVfqG0Wcynth0.jpg,/ohijjhvNqAPKTURQr6VIF7xuAjY.jpg
tt13668894,/4bffB2YV4UxNfEifp4HxdhfJulK.jpg,/sjx6zjQI2dLGtEL0HGWsnq6UyLU.jpg
tt1368491,/2dUovBblGUeNExvFaa6HxQR6y9k.jpg,/c1jYnf0oKLvoMeXAMH2joWt4STU.jpg
tt13706018,/vaIREdPGZOnW9Jrs86mheVVlIQQ.jpg,/lysUnU6V0VfcthDbviuVlIqgHOR.jpg
tt1375666,/tXQvtRWfkUUnWJAn2tN3jERIUG.jpg,/8ZTVqvKDQ8emSGUEMjsS4yHAwrp.jpg
tt1375670,/r1mDA1SLjw2yiYhhLiAjrd2Pt1l.jpg,/kARonxQpuSZdFraTKlCThWOBCtu.jpg
tt1378167,/TIIgcznwNfNr3KOZvxn26eKV99.jpg,/dAepkmD4vdfhS82r2OIqF1nwGR5.jpg
tt1379182,/w6QztblXtDGXCWotvyQKgeBZah.jpg,/hiSC94dJJbF4YxgUpMFrQYTKdaT.jpg
tt13833688,/5PXybRV6hVkteNZsxLeSC1FV3kx.jpg,/46FRuCeAn6TrS4F1P4F9zhyCpyo.jpg
tt13833978,/w4kfFjqanJuvkVOg1nb2ag1VG2e.jpg,/jBFOVEE5sMIyT141YIqIwyU8Y1D.jpg
tt1385826,/lndtbz6rgmCoSufjkOC0JlsybRY.jpg,/jE3deh9kkOKgl3MISqmpWpqLUjl.jpg
tt1385867,/jBYvzKKO5GTFRgaY1KuvNWlPH4E.jpg,/p8ah01N83pfwrSmlJsUufEx5pGR.jpg
tt1386697,/9ymhU7NclJr29MpZnBQbJurYbuc.jpg,/wAk0yKrhAmvsoMvlKs4QImhvK5X.jpg
tt1386932,/ype1J4olDfeQpseCiQob5I74oqg.jpg,/lFhTEHBphkHw5hDsuRLYAXZB3u4.jpg
tt13880104,/3EwqppBdI3n42tgecg01fVeDOsb.jpg,/gJUDmMfeoVopMNwWRmswWJQu4km.jpg
tt13911628,/pQ2jgWYYp8t7dFZiTlPCF3rSDPE.jpg,/sPE6RlcIdK7i5Z991cQQkoO2R6t.jpg
tt13918776,/uYNgC4Zd9NMcpMVug9NTgeIqfTy.jpg,/gklrevVndG98GHGDwfm8y8kxESo.jpg
tt1392170,/qSEn7KsGchT7qB08HlviyeTPrEr.jpg,/3sndNmvdF0R8AeyCmVoNv8LKtNy.jpg
tt1392190,/fnY0VRsb31A5RLVCBjuR6EFUlo2.jpg,/gqrnQA6Xppdl8vIb2eJc58VC1tW.jpg
tt1392214,/i6CcmOvJxBFH3mfhCHa3Njtelix.jpg,/3RFmTz5h2UuFWEV4oH00XICBR9y.jpg
tt1396484,/sSrj4lnhrb113DOPEPTaO2jaDk3.jpg,/qVGpxnjrGlHaSTCqTQI6viBDSfp.jpg
tt13966962,/1RFLMSnFng8G23zZ1G5Q6lFVRfY.jpg,/u3ySnWqSjM3jedYgJZTR7RWRDDm.jpg
tt1397280,/2RQkFjXnqLxc6F8H4VsitxvSyuk.jpg,/5M92Rtz6r01HLrN0TMrU8jCbyVm.jpg
tt1398426,/bjVN5D5AXjGVTJAJX469aOzGgnc.jpg,/8r9RoGfwGmn1pn0G3sbvHHemSWF.jpg
tt13991232,/waLbm384SQDwLTCn6ttPqQS5kfV.jpg,/uQUHCqxHsG9blvtCoL7vluMG9Jp.jpg
tt1399664,/mpegR0goWmr1uBZ5DaPGIQDvMHg.jpg,/2vAOdruqvx9GojXxKi3xVsZZvKU.jpg
tt1401152,/uEzoH65RjqPYBcpSFu4gLstNoo5.jpg,/f2d419xzKDbtVpToJorTxlKMvgQ.jpg
tt14016500,/yBtc0XzuA9nadVX2zgXr3Za4mtG.jpg,/jCQV3rHNbgHKo3N4G6CARbVEjPV.jpg
tt1403865,/3O16Iq2v8FbTI6B2H91CsrKi4q1.jpg,/5dwlH8Krm2bsuc2Pubw2cBb03g5.jpg
tt14039582,/iGm0oHpKzFo7z73z82KL1cy9iMX.jpg,/r6aqhlmJmu8Dv5E7QYEruaEXKYm.jpg
tt14044212,/qV0czio2Ko1qkytUqByyLaQRiVz.jpg,/5mC90b2FrJMe3Xr26cL0HeWcrvG.jpg
tt1405406,/rKNnzmOA1REgxODY5wVe5UEr70w.jpg,/cJYLon9ejKJV7ua03ab8Tj9u067.jpg
tt1407050,/u13grxXOv8VCMsKkM2HTEMAIzeT.jpg,/vVpPX97LFI19u56tgEP5eObqgBx.jpg
tt1407052,/dA64qc5gE9EQXhE99Zk4lTaoXci.jpg,/1act330tE1QFQ5Dv9RRCHJG31Be.jpg
tt14077696,/7lOcGma9G2yak5qB6ITwg3j0PDm.jpg,/7P8MrCJfAeKrzbfrv5AEU1tvJfE.jpg
tt1409024,/rcVJtZCGnp39obbDKYred2mT9sE.jpg,/5AhpUb8CAP0jZ4Wrn7AsRUYjZxB.jpg
tt1410063,/cVOFN6qzMpeDhirmbzDq1pKS3lm.jpg,/ca0a79cbCGWJdan3SEBKkQBSwKi.jpg
tt1411250,/CDmNSBacnZ8OAPJt1C4nbZwu02.jpg,/naGU49u4BXynQ1o5L755pfs8dom.jpg
tt1411697,/u8B1a1AEhZ0k2mvPvzOYSJDnlge.jpg,/aGmsekNU5cMOkJMpbdRutkvmVMl.jpg
tt14153790,/sDQVF2zu0KW0AgkAadVjaHMe8uE.jpg,/dlOkqakV9AKFFUS6Sxn64VS5ffp.jpg
tt14164730,/9EBKgrFIsCFSV1RZKWhYUdbtGiv.jpg,/e6v08948EZVvLrx0sWpmglguY9e.jpg
tt14169960,/8jClvC5U756Uhd8zDYek50ihO49.jpg,/8hp2CuGnw1iP5dLBVMAPUv23swx.jpg
tt1417075,/exoY4dA3i3sv6XJXTc9q6k5VZkD.jpg,/nHEfc1ukpsYMmILr79QrClYNma.jpg
tt1417108,/ye6vXu1Ts4lo8gPlKUBRESvdgic.jpg,/kj18Fat0G06RYmk93GOhNV6iWPn.jpg
tt1418377,/uPQSWxBSb12DV9OHq6mtOHUiA1E.jpg,/9ywnF6JCB7RqmZ5OPzoe67LfTv2.jpg
tt14186672,/hGbYOuUVoxfXa96pmNLFJ9a7U5T.jpg,/mh2UczqEXJJVgqohbyZbHTuxwhL.jpg
tt14208870,/wcgPDyvKkgo2agNXcdE1eXLGzmf.jpg,/xQyGkQ8ICa4lgifGr3oZjkm3AJ2.jpg
tt14218830,/4Wzg87NuYttqYqZKLbQMtQXKy6o.jpg,/asDINJT3b7tEa76uWI1rZ5TWdJF.jpg
tt1422032,/rWrFBniaBtTv2FUpIRiijwxMFZZ.jpg,/wIgN4qGIydCAkgeFfPomqLRqRbg.jpg
tt14225838,/jbUdhy3wsVLftd530jyWHKebsUJ.jpg,/rniS6AOKTOr5PV7Xok6m7QSzlXg.jpg
tt14230458,/9OYMVcP2zyw0zpWOTuxlDo2MsMw.jpg,/zh6IdheEYinU4TPtorWsjx6qPQE.jpg
tt1424327,/9MSe8crqjyrB7ETLcM566ufw3oW.jpg,/hDbQF1h1ncMlbu5UUW8qAA8o3gN.jpg
tt1424381,/mYH9FtLUtaIgiGKrVqo82TklFIY.jpg,/yVSgw4UyXWg0Edl7KMehdhhgIwL.jpg
tt1424797,/1sSrL7s09oSdnlE3wzIEZ8EIEmS.jpg,/72G2cjD0sVmpkQqFkSmADUz0g5s.jpg
tt14260836,/ak7VgAaI94K6CbbFuL22xIBJtyE.jpg,/wP0NGOGf2PG4lHXHWEqFW0kBOye.jpg
tt1426374,/w3LbEx2u5NrpHL01gMXZvjiknhT.jpg,/bZKZV9ouna3ZGyRwkpUlhPY1kxx.jpg
tt14269590,/zDeWkJRkKzzbNukbroQohjc4Q5P.jpg,/ccOzCmrglAjRGtqv5ClTaBEsWt8.jpg
tt1428538,/cSoRQKVITESDpSCOdzgAyCy6xeE.jpg,/mJSe5dxKu8Sq0GfdjdWVqdGvzfV.jpg
tt1430132,/xsdBlh5Rg673dRmIblDZchuicWi.jpg,/bEAQfLTykGg232kJogBlxRYaRqU.jpg
tt1431045,/3TUYy0XvhPQBhrXJwRIaOoYFOBO.jpg,/rFj9IKlL75B2pXhZA60jkNWvxeW.jpg
tt14331144,/2ndvx03fmREMxEgaZ1vWt756TOQ.jpg,/rcEDPOOOUTLFxLLQJggfLffbofe.jpg
tt1436562,/ydExhIrbFvPedN9tSIHzzniU1Dd.jpg,/3vxlXdwBKztOJdgiZ2Qwasl9FY4.jpg
tt1437358,/aDi56oSNirZStVwgl8R12nkQrIk.jpg,/nMJlSiRA0ct2vuX5O9ltq192IxR.jpg
tt1439629,/3KUjDt8XY7w2Ku70UE0SECmv1zP.jpg,/1xRfgONYmK3T6FSmbtcuo8eyxVt.jpg
tt1440129,/ddQI1uU1A7dm50J49tCTPGF179z.jpg,/85PMh0cKywekAJYDnRXfezYAmEc.jpg
tt14403178,/mymu4UmxV1ht8avuQYXjJpE1hL5.jpg,/2VHbof9yaNhovEnaancBkXEULCT.jpg
tt1441135,/5EEEfmiNSQgnVDLVh0A01PZTcFg.jpg,/pX0YNhgplZW4zCcA4jDVrr2wBiM.jpg
tt1441395,/u1k9LrMLcot2XsTaGLPblZ8Dmss.jpg,/eS5OdKN3kRZXQbWRSSCJ4Gh0z26.jpg
tt14417802,/5EDGgVdkH5qNC8tYdImb2QdnhIK.jpg,/iQlel1ftOsnWguxyN98eUmKTOPm.jpg
tt1442437,/gabjqvbqXsg4KL5JaBoPKPipiys.jpg,/nO7EzksrBzlNpAg5rgv8HzaBIkx.jpg
tt1442449,/c2GKN4VHCj1dnjFMANRpGkCVBae.jpg,/zbfXS4o6UykeXsD8djFTyV7Cj4N.jpg
tt1442462,/bN3KlymMHYNDrrpd7X0CsUw1h8G.jpg,/uinrziSwEmS6s8VvGBad5sed7bF.jpg
tt1442464,/u6FluiFx3ocVS0MgZszfpPKXT2p.jpg,/82D01BlixH1JD0BCQoERabDjp7h.jpg
tt1442519,/dHdIvLTurkw6izncX0NARxNJp7S.jpg,/brOMTLeCIz0LBt4jxMp1658aT45.jpg
tt14452776,/5TZnk9ryzfcNlsCOghURfZsBong.jpg,/aJtG4txtmiRHwAAqENQHZvBs6kY.jpg
tt1446714,/wDVap4INWE33SPiAMcFUVlPDNIb.jpg,/qDG5SlGkWNsjSJWiGTBMFI8DpzA.jpg
tt1448755,/a3Ep5s2af2Fy8hlWCH3lbLGZdAH.jpg,/RzIuQRoXiO8WeFdjtnjUCzSymV.jpg
tt1451762,/gHKhipw4s1tp3wENcTyT2UUacu8.jpg,/eixKV60qwus2JD4wCHUQsw5O4LA.jpg
tt1453405,/jbqWAQOFo1LZTIG6rzlRFkZlIH5.jpg,/mIpCxBWNz6SHCQBe2K2PFr5MB7f.jpg
tt1454029,/jki2RrXEE4x6RT2qyQzOVIXYlsn.jpg,/wyvUmyzqGOBDyqLHRSukGDjI7bH.jpg
tt1454468,/3CKbEXrw88LNvBU3baISh1I7JP4.jpg,/a2n6bKD7qhCPCAEALgsAhWOAQcc.jpg
tt1454523,/bky4ArtXRnWLpGfDYLvY6S45yDj.jpg,/ywScdkxr19Gggsr3u9o0Ped0srS.jpg
tt14561712,/dPg43t9EJuy9ny2iAj6IitktYc5.jpg,/ovtTn2GkzOYsMvAVWl6Bt0jN4Ye.jpg
tt14570440,/eSatbygYZp8ooprBHZdb6GFZxGB.jpg,/gutU32BiBxJvJdzLv5RWC9hQhNh.jpg
tt1457767,/sKuHxkCogdk6YWzTyXYPoo9qd9n.jpg,/ecKQlAEG95k62SMGhvX83oEqANK.jpg
tt1458527,/j4vCkcslqJfeLWplvrNbU2yTCma.jpg,/kAjdXQF547Mi4qVvIX04hquQfek.jpg
tt14586350,/xGhCnhnv7FqvumkKUQ1Fqp287u0.jpg,/A1kULtnwc9v4gaYqIGyMu4YDOFu.jpg
tt1462059,/uP6p0aWcIpYwA0HjY4bYR4naz5g.jpg,/lUincM93AWXWQbq0Y3PIKu10HEL.jpg
tt14641542,/k005afxR9TZSFRcFN5XiPEjNQ8C.jpg,/hag9edxgL2RgG9FMfqAV0KgjPK0.jpg
tt1464335,/8FiWi61YRbkN95xmH668iq5sCo1.jpg,/fwrqW8Lp5VQuppFrODd4iJ8LySE.jpg
tt1464763,/vW2sGkWyY7Zk6hrzPiOraBAcdAM.jpg,/tHTmBF6nhRYmfBR3yRrmrCLy3Oi.jpg
tt14650074,/cVaqEhiRPtnWzZVNZu9iaJHsoVE.jpg,/2QsmesFzm5WaP70pRmCbVBzvXDA.jpg
tt14661396,/mAO99P8fvFSo3x42I8b8LCcBah1.jpg,/92R2R75gIiVo32dIm0JUaIytpij.jpg
tt14664414,/69UFOFctnHpu7i7CDZO9QUiHYrK.jpg,/lWkS3ygISl4tRHpcvWHWySG1Uxz.jpg
tt14688458,/s4yRu8IRcMLbfoUsO4q9Yuci4F0.jpg,/fQGrzO0Iwo7CO4b2zVdJLkcnhwK.jpg
tt14729020,/x2CmhuEvPWM90WUD5mLP7Drd4Na.jpg,/pcjWAV4Iw7sl3dpV1dfIoxbbTuu.jpg
tt1474684,/hDxOMX8zzH1FiqKWVBzNaYGBkle.jpg,/A2qdFRq9oJDC5E7fbgSS4POUMDF.jpg
tt14755038,/2VJcaYzD1gdNPpb4DaXDgmQ9VmK.jpg,/7ewBir8AIg2b0r4gOceCWUOyKNF.jpg
tt1475582,/7WTsnHkbA0FaG6R9twfFde0I9hl.jpg,/8rvLEmdI4gLrMO1rLqbNdnNcPFE.jpg
tt14775784,/dsHkn9T8vIBheVor4jyp5mzLrWG.jpg,/7WToT7QLZMkupWysQKLUpyJYnAf.jpg
tt1477834,/yTzr6Nc4RcTXVw9SsWQNJdcjTz5.jpg,/9QusGjxcYvfPD1THg6oW3RLeNn7.jpg
tt1480684,/w6IAasjDdANmalOWkjKcENhirQR.jpg,/4MRgkPa85umPuvNpahlQo1JtzMP.jpg
tt14821150,/9bngHGx492AD1tbbkcNGpvn2MBL.jpg,/61bIyX4wA7KyXWGHN9DNSBduR6i.jpg
tt1483013,/bYLM3GpNUZnoFElPXp1zlhDPdtv.jpg,/2kVt8oj1cSz4GAP0Hi8SESOiH0T.jpg
tt1483797,/xjwGQJr4ycbfu7jfhOUDxjyrrmL.jpg,/hpiEAclfvNJOYPEIhmVewK3n77c.jpg
tt14846026,/iaKee6RBwx7UxgZt7PWQUAAkaG7.jpg,/pBdQ4iorzRV2G38mdS6rzrmUfMA.jpg
tt14849194,/aZj21Kcmazecm6VDBn4bYU4evi3.jpg,/A99WMiz0ASpH9coOFrxSEuwTWx0.jpg
tt14852808,/c0bDyPIvKZluQXcK9N4ihP7OgZ4.jpg,/9vC8yETLP1PmjttnEPPd6aLDtnZ.jpg
tt1486217,/vhnrkTGYPqcB63ALcSJm0WoaKHT.jpg,/c4dymvMQT45P1j9RnscRyeyyqSg.jpg
tt1488589,/lGQR8HybJkO20DFTlrX3egEmvpR.jpg,/e782pDRAlu4BG0ahd777n8zfPzZ.jpg
tt1489428,/ie1quhMk09lDtvtAyQAHTu09R9Z.jpg,/cyieN1P9Xo5SvLasSUT7SaAAzfy.jpg
tt1489889,/vOZnX2PXASGjWXJdJSR4RjATDun.jpg,/12gfRwL8RuZUQ4kiGzq9kRYBK5J.jpg
tt1490017,/faKcUazMUagPhx9N3kKNaUCrES4.jpg,/6gI1dAkOaUQ6659OdRPsTLlsem5.jpg
tt14905854,/qXF968t2LfHZJ8Zrq2NgMGNomnE.jpg,/yt9m5CiU2MZkQoNl1kqLPODNR4t.jpg
tt1490759,/tOPJEOavaO8bY1cgfUHUzraYCqo.jpg,/awBG1gg53s0rGvQxzcPNyLmDqEX.jpg
tt1492966,/ubWj0BLRV1UDP8ELnTr2is2Wl0Y.jpg,/afyjB6cwJnTbo0OmnrGTl1V1pNt.jpg
tt14954666,/m2IDfG0IJphzq5s2kJ7Yvz52OQi.jpg,/jbFkZSsmFFLjqZzxQHTBYyQb0RR.jpg
tt14961016,/pnhi5LYyTY1p9cgug0XwC13xVtk.jpg,/j9uruwRe9qM8RnP758dF7ISB8Bj.jpg
tt14986406,,
tt1499666,/jRrdzFcJUTz9yb6A5quSQrvhJDB.jpg,/t9T6jKk2TqDqzpWTCMSeMNjYcX7.jpg
tt15006566,/d5Vv89re9tBtukMUnktyseam0g7.jpg,/vlhzpgLDoiiMCNa3Jxj2VcuRAoD.jpg
tt1502397,/zXYARspjKpwN9vAOp2F9MF3NWa1.jpg,/eAIHqfS3kXm7kZl4j7ZBfdegyEz.jpg
tt1502712,/349fSE2Zd4fztRKK5BQ08A9rIMI.jpg,/or5kDR8Ve3TtuPSdEf1X5NdQHyz.jpg
tt1504320,/ayrDCichVVOovfAikiS5NTmq8Wb.jpg,/m4MGxxEgAMqIX9x8MCg5pYeyYjU.jpg
tt15109082,/9vEKZUiWUzJUz5naLrho1BLs54g.jpg,/23jok5sYloPEBwKd6Bp4V8Y1O9I.jpg
tt1515091,/cDu2Ti4uwF1yq6jgjsybe7UzZDI.jpg,/lWNASscWXn32Asr9vkB1wq6cKvD.jpg
tt1517268,/fNtqD4BTFj0Bgo9lyoAtmNFzxHN.jpg,/1esAE8sLJRWWFsLLeh5r3g2WanI.jpg
tt1517451,/jAdNHXbswMuIhcRInIzphZvJElA.jpg,/dDYpjrwh1wNVQk0rEpc9P81wQt4.jpg
tt1520211,/kuPOrTbvqJisGskhYIZyUOHrS3J.jpg,/rAOjnEFTuNysY7bot8zonhImGMh.jpg
tt15239678,/xCHmhHeO7aOCMlzcNukGH6Q7EiD.jpg,/eZ239CUp1d6OryZEBPnO2n87gMG.jpg
tt15242330,/pWVJqFFeKBH3bp9szlNJpoHQFxt.jpg,/rBgzI1a126JWA7YJd7p1NBmC61z.jpg
tt1525915,/uPwhOpefWPQKwMYk2u8Ov2Y8Bst.jpg,/tzbZDomzmh5kxU49PRJDv07iGYy.jpg
tt1527186,/bJJmeU3s1xnvUNRM2SGIEzjZReY.jpg,/qzrS5ShZZPsPdhM5ZbcQKG7fwFo.jpg
tt1528100,/1sWDPsYsWwyMx0rmtsIoyB8wC6s.jpg,/hJ1jUw8irCiWwQk7BElxF92BrlK.jpg
tt15301048,/isLWtcB9TK3wLlTzEny2dPH6beh.jpg,/gh1Rghpf3BIISHSAw9GsObG4TN3.jpg
tt15314262,/gBdhYoROX6SHE3vVnBfEHI7Ojma.jpg,/f0ACHVpV707zqu4etZrXnWNdSgL.jpg
tt15320362,/vZI4hwKtephwXmMiN9sspMLXjLX.jpg,/zJ4MVqFge0XnrDnpjo6l6Mz7lmz.jpg
tt1533395,/9dVHGMYfI6T6p07UHfYVUk1Wzit.jpg,/oyOyZFU1NBvOxh35bTYJTaT3QgO.jpg
tt15339456,/x9VPPEYxv19AEdEoWccVAF1HKot.jpg,/1PRWW60yQparK1I8Soyy9Evf7Dv.jpg
tt1535108,/aRjuJuPXHtVs6YegfeeQWXGRs1E.jpg,/oo9GyiNKvR4CU1etuYl081UJ1LE.jpg
tt1535109,/mW3rSOoC99HX6tBUEU3j6Mn4d4H.jpg,/fLrGQzvfhTwn9m7AqlJh65FMFfG.jpg
tt15398166,/y5SVBbafu5izFpfxC65SGLlCfrt.jpg,/cQ7sg4T4FNCTEDUjNmAXQGyC70B.jpg
tt15398776,/mJRUREPjTqqMEKwEiM2sdmIGngz.jpg,/neeNHeXjMF5fXoCJRsOmkNGC7q.jpg
tt1540011,/umYep3ZxgnyWZ2HZIvnaklynJjO.jpg,/vFktlnv1cEKeyCuSLd02DVNUoRC.jpg
tt15435876,/mW2qLgX1Z336obi5rWKQFaKw98n.jpg,/4TdmuuwiIiKw3JOjIuhdgYxRXnN.jpg
tt15469618,/dO03MQsRBpH0RqjZjkmKJDGLv7u.jpg,/aAVRi7XqkJZE6uUEn2Enbhj8rPx.jpg
tt1547234,/mFoiuMB6chsjfMfMPWZIRrHDvOw.jpg,/5I1VkAjzeo0arQQ7pFVymQsNrqN.jpg
tt15474916,/qJO54b6LsBmEkMxdW8ZziL9Mnam.jpg,/kMZIMqEXO5MFd5Y1Ha2jZZF4pvF.jpg
tt15477488,/xKai6w4UAvQsaEKe5gj12Hhtcud.jpg,/rGkjtv6UdL1ysDmZuBjbNl3PAA1.jpg
tt1548850,/pkGPHO7WxViedkOm6Xy1aWSS36l.jpg,/y5oDHhdNng3ff3KQzcX6qpzBuMU.jpg
tt1553656,/onSraQkQMFSPQyUcC5s3PkNdB6J.jpg,/qiDOjpLj2KGDwM5MGx9YZpOrBRX.jpg
tt1554523,/jY6t1OBnTczPY0qI3borq4bDvvN.jpg,/hulaJrQbyYfxoNA4jfKgtVBPEsb.jpg
tt1555149,/geK5X7cIWap06q7J2ZiyQr2scrc.jpg,/tmowA51oykuOdiyqRCP0jGYU1mB.jpg
tt15552142,/uJZrBYrj9qC3BsCZKo75COJewOa.jpg,/jcpUCn3oFKitAnbwosoPqaMFccj.jpg
tt1556190,/9fnQ27MaQZsfouYCnloPr63NiPL.jpg,/tCKmhgt72QgfbyDb3S6FL6m9Wd3.jpg
tt15567174,/oPM39Nchz0A7amPSJYdk2RQYcsd.jpg,/4qDlkEAKFb4pgIUbeJMLyHX2Xym.jpg
tt15571732,/nbkbguUUNWQZygVJKjODyELBQk9.jpg,/tYLXJW1sZQU09VWY1BhSVPKGIwc.jpg
tt1560985,/e0wphqZ4Ll36c6p9ndTumiyQUNt.jpg,/5Ao48b5Fo3yBj5jHuQlpsLaC9JR.jpg
tt1561755,/iIHsQe3Qjs3NH62HdamyQEPeqTR.jpg,/2AVPwdHJsF044jT39akgLxxv2zx.jpg
tt1567432,/ycj1ReH56364LiubRLLS4mY7hJw.jpg,/1F2RnXLc0fmRt7iWfBK4mNVsjno.jpg
tt1567437,/uknKL9kZPPaXkUMP6v6MmYwEtSA.jpg,/d5tcsjdLw3uxBd318EIcTn9e35X.jpg
tt15677150,/1paLVdoniAR45emRMlOTGnZG0F7.jpg,/hI9z1UuNhBthvkm3iJ8m3zv43Pf.jpg
tt15679400,/4Zna9CvyzaAgejsErmyXmHC64Dd.jpg,/sANUefL2v8VI6fSfK3gWAG3XBt4.jpg
tt1568346,/13lnsvTZ6534dupLhVIkr0b83un.jpg,/dNFbrnF0mIBm0rClbfEFWTtsgMP.jpg
tt1568921,/1uEzy1zW8M4c4jePqLfIGXlBHvl.jpg,/7Z7WVzJsSReG8B0CaPk0bvWD7tK.jpg
tt1570728,/gBFzkVslmiHVuwwjJ8cl9JZGrmg.jpg,/vyrCniZsrXZAW08eECKIp1BMLPh.jpg
tt1571234,/iGPYOL73rEr9jh5bLljVcIAHyFk.jpg,/rm2oMykm5nX6SzXFr7TGHkO6r8Z.jpg
tt1572781,/tEPcSwoXCKGNC6fwYiEfC7xj2Sw.jpg,/fJmeyANTcpTRWUHPi5cGj5rpBJ4.jpg
tt15737898,/1njTwaMW14gpbzXbh5Q11yQ05HB.jpg,/pRfBBi7q8cvM4NiKCh9cGmQdocV.jpg
tt1578873,/kyuBJq4XFaxP2Y83ibnoNvC2ZIL.jpg,/6NuvpA24GbWrnkKsYrNyr2RiRbp.jpg
tt15789492,/dmO2U0ckWkE6T5hyYY3rUtSH9X4.jpg,/7TelXvAFWfIGppmnplhfJpzqfd.jpg
tt15791034,/1YyGqOsEkWjdkBMeUrxhtiLRvlD.jpg,/kSeU4uk19t82k6Cao7hc6ktDYhF.jpg
tt1582457,/y6CHDkNDhswuaqwQEC0wgC7MMox.jpg,/mbQi8FC2Gk762plIcZfYCE2Kcmj.jpg
tt1582507,/hzaEGnRBPmMSRPZ3zvevGtwUfDL.jpg,/czaJqcaFFq6KSvlOZsDu3eJa35V.jpg
tt15837600,/qT8OLi18IwkX6JwVoybJFagNSea.jpg,/nj06Yo0yVzI7jx6novjyGOyNQKC.jpg
tt1586680,/ifo31fMWLmyOVpdak9K0kY4jldQ.jpg,/5s9XHTB9SLPdg3mNU6BlSLnZ9Qq.jpg
tt1587310,/i8qn2A0Qfjj45EXlZVt92WnX7iH.jpg,/xjotE7aFdZ0D8aGriYjFOtDayct.jpg
tt1588170,/iTWdP2PIepE4pFSzZHCJnRo3JAD.jpg,/dXDFWWxiEb6tg4ojMWQJrSI0Tun.jpg
tt1588173,/f6Y9beuW9QZ1t7atWCHJCpsAMXJ.jpg,/faEe5nH1VP2xMmE8f9lgqjhsmYI.jpg
tt1588895,/nR4As438ow96Xa2xl4PzEyiUNfe.jpg,/sraqqxwStjlhe82vb0mGx3VuHsD.jpg
tt1590089,/5LpU49phDgony1TEMOEL9igLlXv.jpg,/sT7f721Zvb9Feo11sbhvkk2JLHi.jpg
tt1591095,/gIrBcrmtL2KEiydYKk8r94o1UGI.jpg,/tJvRdhlkonjBLBUpTqp0RPPujxJ.jpg
tt1591479,/dhqTJrlvXyj1N2kNEMnGbzyCXCw.jpg,/bHefJgSTO3JOZy9fETN6cWpvbMX.jpg
tt1592154,/762vNuJRCKv4Dw27cSza77YTvJz.jpg,/v26LJqvONINHfmUVuIGZyllbCIO.jpg
tt1592521,/mPZj6Uym4xCxADxkuWSKKEV5azf.jpg,/aqPY260acRKBLj3w4YOUBeQ3ZEF.jpg
tt1595859,/c82lWgp2JDSoFjYhpbeS2TrOQtD.jpg,/goDtZCB5pFIuuSfYDvApe6iXTID.jpg
tt1596343,/d7OwxVxXdkfUOwh5VvW6JpY0Ot9.jpg,/c1Q8jLoaruQ9m5lCrVlXOaJJtu7.jpg
tt1596363,/kNjz9Ezuf8tZHP2MfMbtDzDJ8wR.jpg,/iof28QKa6bKFYCXSexuITxdKBvi.jpg
tt1598778,/jNXIFpIiWfsIgOBUWQjxoYI276j.jpg,/bdmyvEdrmnj7J3RWaKXEOwYggRv.jpg
tt1599348,/ytmiG3gLTPmjTgePtsfMAjfCYPd.jpg,/kXRskNzFiTxi5xwsM6hDmOTGae7.jpg
tt1600194,/biOw0ArurpZPbJKfZbY1QfVaCzi.jpg,/tLccUh3uazZ9TkLhe53UwprJhI4.jpg
tt1600196,/15ODu72Q8Z6uFwefH8U0vjYZ75v.jpg,/kydclLUnhGMuoCxl6VRfSSwdRRO.jpg
tt1600383,/pGrmKVJa6zZYyVrHT06fO5EGBqQ.jpg,/9SLx4f1xH2baN7FjZm5eMxR3o0G.jpg
tt1601913,/qrLan9yN5LJbJYozrr5VarL1FVh.jpg,/g8ArhdKmms7TKGX1SgvXf5d1RXG.jpg
tt1602620,/bEFQ6P54HAC0LrcPJEGp5qM2Jey.jpg,/w7Z4BVMin49voNN61IUWyN9DopV.jpg
tt16026746,/oudLzoZ9vqcH7BQAOAeHeC7bcjT.jpg,/jIyEmnBrZtl6SEWyBoMO2hZnzMa.jpg
tt16030542,/sgCe7wVP5AxU2aNofxLhRn1XfwD.jpg,/rey2eh6752C2UbGYRileKk1PVTo.jpg
tt1605630,/prurn3HioMykwlFMZdfvJ88iPlM.jpg,/lroojUACXVHdnjVYQXgts5IhqGr.jpg
tt1605783,/paDvLnSZyrDoUVRrUZPjB19zJQZ.jpg,/b5bcKhvN6VP82U5ztNdPfOLiolD.jpg
tt16058152,/9wDWr10j2drffKYA14BNiuj3bFh.jpg,/iPI2Xellvc9ZVUkZ7YCL2Nez2Nc.jpg
tt1606375,/cf9vkwFmwvdzBlcpAYEVQfsKoTp.jpg,/1wgqpYNtQDn7TDkyQ2jsIAqxorW.jpg
tt1606378,/1WQ3EWu8P3mML3pV9D3PKbvfwxb.jpg,/wFUkS5cnMf3I8ysIPWzIXpTsuR7.jpg
tt1606384,/iMtEu7346RUV26OMwoqOPHrKERe.jpg,/4QHF7kAYjIpZ5U8A0amvhRkHlZ1.jpg
tt1606389,/kbTtU8LXhH8MLB7EF7hBZy3WUYC.jpg,/a8IFeO1BMn4QEfLsf41Ml7LodyC.jpg
tt1608290,/rYQcWBFLLBzd5BXknr7Nqt7NOuC.jpg,/4ANhwN1jr5EGwHS0M13AH5Fs3NH.jpg
tt1610527,/kXg4tFUHN7h7bNdBTeLIIKqw9UJ.jpg,/zDSvUcCR2nkrGhLUTIgqQ18P27U.jpg
tt1611224,/6ZgOH5KqiNjvcEvz8PVqmJAhF7s.jpg,/ei4bXNp4hBrfUEvWkp7usnQeGQP.jpg
tt1614989,/5UoahXoaSfZEwE6YwWwKFUm9Zza.jpg,/cuodmX7wuVDciUH8LdSFEqoTzIy.jpg
tt1618442,/7fwK5selQxZ7XVNBAPdewDjCfCp.jpg,/mXmvN6drkdU1PWFF92AGklEVIa3.jpg
tt1622547,/bOHbTyE3wDKu2ExhsfhGZQOIVUm.jpg,/jms0K8EDkLYVVYOm7R0IyeJQ6VM.jpg
tt16277242,/9tkJPQb4X4VoU3S5nqLDohZijPj.jpg,/md848EEPm3dHZOqwGxxTVwH2vu5.jpg
tt1628033,/aqM6QnuhSXzjHlKbXyKUqxaGiWu.jpg,/bJROfBstoARn6vOqqPylYLpGYDH.jpg
tt16283804,/e2KBcznNdf8vdbRQb0SshDJVlm7.jpg,/4zP0CfrUBQFWMlWoB4p8aS4D4IA.jpg
tt1630029,/ckeTumMS4G31UQ9NNkmtW2QhfMF.jpg,/kJsPVzdyBrYHLomuNv5SJDXUQ2f.jpg
tt1631867,/vNjwi0STOwzmwE9laZSMYYh2JPE.jpg,/4V1yIoAKPMRQwGBaSses8Bp2nsi.jpg
tt1632701,/nZsdLWlvZgA5waLpKl9koRg1VbJ.jpg,/or0E36KfzJYZwqXeiCfm1JgepKF.jpg
tt1634003,/jtsXJVBFIaSDTjvKZaHKiPwojUK.jpg,/b6usdEMEOX5pcVpXrS32z0NOwGc.jpg
tt1634121,/erGjRCwzKOGHxJ32fR5ObGYtBBK.jpg,/5xkUNp36OqJLm7ERfVIEinZrxQW.jpg
tt16358384,/6ryay9RQfT5jrY9i1dveUUGryAO.jpg,/mNHRGO1gFpR2CYZdANe72kcKq7G.jpg
tt1636826,/owF9NIcQOPFAOjp2pni8BsVlnRq.jpg,/cUqXHZtnptgvyAE1hN47Wsf3ami.jpg
tt1637688,/2cX5gY6FFsJW6ZXi6PLB3zm0vHr.jpg,/pxL08w7Eq0vKrQ3mJzYp0VHGaKG.jpg
tt1637725,/1DY7eSoQLoTNhJTT455N74VuHHx.jpg,/hkAVgWvAMmM8tj9CDEvGqMdNQBE.jpg
tt1637727,/3yiwAUNGn1rsPSVmFgVwPVJFtYf.jpg,/LjXBJaNaBGgAsNHDYfFTwGOUWb.jpg
tt1638355,/pdkOcFgb2entKG6K3TqWhXVUnm2.jpg,/nMgELJEb9ly9HIamnX4ZZ1Z2pH6.jpg
tt1641349,/y8dFONeUSXhMHiFecqFoaGI7S6y.jpg,/3kz0Hp1sO7JnHFX8BzTokdxTuwY.jpg
tt1641384,/qYA2o1y67stEBAkQLRwbpGWHxTQ.jpg,/pOKcw45cAMPu8DN7E3bN5FEvxM3.jpg
tt1641638,/x4vucEsBBD3ZGCpn1VMcLT3eSfh.jpg,/4jCHr55RGHQlXzcDYwJ70b0mYj9.jpg
tt16426418,/Aiqfn4XtXUPr7QNsDsAKNQ1aOKV.jpg,/tq8COKsI99Bivjd4CZIYVGoKcIx.jpg
tt16428256,/j61GLMo7nWcNwHneL0lhT4NvgCH.jpg,/4tdV5AeojEdbvn6VpeQrbuDlmzs.jpg
tt16437278,/8r68DugmiasKiduv6V6Piulm8Gn.jpg,/cKqk1m6n2lPHZMHNSVYhrnRCiux.jpg
tt1645170,/oQZGHRqZnVAMYCVKjWFoyszINqj.jpg,/jWq20KNbg5txb28tLxJl0yLYuxp.jpg
tt1646971,/bXcRw7FL8QzUZOvY2fZdwDv5ymQ.jpg,/8AAuJtCzaibYkbE0QVHc8EBsELB.jpg
tt1646987,/5b1y7Bbr8BxSK5luKMyiqIgdkNh.jpg,/g6Bppew6A1PxpHfraNroo0mRBcm.jpg
tt1648216,/nNoMfNPnvEzGADXDkP6eJAP81KB.jpg,/2Mq10FWFbxoYgsZysWlw7T9wSNe.jpg
tt1649419,/oTtdBrZOaczS4ZcBJ0ZCzG65A4L.jpg,/3NfM0sRwVLnsQkCd5YBPGvM9a5v.jpg
tt1649444,/cRVSZ03HIXKOKfRaKd00gZC5uqA.jpg,/zxPri7LbVdvdwAroeoUp5EXAse1.jpg
tt1650048,/9uIu7Ou8JhLJGyxaaWyKhsBlnvC.jpg,/kv3HLX9CByUxw92eX2rqCcrT4LJ.jpg
tt1650554,/wjFX0jaUl7tfgN0CDAbdgqqRwOT.jpg,/dHBYguQvCDa00GMoidNYa7IOD8y.jpg
tt1655442,/1Es8PPKkReOjf32SAFxlXoOJSwK.jpg,/bYimqNnizPUCnL5HOdoCW02IGmH.jpg
tt1659337,/vjWqQAe4cYdzDuqO4U0kiN7qO4r.jpg,/aM6E4DBP6588q3tEr9hz41ls80q.jpg
tt1660379,/2yGFjciHSU0u9fJEzDHe7Co4Exy.jpg,/rVbpucPpRyFXYV73AiCOrKknNJw.jpg
tt1661420,/jt5iH1ffawf3NXX0YVgfSexQH8H.jpg,/1nR9mCsJD02j13wet0yAnVhEG6Y.jpg
tt1662557,/sago4xY1hAZunsJlnlg656ZMXaW.jpg,/7sLysimtbhja8aJI3qGgUSAtTBQ.jpg
tt1663202,/k3Jh7J5GGMx1lmr7qmynRxOvOK5.jpg,/hEQYZq2CDB2LSJVxxlazdBOKeyW.jpg
tt1663662,/eKj5TjN3Zt8m2QEYb1NPfkWrHww.jpg,/9X7Im1YuBhyHYVD8r7CAONPJR5k.jpg
tt1664010,/fgl7yqQXZF84xiZcejRXi4WC5ni.jpg,/8HNKBarE7A4KqpA7GABZvmr3pkg.jpg
tt1667889,/qYiZOCXkOYtYfolUUdJKoZ8xPsL.jpg,/scLQDnf1m2AqEEQSjAEdMRD6K9I.jpg
tt1670345,/iN3fPrPLozgPDrHO1IILh1Cx0C3.jpg,/xEY0MV2jSQBz9iOJfCFvLTiPGMA.jpg
tt16731908,/pbUhACwmwC1NS5PtCCOccWIBD4p.jpg,/klNuvFdKPROPuEgyISq3lFRATb0.jpg
tt1673434,/pPB3rQx0oBOmj5CHZxLWgexo5nS.jpg,/qkl57wzSFrpi2sRpoc2mZJbMuLP.jpg
tt1675434,/edPWyHqknFuxFY3sdmC3LtJITWC.jpg,/q6OGlZ1KMEb14AC8KbPCxyNOal6.jpg
tt1677561,/mV4o1Feh6gSabh3OvbUsQKcYxUx.jpg,/prs7S1Gp6UL2ByRaZdbmEGNwLOP.jpg
tt1677720,/2iuVrtC5IpwLtSFSgkIIIKLs0Zq.jpg,/5a7lMDn3nAj2ByO0X1fg6BhUphR.jpg
tt1686067,/3gYbICPFSc5FhaNBEl0FXBSA34A.jpg,/jJ3PxDV7qVrbl4ywVFfeOu4rfzE.jpg
tt1688649,/8lZkChW71KsJlhypnsbKwaYP05d.jpg,/3Sa0aM3gTStFkjkhNaqk2E9KLCq.jpg
tt1690953,/hhksXOBVJ6Mu2BwAFgPJwZxNisd.jpg,/uD267eSiACfWLxp47t3gYymOQRj.jpg
tt1691917,/6S5JjRheyl3oyLmJVcxcQ8yqDU3.jpg,/vxgnRbELXgcTSdby7bHR30XEE4f.jpg
tt1692190,/AmeFXyTGRIUD8HZPYBG6sJMWj3x.jpg,/bQObbnj0TY2Q1c55w78m1AN6VNX.jpg
tt1692486,/mHbO1Q6aphUz3QProHMd143J8eC.jpg,/mntBeW6TRgm7GkYJwRDy3oJnKtn.jpg
tt1694020,/xfKgb1ufT95AAASOLcyc26aJnuq.jpg,/wlZ29Zkryj8exANbj3Wr52kiILx.jpg
tt1695360,/eMo4uWsN3qceNhBPcuw5T2lFsc5.jpg,/bauKfP3CX5JPAXpmveOlPG1pngC.jpg
tt1699748,/ckC9pL9yeYpOoK5aJ7GbYYWheK7.jpg,/pXwEO7OYA7LhVPYyGIIqa58wwcF.jpg
tt1700841,/4YiHAxavhMLaBqOzx7ZirmOwNkD.jpg,/hsb8nNBt3emvWqBs7Xv5IKlz6Im.jpg
tt1700844,/i8XIWXCc0z9yr2kqaGtMyiH2Fwc.jpg,/iAyzpvldbIxLdDIjRMOJoBORola.jpg
tt17009710,/vGzjaQyv4NPjhgI0hHmKXz3Orjs.jpg,/lDVl2jf6VB8ODl1olZ6FLvOV1gX.jpg
tt1702014,/4v34Em1mUTH0B3Mws95M1Zr3HiA.jpg,/wMDg5cm1xIieCTINQo6drZWIy8n.jpg
tt17024450,/eJKmexmCLwuxOxlAURSMnBVkfmY.jpg,/gystuaqp5AkVqqu3Nf0564zeOv4.jpg
tt1706593,/t4xb2r36SR2sbUtOsPXdZ3lCmcJ.jpg,/rgNzvSagnlc32TuMEBa529QFIig.jpg
tt1707386,/uTh8sNW6u8PqmU9CQwQVHjU7b7e.jpg,/bsG8LkZx1ijrcf3fP6AvBlGTxkX.jpg
tt17097088,/jNihMLx4APCJtErSI7Pg67f3DEm.jpg,/e1Z4TfgRYdwen5Hzj5kVUZQEOeL.jpg
tt1710308,/8SilP8b7SspS3zYPoP8iCHzRTKP.jpg,/bhF63Jd90gRYyTHd4y5GCGA2vX6.jpg
tt1711525,/zdYAeA9Vel40I4YfV7iOy0HNjeY.jpg,/1uDvPjKthACQKeQBvkiJ3aSvtdh.jpg
tt1713440,/2GlCA2NaqBaVx3Q8oGpQkDKZ8Ed.jpg,/pJDGcikenLHXiksHcNRd6gUVk9X.jpg
tt1714210,/r0C6Elsoz9Vfz2psVzg7nL38OQ0.jpg,/ebPtSNrQ92Cgwje29WjvXKQbl9m.jpg
tt1714915,/uQoyZrXqkQGTwsBbqTqzz5t3sxL.jpg,/dwFvtGZ6fUsU9YRWHXbAOXwNQkq.jpg
tt1718199,/8Or0UWycZsOmAD68j11jx2Spx6W.jpg,/mffAWdGlVsynZhYX8NtW6T0O0lH.jpg
tt17220216,/ufFSOyMYcuPhZpVs1obeYIzcnYY.jpg,/n5FGEUmId87nZAdFiOFmCKXynmT.jpg
tt1723816,/ikyT3hnELofnYRsPIqVGgUhDbOT.jpg,/9O2k1lfAMes2UgrWzHVvpMJHjw.jpg
tt1727824,/gk6IErM0acV6HJRwKZy8ecBoddc.jpg,/dcvbs8z0GEXslC1kCT77x19XDeR.jpg
tt1733785,/glYSKWScEO8SxbrKUlUsbz8lNMS.jpg,/7nX2uLLaVnFUR6azLDXQsjQBQvI.jpg
tt1735898,/aXDkg5obS59srKM2IefPIZMGF4b.jpg,/KBe9fHU5rVg4daoKnFwl1Cbc28.jpg
tt1735945,/gpeq4Mm8XLK6PQyeDQKVj8O0Y1R.jpg,/gO3gmBiwBimihnMI3GlHYE81Uyd.jpg
tt1736633,/wyPW2SGpkWYAfMVPotvLeUUNmvY.jpg,/1gLqb2IjIer0xYTT5GhLzi7CtjC.jpg
tt1740299,/4IljeGfUK3QpYxDUJKyi7K411Ro.jpg,/pLio7Lod6YoNMM7ybFVjIJjwIxe.jpg
tt1745960,/AlWpEpQq0RgZIXVHAHZtFhEvRgd.jpg,/AaV1YIdWKnjAIAOe8UUKBFm327v.jpg
tt1748122,/rAKTQI0l2tOUylmZutzuypWA1PL.jpg,/bsYv9IFIGfpAV0oUbe7YTiyxhox.jpg
tt17491088,/1jEUtX0NQyZjZUt575061fKIaXm.jpg,/v6f9FUDDQfGIv8MLRQwlL0zvRjI.jpg
tt1751634,/dnDGWdBwBC1zexCYcv8ihQKQPVT.jpg,/i8taDLjpF8cCbp53N8kOFt1LSkW.jpg
tt17526714,/4cJyrYA7I29QabrQ0S89N1iWUV2.jpg,/wMEhptvj6pcp2QSzHYcl4DFA5Pz.jpg
tt1754656,/xJU7WJIDnP3Qo1G3FAWrW0vUJqz.jpg,/ackk6QMSECnqWC2H73lKXs8J5iY.jpg
tt1757678,/4n1U0Mwn7djux6VKNYDRWPgS2x6.jpg,/iN41Ccw4DctL8npfmYg1j5Tr1eb.jpg
tt1759761,/cdd78fGdaA3EbK2ToZRWcaaB1fx.jpg,/vKaDMLbdLrThldFj9Vavo6suTS2.jpg
tt1764141,/xE63wStZrcJPdbx80KxORtf5Tfj.jpg,/cuLN0p5JQXytPjUbByKVaxUsi1v.jpg
tt1764234,/3b1Gbv2N13ZaTTEsDyDXUqrsPx6.jpg,/4xGuNyCX46pwEpdQISRYiaBXEN7.jpg
tt1764625,/hnJUhmknSFTmgA2pZHwId8ahBvq.jpg,/rg10dfOmhP42jTmVs0jRTPQ0WUE.jpg
tt1764651,/nnx0puR1AvuYH4iAg0WHH1QcYzE.jpg,/ihKsZZYMbyHXC1L7s90WDLITdC5.jpg
tt17677860,/tSBeMzdbfZuifTwaQGl6ngNhxZh.jpg,/qzi8rTS2KpkrYNWxC1tt7xkRlTY.jpg
tt17679584,/orNJ8NroRn0vmBqmtlyHiZsG8jS.jpg,/uVeWvMvaTy3zj8Z8oOJ04XGYhW6.jpg
tt1772341,/lTpE4JQ2C09NicqvDhwi70IRz62.jpg,/3IFRjBDwtk0DlIsDfJ2zEzLjUBi.jpg
tt1778304,/2mgtnguCilTT7OtSURCWWE65iWr.jpg,/6NBgG4LvjP4TkH1FDSfoJqVoQ7J.jpg
tt1790809,/AookkwjZfWdigGtaEwy5IfOnBku.jpg,/7C921eWK06n12c1miRXnYoEu5Yv.jpg
tt1790864,/egKi4jZKKVZzR8NaaNjEwMpEgHs.jpg,/eTlcNXGv32zkVI7ZDHhfeaKHXKQ.jpg
tt1790885,/e5jMs38saY3yUGNAbRYMsul1eq5.jpg,/evPzxMacNWsjkUKQO4NXKe5Rl6a.jpg
tt1790886,/m7dmqGqAw0EAtdGSgn4ZS5IANcC.jpg,/oRTDhJ42ObvZS2QMz7woLWbojXp.jpg
tt1796652,/mXH2H3OmYFYk7x05Uv6OGi0uaq0.jpg,/mciaieoKQ1nSugRFxdVetkSRqCP.jpg
tt1796960,/6GAvS2e6VIRsms9FpVt33PsCoEW.jpg,/391ixi0wVbFtFLQnOy8ZncWv2io.jpg
tt1797504,/s16By5DjE1QJDPDfmTnbGozak0H.jpg,/e74H6yfw9qh8uEJP3yVUfWlMvxe.jpg
tt1798709,/xPby6SuDafflEL7EWVHTFmhJsDp.jpg,/1YnZchmaGc8dchgRPDpR1KGrixA.jpg
tt1800241,/8RKWeBKsn0dMgknx6cxco1nIyIJ.jpg,/3r2G1vSDf4S3Pl5lJ9BDm9FTxe6.jpg
tt1800741,/jMpwxmk3r7Aq36GcqMbCuP9DJYQ.jpg,/9qM08KBrvuzENc0G9RzlzyVjkSm.jpg
tt1805297,/sRzVQj2d5nrhLXvnD6pTQzAFksV.jpg,/4yXwLVlpzVWMkVZuYxhLXC2luo6.jpg
tt1809398,/s4i7KnVQQnXM6LvBAlGYFUwJIeh.jpg,/wxdtjlapI0d1vsXhNN0LhLMsaGw.jpg
tt1810697,/ciNVPPg1fi2ua3god576gIxltTj.jpg,/jF8ZA0UwXPsNis3kmZUN5gtFedF.jpg
tt1815862,/e6hhVCaCYkrYy6ji8SqtqAfV2xz.jpg,/e3posvSzYf9PjrQg27W64Kyc8qq.jpg
tt1816518,/usLE56TZRilrILEQ2Xqhf6spxEF.jpg,/1yQpY4UCaGEirYq9EqTrDvZ24KQ.jpg
tt1817273,/8a8mY0evSBqMeWgNIisMDaG5PQp.jpg,/qCsaZ2GoaCn5vmOUD9kCsyabr9o.jpg
tt1821549,/qJIXMitYhKtGnkSVMdJMoDZSqd6.jpg,/yePsFcldyZ6VnxaBr8ZbVEaOt4W.jpg
tt1823672,/g2kVBpRljENCi8KskBi0tedK3UE.jpg,/qX5T5GVAcq2UKaaiAx5SZp1AtlY.jpg
tt1825683,/lAPzezdc5E6DFnttJwCWXZ9A9C6.jpg,/b6ZJZHUdMEFECvGiDpJjlfUWela.jpg
tt1826940,/8oCqMlKKomCArVtyOjRzMN6g40Z.jpg,/959IFVeGqz2M6qGvQ1RxN2r6Mq6.jpg
tt1830617,/iOptnt1QHi6bIHmOq6adnZTV0bU.jpg,/oS3nip9GGsx5A7vWp8A1cazqJlF.jpg
tt1831164,/3jPLJJXbFabb29mOxZOK0xctcy6.jpg,/aEQEIXDmjd9otezUu64VFmpO51K.jpg
tt18317064,/h1xdM22OXzsKRbt2u9cP2L1L8ie.jpg,/7NMVF3Af9wGvH3ceKaDUWuWUAt4.jpg
tt1832382,/odNNz4TdmaNv6as8kgato0pyHTO.jpg,/vSQ2FK4LzevXeHeXvEHb7t4I0SW.jpg
tt1832979,/p2CJyyXnAog8lvJPp3Yl8lJuHLm.jpg,/4IczNLXH4SgmNu7BpSUOHkyWV2r.jpg
tt18335752,/aE7pMhO58iCn9CdU1VYcyTfKr1o.jpg,/vIioWssbxRtEkIzgj8r0pCWYkYM.jpg
tt18347622,/qoFkjFwSb4NM6ZHpIZW9iKgXA4e.jpg,/zdE0HzIFadTkGliGyh8DbMuZ3IH.jpg
tt1837492,/xcaPztQp9Lvlh9eLoOaGdq4JfxL.jpg,/c4CSgKL6QfkJxsWcGYDyTxpbzpW.jpg
tt1837576,/4XmF8PMSqtHCGNoL15oHbjr5ZuO.jpg,/hpvw89Vq6rYx1bzrE3zdnWBGLfS.jpg
tt1837642,/qx7XytRgg1F03NN5BoK8jx3Cyft.jpg,/u7XADmNNOyuza7UkoAa94bycqp3.jpg
tt1837654,/75XJQFM0dNZLlsJOULFpexXJ8vw.jpg,/lYD41UqeRJohZ2nJnpwpSQJiCcj.jpg
tt1839522,/xK6dxHIEFmdSa4EAs6lZIEARu1K.jpg,/8HXhqBkETYijmTs2zHoGdFyUqr0.jpg
tt1839578,/A5C2lNBCrL2M0HV73CtSpv3XcFC.jpg,/efeMgQn6iRALsOqDa2cqlf6Pw5O.jpg
tt1840309,/libmZ7xJBkVWmoixPyF3EdTmNtt.jpg,/bgkFOoXEQMRjKkCvgoj7smdGbuh.jpg
tt18412256,/8PYqGSd8MOm5ce8io4qNSAiSExW.jpg,/iYqSQaWDttQIQzsxg9xHyg0bttG.jpg
tt1843202,/bYzLJtXPdI4xGTQel4kW5TEAmzn.jpg,/zCiOuYzrbotCufMXAVBAQFXF1HK.jpg
tt1843230,/oE6VlG1ntyCaMdlPVRtsPQja3hf.jpg,/nSJvwZziYaGMbftSDQqQ5GIb47a.jpg
tt1843866,/wP7JcCzpWlX5XeROpf4ox9ZVFT6.jpg,/1RWLMyC9KcFfcaoViMiJGSSZzzr.jpg
tt1844624,/6znF7sratRw5dvVx6Sx5gslv7sN.jpg,/6TSJRc77dDOesKzcNqkz0KeXdLz.jpg
tt1845307,/e1D5O0FkaGTyQ0XO0kxv0FQZHSi.jpg,/u04AvxFIDgL9JSd9xoVNK3BoBEd.jpg
tt1845838,/o3HLYPfgNK1N04TqZSOU4Hv4iaq.jpg,/6HIJVGWxEwGFBvv0PCM5lgc9ZKC.jpg
tt1847731,/r2YHKqzktvq34JUJnXkhYG8V1G0.jpg,/vP4LyCUQIuuLRGhfr0Xt88BNHE6.jpg
tt1853728,/fIxAE6BKfAzhPRYm7DdldBaYu5T.jpg,/2oZklIzUbvZXXzIFzv7Hi68d6xf.jpg
tt1854513,/64vBklpYgksumhSwrJdTvHeySfS.jpg,/t0nhS1KT2peBPQWRY6mcsxhmWJ5.jpg
tt18550140,/6SQ57NYOXH4HHK163fyWVYU7LbK.jpg,/fx6c2UuNnXPwuRvu4tGaJJJITT6.jpg
tt1856010,/hKWxWjFwnMvkWQawbhvC0Y7ygQ8.jpg,/zoAxfThy7ntyCutBeNgdaKhRoSX.jpg
tt1856101,/cOt8SQwrxpoTv9Bc3kyce3etkZX.jpg,/gNdLJU9TxrpGx4dkZidjys3fyy0.jpg
tt1861334,/qMjGY0PZwHMWUfUreNBhdP1Lp6Z.jpg,/5Hu6Se9EjzRfxuTL8jvgHiYxfc0.jpg
tt18626656,/iVYVm9g0Xu705EabQF2hj2BuWCt.jpg,/r0Zhgr8KhJHnRB0tp8bvySHx40r.jpg
tt1863192,/sxjrY28mYOaXTL7VFJhLtar3doH.jpg,/8DVtamxTBJVoXbU85QHRfU7tsuH.jpg
tt1865505,/5JuW5B0UnD1ihhRXJdZbuvfrgcS.jpg,/mVLZvSe1Aa8CFKx0cInTamVZJrW.jpg
tt1865718,/gX9NP6pWG47oAkq723TfxtkG4Pr.jpg,/lhg7eA6CTOCL10QNVdKiyxkgPsL.jpg
tt1869454,/cd0VF8GCSGT2r7OxBnpPtl9ROtl.jpg,/dQCKc5NKeKOGAQusk2FdctGB9k5.jpg
tt1870479,/sV5aZ3WT01DDG7i1Hd9QzBZnAKn.jpg,/oNNdRpSQSdRIaWnSFejhw1qk51K.jpg
tt1872181,/8W0mMrmaVdSoLz5LnX61gJOXfEb.jpg,/k0hlAzTryCYX1O1LyC6P8tAa8s0.jpg
tt1877830,/mo7teil1qH0SxgLijnqeYP1Eb4w.jpg,/rvtdN5XkWAfGX6xDuPL6yYS2seK.jpg
tt1877832,/ggb9nmS5alJuA0ll0iU5YHiGbb0.jpg,/3czpqXzFy5UcNuD1AubecRLWkwD.jpg
tt1891769,/gS8hrGudqJ62xcfG5Nt5CCPyu4s.jpg,/yUc1EuUJ4hEXKePiqlWIkudERSy.jpg
tt18923754,/zNH50kOA5Zm5QSFqeIu3hJGuNdO.jpg,/m291MEBjhuRqb0nh9ojnm9gzScq.jpg
tt1895587,/oejKAjGVxmm8cJLiKQMGe2A2A4g.jpg,/8FbbcmwmpGd7brfiC7f7lWFNGdi.jpg
tt1898069,/ApvwMWR9HAx9jhRoPhq6Xeci3It.jpg,/uY3MJohUpY7UMMTK90BIhX5txEs.jpg
tt1899353,/9pce20GDwIBm3MI5eD7dDyOeI1M.jpg,/3wf5wV222vqTmz10y1vbrPgrGDf.jpg
tt1905041,/6zUkjB5OtiFhN2DiqdT1IllNJTa.jpg,/xDp29MSWa7O3ROC13r6dPTFnREJ.jpg
tt1907668,/cyjYllErGNrju2nwgt7D0XdpYC0.jpg,/lKaBnmdtFlyec6SGBLbdwXSrrRi.jpg
tt1910272,/6iysgZr6Upm5RlAlVFo5f4D9euu.jpg,/gDvxT2z6TNxervG97WfpePRZ3aR.jpg
tt1911658,/lEnUxCpQUyntm2eLBzCTv3bfplV.jpg,/msnknPOg9dx86b0YozXOFP8PgBI.jpg
tt1922777,/nsQTB6nIx3apZMbz9sZaEAmhJXp.jpg,/jovIEk4cAxWmA2dBcPrfhn3jzYN.jpg
tt19231492,/2JWIUUGf8AfEYNtCjxwMS79JUqw.jpg,/iBc82qaA05ntzSnrVndw8scv4Bn.jpg
tt1924277,/fTEU17WYxJjXIMs8IVwU4GqeRAP.jpg,/c4wMkrDHYXtK0n9f79nkSNXSytR.jpg
tt1924396,/f8mOFP6rfZMLKd2wRTv5AN32c6b.jpg,/4EdN5rIT43xcqi4IVRrhxiDOz6z.jpg
tt19244304,/2titW404dPYOzK5NElQoAJ2ivK5.jpg,/2fOKVDoc2O3eZmBZesWPuE5kgPN.jpg
tt1924435,/odXbs2TWzZG9gv2h9Xsi9OPQOoD.jpg,/w7adEDKcOlp39Z35V5VRV1XFkHT.jpg
tt1925431,/9kGNhuYP3YzL7ornZdDtNF9NyYv.jpg,/6ZNqWfUXdxiNVqwgO2doLlkmgQc.jpg
tt1935179,/hw5hg92EP5hYa2i6UEC6NdylEk1.jpg,/otmqSaptLwYutON1oZEgBLZeBEQ.jpg
tt1942683,/dMYY2XqsQvDEdTtPfykTEOUZngK.jpg,/gmO3aezFgDcrhcymhNSJLGZ3CT.jpg
tt19500164,/oWRY8HRXI1DVWB7rNvpmFWwSnCC.jpg,/sidvlo7V8VMyskNKGwua0Tarbol.jpg
tt1950186,/kFkZFPBU7vnDDu4m9eOgk7w9W7O.jpg,/2vq5GTJOahE03mNYZGxIynlHcWr.jpg
tt1951261,/jxhkMvcdbk9RhobvURI1HeVrp3E.jpg,/o8ZS811VjYbBi4pRYwILLdWCVey.jpg
tt1951264,/oxnKI1qiHz7xC0mNthC7dSqTcot.jpg,/eHaazLxM5LRMh0ySkVy7SK6wUWt.jpg
tt1951265,/wfLsciidZamFPeOb4FD8ywk1Q9c.jpg,/lV1P1Q5gLDXVG1ZYCxZHStkcQC3.jpg
tt1951266,/3qQPBc7JVGXJGo0Av5jrqndcdTm.jpg,/qVgLMRVNB5bHU0inmRa0ueShacN.jpg
tt1954299,/xBHjCyv80m1BMHfvKi6lYqc2tk3.jpg,/nTNUQbEGqIIv8VTTpbrR63gr5zK.jpg
tt1954347,/ckeF0gNdw9mvjiNEebNbeoKZcwt.jpg,/vNwCFyc5Y2Mrtu94L95KoZHKQ8y.jpg
tt1956620,/36kL3taCgBSHDf1Eb6N8iQJ5Zj0.jpg,/nFCUBRDF4C6RWopNo0nAfvMA6mm.jpg
tt1959490,/aF3wGlkxLnMSul3wCuZdLnx793N.jpg,/5z75Q6nqgwgYfpMB9fVHQcw9gMz.jpg
tt1964624,/qJVwaH4t7Rlhw9g02sS2VpUYyp5.jpg,/rSlu3MWZzOVBy6e6UEw9mPLMzUO.jpg
tt19768016,/y8eFwOdFPGUTVjqFerhXuA7bCQv.jpg,/hOVI8qSrduEM6TO7RXPxQoIrKmQ.jpg
tt19768024,/eScKMsLBXjtbtcOGZEf92a9bisJ.jpg,/KapWiv2ecDdp4nAP0AfWr321T9.jpg
tt19770238,/zJd2NwGzciSMppCHividNSROIZR.jpg,/4jdduww9j5RyzO4ITRcuBFhqNN1.jpg
tt1979320,/AqnOb3S6C9yttv9b2ZmrdZALmxR.jpg,/D3eDUNEzJPBDG3TCJcR7RyRgTA.jpg
tt1979376,/yF1vPDuHVrAUMX5dy1tVMbAjkEL.jpg,/q62bpQ67qaXY0u6b2wFEnQYIbPd.jpg
tt1980209,/5VGC75DlriOUdNEoKP4Yp1cHQnb.jpg,/ycEXhkbDvVwH6ETaDUhjkvUroDm.jpg
tt1981115,/gPAmH41VpK5UPaNhAiNJePzrL8z.jpg,/5o88bbqcV5STn56jqOeovaaWbAE.jpg
tt19854762,/vAo3QL02oOI9Xz90FILQN5vxMsQ.jpg,/aRZ7k1M3AdjVv8n3Fi6cAkEdpYY.jpg
tt1985949,/wHlxud7DzsolgvasBFt6gFHIUwP.jpg,/o4mhrLxv6I70kvYA42qANGUF7ya.jpg
tt1991245,/7RdQGvkeQMD8bRxdx70uCX23TF4.jpg,/1BgWRWjZtD6zyJfzlfDx3NHaECQ.jpg
tt1998204,/5qGK64ZlGylE6IcVM7KWrZnvms9.jpg,/1Y3pnuqQXEyYtLq9FP8tROOQBDa.jpg
tt2005151,/jwBcQXp7WgYgrcANpnuLCCfLpkK.jpg,/oNoprEND25zXR6Fns8cIZUkuoMc.jpg
tt2013293,/dtTYNpOi3YfYY8Cs6OMGTBUMg16.jpg,/zZiflZpuaZerugtfdyXcg6dcylD.jpg
tt2015381,/zqZNnuMtrmK99Xux91KiCdnZxgb.jpg,/uLtVbjvS1O7gXL8lUOwsFOH4man.jpg
tt2017109,/5nXFiz8Rn8eezVjSTZBd7HmnF1G.jpg,/cwosIp9M9B6TcLnv0bBg86s0WUx.jpg
tt20215234,/jkOgeASTlWwyKLBNblHVwWmAKhD.jpg,/eZzNdjNDvaSoyywy9ICg2UmFwul.jpg
tt2023587,/9nYzxKmVlMKEhzUHnQBz326OBWR.jpg,/cu3uaBqPORcfpKQWaIjA1GJbvEg.jpg
tt2024519,/xepO7O1bW8sNI8RWTKSsuqBNNgI.jpg,/gjoZgt6jErl2p3VXIzBvvZY7Taw.jpg
tt2024544,/1OoCd3fmjPHt9iCR4QxNGGrDyI0.jpg,/4Bb1kMIfrT2tYRZ9M6Jhqy6gkeF.jpg
tt20259142,/mwU4btZQzJkUMRDtPtJGnpcUPpF.jpg,/yUnQ34Iv0whw8qh4ai5R5NeJE0i.jpg
tt2042583,/bCOP37OP39jDKmxj9no7oLjf88i.jpg,/nurGOIIEQEJIfBerLXLpDhOr7yu.jpg
tt2049116,/wWxMYrClgTYlZt4hDPxy5eA9EKd.jpg,/qVyqPzx6wD3Wm3HD4iy3PrJYxGX.jpg
tt2050453,/bRKOiMuO4oWlvBs3y3qIt0xjOj1.jpg,/iSNdiry2kJaRi4OXfai39HMrttW.jpg
tt20561198,/nEpXUsaUOzReUV2SWOWQuTFY5G4.jpg,/pERcOAR1Teg4sLDDqRXj1TBjVsn.jpg
tt2059255,/Aqp4PH27zI4Uqqag41y2gXwmXma.jpg,/92MsvjpGoaiujgg6prkwmFvggoP.jpg
tt2062661,/spsy2Zn3F9ToDGXWQDHQnSWykFu.jpg,/nGOCNKg8IU76uXPPYnYbfB2YH1R.jpg
tt2066051,/lvt3qfH3QlzydjmGNMGQ2tx2O7C.jpg,/isnJGDrfR9dIrHMsPTvHtJaGEpc.jpg
tt2070649,/pUfuy7mSXw0dohRPeWnrhoIJdOU.jpg,/3xTS1lDlbpwg63slWSMeHdamOS1.jpg
tt2070791,/pNyg4V6kuDstSSxk6Q9GgaBn4B8.jpg,/2wCN49piyT6El4TQZrMy3YGkI7l.jpg
tt2071645,/dAxNordw2Bdh64Y6hc4A2TxBfcf.jpg,/2HpYUipbaIgYhcO3PkllGF9xy5D.jpg
tt2076220,/q4QYQ8YfPtO5ohDMiRMSrSY00nK.jpg,/dCuwNZp2DLOWr8qV0GDBHINhVZM.jpg
tt2082180,/zqw49pO0FndPZL5LVkq85JCNIVH.jpg,/kcIvHVTswx1I7IqrmOcQ6DiqUHv.jpg
tt2083383,/enpgtYlUCujV7YsPJFQqcXajr5n.jpg,/ivndXrpSYpCSuu2S5OrUvzAetCc.jpg
tt2084970,/pdd20KgHJec4BM4sfHS8oefaDUI.jpg,/8FCHJ21JBQOgATY2WI8vwYAiXg8.jpg
tt2085059,/pY80haDeUJLHjWLW7edqWaQ2UfW.jpg,/dg3OindVAGZBjlT3xYKqIAdukPL.jpg
tt2088745,/8JKFYFOzsW4ScokxzjlkyTgxVb1.jpg,/9F2FlpYQ1flSklBADm7qqqB8x4T.jpg
tt2093990,/cOSAcaVdqQoyX7VDigjAy94mMaO.jpg,/wJt1THSshTQPedR6zC9a4WCzF26.jpg
tt2094262,/b1ej0NGRJsjDde01svUG7xo6Rp6.jpg,/wHcLMdK85CIJu76RNxnq6rhS2FF.jpg
tt2096673,/sG3bHZWCMOZwhUq71WbPG9Vrrwc.jpg,/jJKZaTBNenlFclQyjrnvzkRmvWE.jpg
tt20969586,/yDWU8YyFkPnlVY627QXPvct8bz9.jpg,/rthMuZfFv4fqEU4JVbgSW9wQ8rs.jpg
tt2098220,/43wEsSJxuV8SZuipKpolOsuGVRZ.jpg,/bFKKyCI89Xq98Gul8cGox8K3sZa.jpg
tt21027780,/nfbgc9nBfesXQRKGLpJSGagM4rX.jpg,/cru4rjGcdHGhnPyjNXvW82jOrif.jpg
tt2103281,/mP5Wr0YkO3EDqc6vkvtdifi7KKI.jpg,/3SozaNPOYUadcmTPgndDibMyDNC.jpg
tt2106476,/kOIf3U36sLKaVjO5sUsifCsfQ4i.jpg,/jmVWlCZ8hRtmrQGbKXXFHsrSohp.jpg
tt2109184,/zthZf2pnhmtQGFZhbHEcUlilsL4.jpg,/iIXEKq51MS8SfVLUX1p6ofwFFQU.jpg
tt21103218,/8n0kkUc4wKknqEJfq8eErWrvvUL.jpg,/wofTDrrNvySkjrv2v34jqpPZAP6.jpg
tt21113962,/xsmddONe1QoHaMQS8ilyKA9OPtr.jpg,/7iRYPUiKsi6Q7Km4QAwz7TVK47e.jpg
tt2119532,/m3jj8IJ7uP5p4MqMzgtGW5l4ECd.jpg,/vDKRMZGFTKP9nQolzeSB1rB1w6p.jpg
tt2120120,/d45faoiDeZsrdIdYpLy34vtYf3S.jpg,/6UFnKzVzFqKDjs4iCVLJdneK3ch.jpg
tt21209876,/eCD7WS9h4lCT8N4Xavc9u8R1IGk.jpg,/xMNH87maNLt9n2bMDYeI6db5VFm.jpg
tt2126355,/pQaasF8uf1TEeC72KdIP6y1V1xa.jpg,/zcySy6dnSmyqiichtDgO7AEeZoq.jpg
tt21284358,/1lx8cw1c1j2RTlQHgjR4phQBmVB.jpg,/4hOcyjkcOiCdxW5grPLFYkXgbjm.jpg
tt21382296,/xQzQIrVbwft9nICAt6S6BWkthF5.jpg,/rhc8Mtuo3Kh8CndnlmTNMF8o9pU.jpg
tt2140203,/ixTNHHU8Wx0F8V4NzGJaiRcl18F.jpg,/oMqgJMCaNIqeJtilc71D4nRqdmt.jpg
tt2149175,/w1UBlxEXhbKe8sp0fxFZh7MqTce.jpg,/7RrcmIQ7e37M3vMkUNAKCEA6uEy.jpg
tt2153963,/fXCFh6WJ7abgwA8W613qKCK42Po.jpg,/cnmQ86KEX7OeWJlsg38Cu7zNRF1.jpg
tt2166834,/vTpZl5n7wxyxhZZINd3gDVaEGhk.jpg,/9Eh5xzWTpJeZM1FGCblWKZ8GTpw.jpg
tt21692408,/2xgGWjM3a38E4KTLapvC53RnpN1.jpg,/3ffPx9jqg0yj9y1KWeagT7D20CB.jpg
tt2177461,/sDKIDRsscYQKk8YRrSbhKkT5o8C.jpg,/mZOw5cBXPDfSv1T8IFWsWi8Wktp.jpg
tt2179136,/ntso1nvAVIEdzjc4Tc9nB7MPSKu.jpg,/rl95VDEP3nsUQmGzE0S1S7y6T0N.jpg
tt21800162,/4v92mnLAfVfRcaQaEVmg2Ss2t72.jpg,/fNXUCk54vGcoKr34olN14ohUSFY.jpg
tt21819228,/uOiJmotRM12wsgfwiEXsp3AErdU.jpg,/ubtLuy2SsC7q0BIewPPOGeQVtlN.jpg
tt2184339,/1smw9aHuPiHga2Of5TOJs0Ps1rZ.jpg,/9J3HHP3kQ5ZStyirJyWPWtvvrHY.jpg
tt21874760,/4JsWIiIOwDbhfFQCV7LQWUfSd5O.jpg,/7mij6m3a2rmaj7SvQf1dPyu7mqZ.jpg
tt2188671,/edDpfbTquXJa2H5SyVgq2QbOaMS.jpg,/qt3NbzjWRconY6KRGaczte6DmAF.jpg
tt2189461,/syYTHCBvFlobr8eJjQMKAjrn9yV.jpg,/nLlujkVolfX9jrfQdpJHv9FPFlt.jpg
tt21916652,/1WsXjoOnGu2TJ3npdCrx4ykv0B4.jpg,/s7s7PLFrbrzdRUIPV2VakKYXHi1.jpg
tt2191671,/q9dObe29W4bDpgzUfOOH3ZnzDbR.jpg,/7sJrNKwzyJWnFPFpDL9wnZ859LZ.jpg
tt2191701,/6TRhV0E6wDQjMEtvYru0Kel6juW.jpg,/7JhsJxNmdW0y4IyNrHy10cECrAz.jpg
tt2193021,/u8ZHFj1jC384JEkTt3vNg1DfWEb.jpg,/wAFuDJfZJrnh6a1wf1Vt7PqYBvR.jpg
tt2194499,/dsop3YIrZJvDBwwCLplsB9PFuTQ.jpg,/einbto9qLXFx9QXxEHylaxDbKPx.jpg
tt22014226,/zRrF8oj20lhd2jU0Yj9dg4sP5z5.jpg,/oSc0KNJrDAgb4Xj3u7CrzG8zgXM.jpg
tt22022452,/lE3DCRI7bQgHSiIuEPcFiXpiuGV.jpg,/p5ozvmdgsmbWe0H8Xk7Rc8SCwAB.jpg
tt22074164,/k05RIgWvCubPd7zrjbXc8sG63yh.jpg,/gkw5MAAD8jr06RXT5pd2ibNN5bR.jpg
tt22091076,/49FrRidGiaL2Ui7bJmeDPdGshd4.jpg,/yVP12H81dwaay5B7GVqgO893q2c.jpg
tt2209418,/d47Dll7WnPCKsX6e5HBxw9RN6Ks.jpg,/aPSGg0ZGirS0sSxGlwTGTAo0ruV.jpg
tt22202452,/stkYbERuo2YYuay37rYaE41Izyu.jpg,/ulm1ex4JFYJByyaPyqTr47MFyEQ.jpg
tt22257924,/ajdqc3vDVzH0e3zw1N9tIySA2Jn.jpg,/8zv3y1rkwyYVHLrVgvCE7wmuNvc.jpg
tt2226417,/ybzJLYR0AbtFphcj6kMqe08Ak1F.jpg,/i9oyhCYxIYH2082J0Rc3a3jQjRB.jpg
tt2229499,/asp3YRMj24YV5x0QChTvkFIChu9.jpg,/4QBI1pdjr2hH1fgC8NqwZZnWNso.jpg
tt2234155,/rh5dGroLv7vmmrVBCCo8tw72MGA.jpg,/kms4PhWfP1Q2jidPLOf26qm0paJ.jpg
tt2234222,/tjFYkWMafg71sihs1aa7IDx17aS.jpg,/cBmVnbc9KKhsdHCDJU2pibU5Pjs.jpg
tt2235759,/AlTkcgEmw25OFYyrBbjEbez5kk1.jpg,/2K84O2cr0jRH7ROeeHJ3zbTR8Uf.jpg
tt2243299,/gWosAW69lxRNQ8ksnCizUHsVeGU.jpg,/rTl1x2zvz6EqwlkEo8tZ7l1a8e0.jpg
tt2243389,/9EzUcIprNb7JR4pNBSQXmljIMjr.jpg,/EccrWxeF28GeGLSSuDOU9suom5.jpg
tt2243973,/pbV2eLnKSIm1epSZt473UYfqaeZ.jpg,/vlG182ZY2WMzD5bjFZNnhyvv5V4.jpg
tt2245084,/qVU0ag4i5BCmH5h4o04cdvUo0Zf.jpg,/4s2d3xdyqotiVNHTlTlJjrr3q0H.jpg
tt2249007,/cwJ6nLNvX62By0yoLYWFhRelPkF.jpg,/k1UpU2cfa4PbDUBnJtr43TpdNBg.jpg
tt2249364,/2NhBFUTg5KVBmGwafxtLwVdsqrr.jpg,/9CkwC4rou9468XMLTXaB6bZ0frx.jpg
tt2250192,/htNohqrYEwuz4fCa9ATVF90s58S.jpg,/pr78HhmOYlA0fwaoYNcH1FstqBH.jpg
tt2250912,/bRl6C6FwzTndk0MBGZZ68nRFlw3.jpg,/fn4n6uOYcB6Uh89nbNPoU2w80RV.jpg
tt2252680,/35bNh92Bkhaq9IHBfo3kbIm6Pti.jpg,/eaT30NWuLZm1UirjuAtKQJeXqpH.jpg
tt2258858,/wpNxSP9Kf3RHegREDAbiuEajMR7.jpg,/e7CAgALwH47WEKVqTUfNZO5nPiO.jpg
tt2261227,/nQKQ1W2NX6JUix8eh8IYkYdVwz8.jpg,/A6I3M4MIA2Pi2gS6vGdg2eVlVXT.jpg
tt2261391,/r915sk2JpthZSjHEgZKifWxgo6L.jpg,/14LzHqJrFcHk7ruMNCXpEkB0Thg.jpg
tt2265171,/2P2RZgQ24NoL6IgtmpHHZWqfTZu.jpg,/wJD1VaO6XMkOSAacUGLkzOKAd4D.jpg
tt2267968,/t11f8palNbICK9Ip5QLrUfhLJYq.jpg,/s3FiHTdpQVpqIqdBxLLiy40wGut.jpg
tt2267998,/bkIhygnbv9ydlDo4SEsOcqGgQD4.jpg,/iWak7wT0j6ycCc8lKr4NBz9c7n5.jpg
tt2268617,/3WIk16YPFcKTvtA7Xo4AOr2jsD1.jpg,/xzKZaaTo5RADegdirGJzNE9rtMp.jpg
tt2278388,/1wk0vpNCX5T40KsGQKjfoDAhmJw.jpg,/jK65srQczOKTpW62wPxwwKztGgE.jpg
tt2278871,/en27JWtPoF2nsWPqFoI8lj3y66d.jpg,/bEmPrq7Y4MubVATOCtOacY3eXQ5.jpg
tt2283362,/1uQaSgtHyTN3r2fecL0mSs6geQO.jpg,/zZKmEmRDc7ZjFucPm2UGNgDRlDc.jpg
tt2293640,/nmqLwaTfgyWLQWbYd82w159cAqJ.jpg,/wKrxeY6lbu7KFBsWVcMH6M8avwr.jpg
tt2294189,/jjLTidTTpkRiCaN3aF5mXhgs6nA.jpg,/vunaJ5k1cG8T4ROUGDZ05IhNXkP.jpg
tt2294449,/yp172JRxaJaRkSyjLO3R9B3tJZJ.jpg,/kdyYOwpKvvD2fSbwfnMM2YPAzfq.jpg
tt2294629,/sGNuWC4BwqOB4l0tkbKwLy70tXC.jpg,/rj58WQ9ImI0mYDptXdM7euX1Wjt.jpg
tt2297757,/6tGXlz61c44onUg6EdRkbhjcaPA.jpg,/5ix5qtVlLR2O0sgAJp5urHLbGZe.jpg
tt2302755,/3AWmaBCfX6x3KTa4w5rGLMevNdU.jpg,/mjYU7EwVeOtM39ArdWHZk78VhYm.jpg
tt2303687,/pBAp7VfKVQKQIiLRJHZSMGtyXAB.jpg,/5ZLEFPayOJr3KhXPoAnLWdVQJem.jpg
tt2304426,/mKMXnmfGa5mXIeebUuTtc5LwxnN.jpg,/g9RSsc07Fk9rzVFX2sdBzPU8UoR.jpg
tt2304589,/8u0JR1PumtngQfuOF8T8AnCn91e.jpg,/wGPbGjNmFhkT9uTWDX4b06FMd45.jpg
tt2304933,/6uM9vb68EcEHJ6DCOBTKUpwtvoO.jpg,/pXRAVmgcYnXGq6PAF7Hfe5P7QJR.jpg
tt23055142,/yUd957QtHo2TVY7k17o3nZ6DmzM.jpg,/efbDkbMBPcHAfnsvJ9SXCdHgMBw.jpg
tt2306299,/x0BOmMjIslyH9ZP5h2eMOdaZ8QX.jpg,/13kblIK8DnxMurcRDkeyy2sGR7v.jpg
tt2310332,/6OiNSLcRKJsBLXwb6DEi6IQ0JFk.jpg,/3UbaCMmqOd7mca4Y5DOzY2ZVTyX.jpg
tt2313197,/yplFdLSePwRdVeiw3xfnumeTvsH.jpg,/1YaG52CwGY3pKh76OBlwX0ymncg.jpg
tt2316204,/245tgZ3mTHWs0NRiPSwPjKobKHf.jpg,/iXXPaQPfQowpQ5UvhsHLj9BgFhe.jpg
tt2321405,/dKRtEi8YleBEZeBGOsYzoq8QW3h.jpg,/lTOr8fcxlsLrGfe2lqZLCjhvrIH.jpg
tt2321549,/9jLmXkKEQO5go44qcMO8MURNBul.jpg,/t18ocAG0cpgC1AP288SseqmXqB5.jpg
tt2322441,/4wJ6hn8l4650k8snmtcTUxXSw49.jpg,/7IGKrY1f1KfwMipx9wZC4NRgIdF.jpg
tt2328813,/j4kNfMp11HtrFFKGUdnfNXqaLmM.jpg,/iEOKiQs1Exyuu5eNK3MT8pyen0e.jpg
tt2331143,/1oF7tadi6Aczz4CrSpU6v8xfCOR.jpg,/kpBl6nGmRaUKmvASc1S3hB9F71q.jpg
tt2333784,/sQbQo0BcCRWdw7vgwyK3ZdCraJ0.jpg,/xSfBWkAarrPwwfiGBAMt8wqxUUH.jpg
tt2334873,/nsj0RLRI10351uYMoAKPur6Derd.jpg,/jDJCWtxwHRhFhhlm2vIV8ktOtJM.jpg
tt2334879,/7Ri9YvVFMsTsBCZphs13sEIvU5H.jpg,/9S4vTm0EhavV7J8pEjUz4PBPp8u.jpg
tt2338151,/i9V1uuUzJFPjdXOg6knfHci8Mha.jpg,/gxfvtq5eYiClS2X7hxAAPBNrbWA.jpg
tt2351310,/oBnc4NLaxZ8V94srsfgdyyDjts4.jpg,/tLxj077KKhBMjnwJkW322VAIbbk.jpg
tt2356777,/xZSuQm2KQQKoVKf31HgUWkjAVga.jpg,/v8YFr8BbU9qsO8PYIulzTeM6Qk.jpg
tt2357129,/h4gbnZvtN4qAkgR28cOn845EIN9.jpg,/k47gSbr0bqEgDAEedfyV2mAw5YU.jpg
tt2357291,/n52k2FD0ub5I3goqnj5qr98ROk4.jpg,/eg2jxQ1FFi6ENDfyMIMC5odpcU0.jpg
tt2357547,/b3EVT7sSX8Y8L3OekYWyKLRS1Jt.jpg,/fjEOQhzZk2Or7VYUBeMx5ZIwU95.jpg
tt2358891,/2Ao6h3iC24dA7QvzIsIqlBI9cRt.jpg,/4T5d7KGrpx3BTDq9IKm6KpMeeNp.jpg
tt2358911,/1CoswPDykrzoAkPAYDlT1y4aEKg.jpg,/A34inrFSAIQNatFGc8qP5kfwDmV.jpg
tt2358913,/eLgS53Y6tZNg2LiHR4Y4NQ2uo8A.jpg,/mrVUkTJHY8MeZRvBDxxmnAhRcxa.jpg
tt2359704,/2Sc0veFPh9CcHMtNqMyiQqIW9ZF.jpg,/5mUYDoFjDlPmDvnUWSknhYjGBBh.jpg
tt2361509,/bpaq572AFnI4JtufuVqcRZrlDdz.jpg,/i8Q2Ei2dPliMLgPWYhRTxIDzh7r.jpg
tt2364582,/dW0qrzdW0XaxuK8hCVXLOh9H0Hl.jpg,/iWopHyAvuIDjGX10Yc3nn6UEebW.jpg
tt23649128,/qPu7IVfA4RYyCzd6kq0lFgeNgck.jpg,/qqqo3P0txcP5ES3ZQ7YR4SmUwam.jpg
tt2369047,/vq4txxJElu3k2l7odooc5VUSpdw.jpg,/b9oaachhBJqHVN2lk1ThoMzfQ5J.jpg
tt2370248,/oHXiJRArx9F9dk22FUmtduGWflT.jpg,/uTmwbGpjH9GVXz1kjyuKeW0jlI4.jpg
tt2372162,/ekaa7YjGPTkFLcPhwWXTnARuCEU.jpg,/zJiWhsEYCy5BkFCBONoMnUunyZQ.jpg
tt23724682,/9uriReigJBf5zVBNaHj5C9kDDTe.jpg,/avwIERZtWiWa34qShf5biDzAVaF.jpg
tt23736044,/8frC5TllwK0jnQCqgZDE8xzsT5b.jpg,/dZJcOyRonN0Kb7kJR3DE3esGn16.jpg
tt2375692,/mZcSwrDdw6cdOVgXm496DgwrQcQ.jpg,/A7lo83g09i3cDmLRKtDiiYN8w0z.jpg
tt23770030,/itb0oMYkglNqMUkXE7mrDyFtwuL.jpg,/jl2YIADk391yc6Qjy9JhgCRkHJk.jpg
tt2377322,/uvhfvwbM39csF1RXdVUfgSuINRK.jpg,/JFQJDXEHnZmfJC1sWNbIrz0WS7.jpg
tt2378171,/owKEGvWvR3aq2oNOtAOvo1gvm9.jpg,/Z4sxUWa0K0TwZpkwrHKsVVpX3s.jpg
tt2379713,/8NCrCV6tR0Uafp8eVYiZbRsvrAv.jpg,/aP6Hzwi2hqPGvX9sF4GliCy55yA.jpg
tt2380307,/vwsFGblLYxWBNjg9pdWN1Mm5YfW.jpg,/g7CHF8gTLGooTbP4GznIGwaqAGL.jpg
tt2381249,/q5twcJdIx9Swtl7CyzfvgQckWVK.jpg,/vYIUN5rrCncHFY8WvcuXQlM4hk5.jpg
tt2381941,/5Nfl7nbruxF1z01GxExUO0GYujm.jpg,/cWWM1TTGnOoglZKLpVERGtQ6HJ4.jpg
tt2382320,/4yk2270JA6QpnN8xkuRsnPVXgdP.jpg,/bz7pwNGCbV576COsDcYN9MbEACC.jpg
tt23872886,/285ow3eWdUV4ApB64axKmxn1MBJ.jpg,/t4JPNpET4aEmMA4Fg7Bfc7tI6jQ.jpg
tt2387433,/6oEbd7N9Vpr7fSNAYzhpPvi2kN7.jpg,/oLuAgHcYk9UrulfFJCmYfcnvmgB.jpg
tt2395427,/3Lz6h5rlCFNNyCZRaRJ2ZjtBnAE.jpg,/kIBK5SKwgqIIuRKhhWrJn3XkbPq.jpg
tt2395695,/yfYCnxBDKLii2Z6iqukcSqBNXf0.jpg,/2Nwbv0hrN8sThLvgooShcPqmFrO.jpg
tt2396224,/hop0dsM4nxyNENGhBhpJWTCJ5rS.jpg,/rA9QYI7yTV2F2AvaqBcq1vL3MOr.jpg
tt2397535,/qXabr1nGFE3HCdIlU9xFGqALALg.jpg,/cvq9cRMDJIGzNpHaPVGFftqPcLj.jpg
tt2400463,/u8Wl9AFc5HlziMjoiR2SiqtCcDq.jpg,/UT0FaX3djSmvphvDopomPNWXIQ.jpg
tt2401256,/q13XJHdnsmxQL9rXRcnNDrZGHjO.jpg,/pXxaORRHxvdfdpZ5kux619UsBL4.jpg
tt2402207,/xH529hDtPxhslAEeCrN7gD64ZMX.jpg,/yTUwiQLbr8gHDs8LuU28c8fBQFm.jpg
tt2402927,/fjuwXnCTg54axtd4O3Mhpm5akts.jpg,/2giW19Qb8Lmyd5XCyVU2avABvhZ.jpg
tt2403776,/1Ok36olOn9HXOUlFdlOYngItmxX.jpg,/qzSjrYSZAWrjhg6Yf3hCcfJE4o0.jpg
tt2403961,/hYDiAFCWJTgD2aSfYjYtboPp38r.jpg,/nFgQU011NrKHPKDxjow24lncMck.jpg
tt2404311,/6B3MEOLPEFlB19AEFKymjmjDQDN.jpg,/mt4cfjeFHNKda7KDSvvJlG50swc.jpg
tt2404435,/uotXQy2IKigAA6vvUIUsBPNHkH0.jpg,/4qxZJRYe4ezA5J1sidnV7vuaYaz.jpg
tt2404738,/ujY3b20uM3FYOiRj7T0KdMACQf9.jpg,/ekbjXIaXUSACuMHUdTCToZq9IvG.jpg
tt24053860,/69LMkzR76BHqjQ43LW0KJo1g8RB.jpg,/enVrO8TRkdT8dmYXTfI4sEjR5Kp.jpg
tt24069848,/38ekdiOvFe04uzZbpaCPO9QhFMk.jpg,/1FxG2lmDYsCM1svJf7H79HNNwu2.jpg
tt2418440,/5S79gl0Z6YGeDsRkSiEXNyyOOlt.jpg,/ogKkr5YOyKB0gY5lNTB9Rx6ZI95.jpg
tt2428170,/qn53D574tT0YRyLgirEFHQwGUXw.jpg,/AvrGwToWkP6fp13lzpxsyzoq9JH.jpg
tt2431438,/dcXywiWONp1sm5NPAtpdBl14oKo.jpg,/d6JYL53xISzfqz6HhvaKWTDcOUZ.jpg
tt24328672,/vzyoqk28B70Z4WkXAU5MQYEIAqq.jpg,/jESfJg95FpYAwibrm60kme1cc5V.jpg
tt2442560,/zUqNyXRfYkFAFXsqJJjKMZpjYus.jpg,/dzq83RHwQcnP6WGJ6YkenIqeaa5.jpg
tt24509990,/6OqcfVTm9XdVz1x8cQY1ERkpJ4a.jpg,/ySqZmxCcbwkrtH5j6KVH6BVv4mM.jpg
tt2457282,/sLoAws32ETKAownjg87LaEOvxmk.jpg,/tjWDJoTul5wn6BpnMH4ZWVcFWfx.jpg
tt2458948,/2QiEVEePwGGwzCWaxrVR5B4LLnu.jpg,/1EAxNqdkVnp48a7NUuNBHGflowM.jpg
tt2463208,/k5waciRFMN5bwudDrgFLffoAorm.jpg,/ewUqXnwiRLhgmGhuksOdLgh49Ch.jpg
tt2467372,/mpjlDzVjp7oyHUe2LaF9ltKe6f1.jpg,/9AeiA1XtP5sel2tAf9LaGeUjhDb.jpg
tt24807110,/icZSgPUdnUujp3clIoo9jQVTEY8.jpg,/6Rjsm5khNaYa4Gnw4iHnGX2E34T.jpg
tt2488496,/vI86GLIkT5pP3ZfNs2EvmTrBLBm.jpg,/8BTsTfln4jlQrLXUBquXJ0ASQy9.jpg
tt2494362,/rFAE4LhOsjevrhUmYoVtRLuy6I6.jpg,/orXMq2jZy8wFmePv7zXS2Kor7Ug.jpg
tt2499076,/k2TCICq6OMmvbxLZ9Wm55ky73H8.jpg,/v9AghOkrVgoah0X9p1peshJY64W.jpg
tt2510894,/ndYVcm1k3h81MRDhzZCI4SxDzGp.jpg,/mfnkxXWuh2Br097Qteq8ieqKfev.jpg
tt2527336,/7SNzh1fY3YJ8Y8MX93pZF5cJHaH.jpg,/5Iw7zQTHVRBOYpA0V6z0yypOPZh.jpg
tt2527338,/oeQxq6If4DcW6ADIYCF9SQwKov.jpg,/auJKGst3vXpJozHZh4nMFs0xWIU.jpg
tt2531336,/gZ2ocZUwqVetPz9AvVVhzrFrpPA.jpg,/aY7zv2pfk9H0QxaaL3PBjvalbKQ.jpg
tt2534660,/4NluFsbl2kwpJfZETBgJXk78rZr.jpg,/mMg9LR35GfHL6ZhA1fuHNA748FE.jpg
tt2543164,/tbVITeytclB4JKx2LxxasrCCmZx.jpg,/8MUZz7oPXQftFTslZpRP3CVMOoq.jpg
tt2543472,/wowB0C4S5KX5SNbhGMkbZZEOqCR.jpg,/b7xQ5fuyVO4c24igizCfPgF6n7q.jpg
tt2557490,/vm0dutP6EqrVf1w7qZPYKkXpkn5.jpg,/5ZDM988DfYLFPBqy4CNvQ9AXnp4.jpg
tt2560140,/yFPQ4JhhirnCVe2UIKGMYX7TOGZ.jpg,/rqbCbjB19amtOtFQbb3K2lgm2zv.jpg
tt2562232,/8FC3R7ElysTIze9ooCYZnb6TR22.jpg,/s0OrExdg7i3RLR7oqzHRk4q2kL4.jpg
tt2575988,/8BNZrHzWEUgMdJJNUdrwryxeQW1.jpg,/4pfXAnWxOfEJsUgDPW0zqzs5UWv.jpg
tt2576852,/tCw5ZR5RkmAtCztmkP8dYh1nkoX.jpg,/lMaWlYThCSnsmW3usxWTpSuyZp1.jpg
tt2582496,/tIBKWAZsP9NGMKnVC5N3RySvTfz.jpg,/4sOeeDX9uBteu81ty2bcdbzU933.jpg
tt2582782,/rGihwoxhAjPrnrjpTPowuIOU3jy.jpg,/kQVdpIPCqfpa24I8SQRiwOAbkLG.jpg
tt2582802,/uy36CPy5ARuC8qrH8Esg2ndFyJ5.jpg,/fRGxZuo7jJUWQsVg9PREb98Aclp.jpg
tt2584384,/5KRPe0XObWOVGVzDaGSAxG2w8bd.jpg,/lTyikzfGgRX5ZqIfVeT26APYfRL.jpg
tt2611652,/tkRO4hEEKmZQQE9X6bdcbXh4ztH.jpg,/1zLteAskWWBom6W5AvAqeona9LP.jpg
tt2618986,/mK9MowBCPEn7RbsDXqN0MxyPc4.jpg,/5n3dwYOqekTyANEyRs0GNhZPfOs.jpg
tt2628232,/hQSdrXBYTbLGHYDIseHkBOPXTgL.jpg,/32iacqVElB91YZKl9Ky3QEEkXtH.jpg
tt2632424,/ztefVQYH97CcZ2WHYq1u7f2m6bR.jpg,/2OAoGOvysScieVhIazrWTXj2ESp.jpg
tt2640044,/pHTOwJIUN1L4h8sACkpkthy01ei.jpg,/6snBXmgkscLEJQmxx46qEIlqYlB.jpg
tt2641874,/bhgfarQ9e72UFcfMJ517XiAjAm1.jpg,/4Xxyir19sidaQlpS8HOFiipeVbo.jpg
tt26446278,/r2PGzaGA7bgcuy6PX7nx0BfDYsK.jpg,/bxT8jFcWNuWK5LmVo1oGhAm4dnZ.jpg
tt2647544,/2RHj62XneYMCRPAyQrEIrKVij12.jpg,/jHkeqXYUU4khZEig88AFLMUOmep.jpg
tt2649356,/99D6wCUqQA9gnGf06JgjYEk9zcw.jpg,/b9cCIwtT0gD42wEMMZwMdY8zfgS.jpg
tt2654580,/7KNvabIPtsfR01H1bJwc1sobRUM.jpg,/dAb6XKP1Zcykbo6LCM9ibG8ktQj.jpg
tt2654620,/2BWErT9QcADpf2G4BZ769eSnFTP.jpg,/4YnAZ1KO9goeS4c06VO7HXiO3oO.jpg
tt26581740,/nYqEQ3ltw0hHc1kBaNWr7Rb8WNZ.jpg,/8VyTWJrNEyV2MTWvniDVp0MpOAe.jpg
tt2661044,/7zzHG46UG43IkfdEVKuCo2L84eM.jpg,/8ZerYKvIaNUJZvAHXYTQu4qTwFw.jpg
tt26693803,/auknE4JO3oLXNe2Go8tz6v4DPhY.jpg,/rHiz6GHA2bUPEtTDZvhbTmzlNm6.jpg
tt26743210,/9Zr7ZyiMpgMhhxJQi1tQJp9LGho.jpg,/8J6UlIFcU7eZfq9iCLbgc8Auklg.jpg
tt26753003,/j81fGYj8hjDhpdNSHzREWMaE8p8.jpg,/dCgrFY6uTqhEpyhe8MzP1oExyLt.jpg
tt26923797,/hfBwdvdp11wiMqdipxIY4dOzBUC.jpg,/821am1avpUGLXAfKavTRqxCmM8k.jpg
tt26933824,/kiMhxXmkmqtpeY9jB8il3KajrDu.jpg,/q8BwtVM3t0SOtB1nZsXpOKZp8IM.jpg
tt2699128,/NKJdryIFHr245Umq6gXsf7oULW.jpg,/rK9D7R4nzG3YGBktQY7VD5tGdtb.jpg
tt2706268,/ZYBVBFJ1Bblc1WTcY5xbC62gHI.jpg,/1DlmCFlYrS7fe16KZz5lfjbZD2g.jpg
tt2707408,/hbe0lyWfTu7Rm9bC9HsjTNVKOBU.jpg,/y9ekzkPFmWSqUU3Kj0wHmYUM8qu.jpg
tt2708480,/xIr57vgpISFUxUfKrX195u5e7A4.jpg,/ssyZgYScV9eClakZDwu4sPrgMmy.jpg
tt2710394,/xjlZtaNj9ajElRf3n38ieDzfOal.jpg,/psWVLZDfiCA4qqoKaN2fpnzkNDs.jpg
tt2713180,/kbtH5G8L8REzy72LkLmKYoBVaGv.jpg,/95ckrV6wQgbffurAVmETQ5YKASL.jpg
tt2719094,/1BuBu3zyxQGmr1UhQMWbUbddw5U.jpg,/zzyl2ro4ayqnCJsVvexWJq7laAN.jpg
tt2719848,/7SfhoXCc8LGfKvyNIw2nU0gEi3R.jpg,/P7d3lyBaYbAXVor6iB2avLvc4K.jpg
tt27367464,/sgflb0u8gW8ohjtXoTT52ra3Lhr.jpg,/224f3zy21srh9WnBLFU2z3axIFA.jpg
tt2737304,/rntHx0Wet69rb5aUIVrcr4MbqAj.jpg,/pDKFL1zcHzEpmz4MJA5JJnRbJeD.jpg
tt2741602,/2jDYeTaDSIYnVOS4BD3d17JBkfP.jpg,/2eIlCirgcvEwmCSYh2wDfz5Sxvz.jpg
tt27417166,/1YsVqZtzHwBRGBO7qBSufxtKRux.jpg,/gZmX1yjRKXFfRO7jjnLn6VuKycT.jpg
tt27444205,/s1rvfglVgSR8tnLuHRbPpEgGQcS.jpg,/5QsLvWh8J1mXl1W05wNJknMmhzR.jpg
tt27497448,/pKWuCnx1DAjLFamTdYVRfK0cck6.jpg,/7mkUu1F2hVUNgz24xO8HPx0D6mK.jpg
tt27503384,/efnvsuEdkdwiWR7WyQ2QgcGt8mM.jpg,/hjWxngV6tidwDkfJDEgMjHD2KEz.jpg
tt27528139,/54cZSKA3O5uZ3JyKbKUofqZsT4E.jpg,/2q4aPLPu7XqAbDe8JXcRyK5i6g9.jpg
tt27543632,/tMEu0gniT4zfcyDF5KMjof0DMog.jpg,/zTnAnYIn0Iv3cn0ZHlzLhou3ybm.jpg
tt2758880,/y51wK57MWxxzJaMDUXBWDV2RlkU.jpg,/4JuoO0XywrCDeHLy4kTB9FU5U2C.jpg
tt27672387,/43OFnIfH09qwj8uTDNKEvgAGa73.jpg,/5Dcpip8sY56r7dbmzV9WQMiXax2.jpg
tt27722543,/kVBP3VZBDSYgHqBQ9nGzborFEtV.jpg,/2LtjLdQwy4VPW8ajCFbgf90KOE6.jpg
tt27751957,/gzdhZFz3gUTu5MneQZYozmbKsLf.jpg,/tZdhMgbN7R1zDMAZ0zSFxxnClcM.jpg
tt2788316,/uIoDvVOQaKjSfz2oihkVS8M7l1v.jpg,/bwSmgmd90hCWwqOKQYTEraeOZhJ.jpg
tt2788710,/kHM4MI4pLIhpxLXnbP874yGJbUq.jpg,/3YKGMZQ0pwQXSBSASeKlfPlkso7.jpg
tt2798920,/9kJH2MZ5vaOjuHVvUcnwpa3qCuS.jpg,/9trZvBr44UGedUOiGo3jgSUw13e.jpg
tt27995113,/nK6TdQUyGSQZ5ZFIV5ghWPqTvfP.jpg,/hP5pMJfxbY9p72LgEY6j9qGidtE.jpg
tt27995114,/jnDs84n7B7dfUzDepe0VHXXwlas.jpg,/9AJVsScC6M81MmGZTnxghN9NZe9.jpg
tt2800240,/bH0Fc3rS7zzt3FB7j9RgZC2xTzc.jpg,/xSTedn34WWuOk5V60UK3ZXWwkXz.jpg
tt28013708,/fPXnyN1IBEUNfz0Ato95cWfjNWZ.jpg,/hEE8TV5jLQZQnpPN4QmYZ1lCJNq.jpg
tt2802144,/2RNABhJ8sTfenTz84ADVUbPllxq.jpg,/qzUIOTk0E3F1zjvYjcBRTKUTgf9.jpg
tt2802154,/yDFHS1iXHd0bpoHJB70Z4mQkEMJ.jpg,/ycOp8gMtlfW7pDPL1YiejU1DVn4.jpg
tt2802850,/a3VW6khsyUVKrG0GBCWFG3NzWPX.jpg,/4jrSbRpLqpvYJtLKncaxZVC47EW.jpg
tt2805096,/bez40PgT36RUu4gstD2A6GSM0tP.jpg,/rhp8vYG1sIFtqH3ETmHJuI5Z3Cb.jpg
tt28184392,/9CEV7ZohzIbxUi6SMLb59Ey54ou.jpg,/uHTydZL5hbarh15ks1MEz09GGsQ.jpg
tt2820466,/jOIH3wCtz3y4DonPDoHqSz0VjDj.jpg,/35RYg50KXsenD4TrpZzzBm2X4cK.jpg
tt2820852,/yWG5W4tKCQweHEdnKV4YEvqOBGx.jpg,/ehzI1mVcnHqB58NqPyQwpMqcVoz.jpg
tt28227737,/m9ILwngvdDfznuXFwkle0sEQrjW.jpg,/pYzW7v7X3qbaR5EJgUoKXfFPiIt.jpg
tt28380163,/dYCbmtm4jFTdXHC6bfxftIfmxqk.jpg,
tt2852406,/ikjzsSUR2N0sZb3ubkyH1n0KeG5.jpg,/16CMTxHLSTAIIQPsJQQigXuNxFc.jpg
tt28607951,/n5wEFSLkm2fCtN0FVAuphrCAjf8.jpg,/qvyOfwTC3qdbzkqdXWSSEMHtjBZ.jpg
tt2861424,/arSWOHGl9uQvhDrWjgyl3aaypca.jpg,/5BDNWWHweQL0q1fmTv7gmRXfnl4.jpg
tt2866360,/yZP8tg2yX0RGqFwknfCYWuy6bpp.jpg,/cvGE73s935bXEAVt2W0zADPPegG.jpg
tt2872718,/prNsmrvXbLaFDq8p5XHBMowhd9A.jpg,/bdI6U1mT0kCdTJ6TWtiFxQ42GSn.jpg
tt2872732,/uy2TvHFwgKk6UzxxKnPsLkbQwTt.jpg,/1hzH1Wu2xhXBNOWzw3RMwNTJX5q.jpg
tt2879552,/lv45BbkXtIyjCBshsWYL78zJT4f.jpg,/qVBExiGdG8uiPK9BcWD0881u8uh.jpg
tt2887954,/xLZGrnbIkZy8lWNeSAEVceN5Ca4.jpg,/fGhZTONMDkwSaE5V4FDxf26uenl.jpg
tt2891574,/WyIazPyjmcFMC42nWEpI0jr56x.jpg,/gyPWbM1lq7Ufd9cENSl5Phsrb0a.jpg
tt2911666,/3sKWhzWiL9xPMOhDO7l6R3y5sNL.jpg,/ff2ti5DkA9UYLzyqhQfI2kZqEuh.jpg
tt29268110,/aQtWauWpy5KQEHsBURDnoTD6svd.jpg,/iR79ciqhtaZ9BE7YFA1HpCHQgX4.jpg
tt29270150,/xnME9c2PEtYGBDPO4lZXAVeEu0G.jpg,/aJ3tiwuqRWgjvMonTC8499BCBi4.jpg
tt2930604,/eLrScs6Bs26JMcS8hiZhf7YRROr.jpg,/8BNjxMJMFp0BgqMh4PyuwZMXxh1.jpg
tt2934286,/lfTm372lHNjQnnUwpdumVfUB0rh.jpg,/zW0v2YT74C6tRafzqqBkfSqLAN0.jpg
tt2935510,/kK6Oq4JywUNXmJ299efUkv1h6Mn.jpg,/AeDS2MKGFy6QcjgWbJBde0Ga6Hd.jpg
tt29355505,/pTjZfbFVWUIwUM5OzX3LVh84ejU.jpg,/qjTqY5coNiz6sVtPng40IzltsoN.jpg
tt2937900,/vJ0Q8u4LfdACTCMf06f9itV6Y85.jpg,/mw9EcIFuWUjkOTF60aYpbpM02Qu.jpg
tt2948356,/4zIlT48TgNLuJpUtFOkFITHoCQE.jpg,/9tOkjBEiiGcaClgJFtwocStZvIT.jpg
tt2948372,/xJ7MCAy4oCLerPo3JjnB8lKOhl4.jpg,/rQaHA74pevnGsxcKGaoZVGWe9TC.jpg
tt2955316,/9212udpJsvp01Cb5RkoKEpchtpX.jpg,/xpthYlJMUr3bC1wP3mrIRTyVPVI.jpg
tt29623480,/a0a7RC01aTa7pOnskgJb3mCD2Ba.jpg,/1pmXyN3sKeYoUhu5VBZiDU4BX21.jpg
tt2967286,/maTEWDbqf09wfZYlJDF5XIQJD84.jpg,/nFKxirrjjSTbz2rryfJvvG5MLkV.jpg
tt2967856,/wSad9zfGit2X7Qz4AgMOvkVpynR.jpg,/xHUcLw5qCk3642T9sh8J6i4oUCO.jpg
tt2975578,/ynDDbzVge9AzuTkeyw8JcKr58Cq.jpg,/blfZnm6StMPnTY35kaooPBCsSVp.jpg
tt2975590,/mS3t9puIjLKgoex82cu9d6G0835.jpg,/5fX1oSGuYdKgwWmUTAN5MNSQGzr.jpg
tt29793197,/2qhOJFZRgXr4Q8ua8NwhNCTFv8i.jpg,/gV73dl2hKOHVIt6hQ126egLfwO5.jpg
tt2980516,/sVKeuoy82eR02iMIqRAepqMCoag.jpg,/dh2QT3TPtAQf057yeLpNMuaJlmp.jpg
tt2991224,/kduF0H234u9IsHcuipl8TJVcBte.jpg,/6nPbmf5ctz3xFDWEMNokV4vUpyt.jpg
tt3006802,/wwxKbrMlwMrC06B7aCIkDy3SAo6.jpg,/nf3Vlxm3C9U1aKUUQHmKFZmxPSc.jpg
tt3007572,/OPL8TSMru7vqbxk8TwfBWCxByz.jpg,/nYxqUQaYGUv3pgMfe9BQ2WtUMQu.jpg
tt3011894,/vimbRR5XdkMj7CqnzVN92Cla8jN.jpg,/dHnki2Dh6lbOtfksrh8H5lg08f5.jpg
tt30144839,/iZ1499F6hYxDxiqioy8oSUaxipG.jpg,/zpEWFNqoN8Qg1SzMMHmaGyOBTdW.jpg
tt30217403,/wQy1dCYgdSwoY78aKFTWFT1xADX.jpg,/uNTrRKIOyKYISthoeizghtXPEOK.jpg
tt30263074,/uBbHvJ8pxv2T5Q8apX3TVZyg1V1.jpg,/xP8OH1O4DBd6Std0LVprox9cYQD.jpg
tt3032476,/fC2HDm5t0kHl7mTm7jxMR31b7by.jpg,/rfxryDIv8huejujg4JueDJx8zCz.jpg
tt3040964,/pQGB08Kxyt3TLN4L01E175BRcvu.jpg,/8oYykF1Qhrb8fC2qZqD71EzRywg.jpg
tt30459041,/nnhMYhoIZl997vJ03YWkulhUlQO.jpg,/e0mloha4ZQfLVZj0nsUtU7AoRs4.jpg
tt30460310,/4Pec5a1At5UMeADkgcxwf6nLqau.jpg,/reAZlLG6YMkBuxPT1XKuCH97TM1.jpg
tt30472557,/fJdnp5OO2wh07tdy6noACNyaqMJ.jpg,/gqTz24ZRsCP6AKjARmEivY7m0cK.jpg
tt30476486,/nqdzN2C7L2vVWAfFZLx8510AUGe.jpg,/cZmOrIOkJ2SNfVdiO85dUbOAYnL.jpg
tt3063516,/1AgWc19sK0Mu92MRklGNZ0hAxXH.jpg,/1rNQG7LOjZheSN1iLGGxaey2254.jpg
tt3065204,/pdNW0HWw11Wn2N94VGea8O44wOA.jpg,/hD9zZYKYb1xBgcm8XIfyvclSkjs.jpg
tt30766504,/i8PhtOAxl2NnH08vGCDkNAw9bA5.jpg,/3vvA1WuP4wVTmuyOKUhdJLzIUWc.jpg
tt3076658,/fTdozSSr2cTZcioldjfVUbBzhrW.jpg,/kODNw6GJNdgldUMEhKPlCw8wQCr.jpg
tt30852970,/979In5AADOcbcUri0WW5PViipqp.jpg,/zMZUzJOMtdT0UyevOsq9F6qTooS.jpg
tt3089326,/tFAJcOOmFN6IjuKb1xEuiEpqY3n.jpg,/oLdMVXIgl1F2UO8QytexwOMstnF.jpg
tt3092552,/aAXXmGkILRWbtFH9x8hvtjknn4i.jpg,/ui1nbPcT6AlkoCQ9WLROB2br0yb.jpg
tt31015278,/gPE9IMEMu9zVU3XLCTuV1iJXGIn.jpg,/3p1bD9QYA41lb5MBijhYee70Fxz.jpg
tt31036941,/2sbGd7kDhMicDkT097FR9a2JyGU.jpg,/zNriRTr0kWwyaXPzdg1EIxf0BWk.jpg
tt31050594,/9zBNg8koM3fjUTPT7QeJHuGG2r9.jpg,/gIClklFGYBe0uiOoiP2vtocJbss.jpg
tt3107288,/2O8tlUzKS3uddGW5D2B9XM6b4e.jpg,/gFkHcIh7iE5G0oVOgpmY8ONQjhl.jpg
tt31193180,/zdClwqpYQXBSCGGDMdtvsuggwec.jpg,/nAxGnGHOsfzufThz20zgmRwKur3.jpg
tt31227572,/8nCEJ5hFJt0h8FhXafHGhEhT8d7.jpg,/82lM4GJ9uuNvNDOEpxFy77uv4Ak.jpg
tt3125472,/5nXkFAqVaLlgDqpEYd1KtsxUyIQ.jpg,/caFldsjpNl6kk36WlR1hGxdqkDZ.jpg
tt31392609,/fgWhmlpxPEJQTZeKOAEPlgrD0lB.jpg,/6Ypt0zspYChnZM6JWVOirbUaBx3.jpg
tt3148266,/pWbfF5gMAvybRhsCDFVat1gZgqz.jpg,/oReDAVfMTBi1J543aKg7LpeecPv.jpg
tt31510819,/xOBnonAeHiZuiTPOLBFMFSPI6jy.jpg,/h0OC7ouop8YLwbAVfS3UUE2Lw4T.jpg
tt3153634,/PZlNvDwKwHeHUsXnd6SEDXWZNn.jpg,/cri20wZDTl1X5QpxlWCSJ4HSpTF.jpg
tt3169706,/60yODrgrKDw8d2427tQRC7Vsa5V.jpg,/tqLjEqOELHek2zfZ1d3vknG7Dfu.jpg
tt3170832,/57aCjpdhzg9RnVMI1410jlpRTWr.jpg,/cGV6R2vzT4TYIabf3JgmrOISQ0y.jpg
tt31710822,/mXkLE6M0YYXE8NugdnYSXVngtSR.jpg,/oGsh97JAA6LYu92B6TEswrjac8W.jpg
tt31806037,/cZdsqlIqhRbYNo8ttxb2ThC09Wa.jpg,/llZodlkVKRkTdUsiRxvn8h80hhx.jpg
tt31806049,/ubKnIdUWNfpKUgkfdOPJvcGXO2G.jpg,/apNfldKI3RiaukNwJzr8EjRG7Wc.jpg
tt3183630,/9tPMnS6DvQvRXZ1jk6gbtevnvxr.jpg,/zmIFeh3xutkIFZBKYatzWF1XDu0.jpg
tt3183660,/wduJFXlHQTIw1TBf6kTO3bHf2VN.jpg,/8Qsr8pvDL3s1jNZQ4HK1d1Xlvnh.jpg
tt31868189,/utIg6Vghn65A7rz8tH9ItHUuCzU.jpg,/dRgfr6i95s4qEZkdtWdJP495E75.jpg
tt31938062,/kvFSpESyBZMjaeOJDx7RS3P1jey.jpg,/z3BkMbCy5ajZPMyKEUwsPHuz2cV.jpg
tt3195644,/yc8vkZgbaJjaZjEE1K1qMrDWiB5.jpg,/1fpwEe2GvNjAq2MN2xxdifNZLBT.jpg
tt31974367,/fr57huR86UiVWJr6C7S8wRaghZw.jpg,/ylW0m5UztyyL4YFu8EC6usUHLF.jpg
tt3203606,/3BTgYxluoT3ILr7YiLHjlWhkDC4.jpg,/saa1scU6UIBJi9bMEvLNzXXKnDD.jpg
tt3205802,/eUEsf3OF3E5gRPvVwy8JDV1Q9BJ.jpg,/rNlYsPO8oqZrxedntqqzfyPJNzq.jpg
tt32086046,/p5b8aNWopnUxORdHcmHP7WttEQO.jpg,/pq6IdEEXEfrcT8O1dzuqkPCUvVM.jpg
tt32138452,/3ZqM7bLNmHdyj658gqtifrV5afl.jpg,/dMloNvayweggmvv0UD0iOJIkkbH.jpg
tt32178949,/bgC1JHnjq1bdOsi0HNhodiT4SN2.jpg,/zqZzYVE4DWv92xrYSCEELPcLnUP.jpg
tt32252772,/lk8KJsYInahuD71aqJqjzlln0c1.jpg,/7f2bZ9TdBOlnKpdiir8xWDv6yOi.jpg
tt3230454,/mSSqKg1wByhjCgW8bc1HqRzZSZs.jpg,/6g6NdCgFxO8qVp0cosVOm4xdjQG.jpg
tt3230854,/5vQlVWkIMPhZ88OWchJsgwGEK9.jpg,/eVwD4s4dBOK5Jn7CzOLBTo0vXNH.jpg
tt3235888,/r0G73SD2Ij0BQGgKqkjjO6Mx4wn.jpg,/ikaRI4yMxKOje5SmOlAhOBUnicL.jpg
tt32538648,/9mkLV32jOUXhC8uQaw7zV9ymm8Y.jpg,/iwma2WVMn1IWS9cT0CpvOYTBTHe.jpg
tt3253930,/v6R3cpLDHhOcuyxXNvlNOtU5kQo.jpg,/qLuu0GysqAM2nw6JEIjTkJdEwp7.jpg
tt3256226,/utH781EwjzzXQC6fZUO3cw8L5Ht.jpg,/2jgyHDRPErYBf1D7bCs7YOi8xIX.jpg
tt3262342,/3EApKIxlgS3plXBR5xCmYzrh2j8.jpg,/KKrsUGDXZfpeL3ddXTeGibmUHS.jpg
tt3263904,/dT3AMK35Uq8FUFjCXJwZJKtfaJp.jpg,/oQ024BtJgArg8WI4zfuc2vkCJno.jpg
tt3281548,/z2wBWFEQ9FE0RcjmWXz3vvSNPfT.jpg,/lqxxwTRk0l7CubY6JkJdhnwJEkn.jpg
tt3281796,/ctftzvyj8b0odco7EoS9VfJhf7K.jpg,/gG1UDKgnATgTPwoZzqIDlGvnBe1.jpg
tt32820897,/lYnhd124Fi3vVYlh6qmItxpGZXd.jpg,/1RgPyOhN4DRs225BGTlHJqCudII.jpg
tt33028778,/qhJDrPqvw8Dopwc11pCkrGgfhy.jpg,/d5C5Wsx4fnMRA0tj9BK1kTPcgQe.jpg
tt33035373,/km7Tj519oRw5i6eU0PZR5g0RbT1.jpg,/n4hJLZmBG8kZccNn7bNgBDsVQ6a.jpg
tt33043892,/lZyvtYfG6RMJm3B6sjfJvcTVtFw.jpg,/8J0SjKToFBbg8dKpocVOCsrC77C.jpg
tt3312830,/v1oqjVdneZ49UxOor03a1wlKax8.jpg,/7nFfW8RM50PANBIdfI9Ut3FdoSB.jpg
tt3315342,/d0ktjN9eKww26HhM8or8iUB1I68.jpg,/4DZxWNSAyksN6N3JkvpJ53Yq6zU.jpg
tt33175825,/2vKweKp6Nynd4kBiKhOGyP0iSdO.jpg,/yPJyXYfDrlD7bEjAtTAQ8nqmRIf.jpg
tt3319920,/cuenHtO5dHs6dhcr1MhuzIoNVsz.jpg,/pYr7HL3peZQZRaAYqwWT6Ax4DAx.jpg
tt3321428,/dfd0rTS4g6J7EqJDxWZm8KJjGKT.jpg,/vIX3kOne1TzYO57cWPAWNtTV7dH.jpg
tt3322310,/ywrvjIgK5K9Ff8RddgdFI3kfDqT.jpg,/cuckn6IFp9OKu9H8AgD0iEANxhc.jpg
tt3322314,/yzM1hMB3PUJqbISX0f421b3xOjB.jpg,/bJOmop22SGTHPo1tiuVAFf4U7B9.jpg
tt3322940,/sFxgTJizaUUI3NByNT80oCVnkA2.jpg,/pWZ0srAfPx4XyJMlFkKBlmYfx3C.jpg
tt33332385,/n019if9Ob29NLATYFLFSQNNWKJg.jpg,/yx0sfeYOoXol2fjT22SXo9YyviI.jpg
tt3339966,/eMFHl0HyLg7k04OVeE4xPvT6XhY.jpg,/iWQMxRDCTruFjbQ79qxpHAmklNw.jpg
tt33503491,/6UnZi4kWQLWmbO0D9qV8VE9eMfj.jpg,/2vtI9xzD6qpDzY9m8kV67QY0qfM.jpg
tt3358020,/dC1rIfKScgrHjmZYdTpUgWpZF4h.jpg,/zfk6siC4KRXurG4jJzSXHy9szGQ.jpg
tt33764258,/9aeb5U0saB7Tuu0QITaoENZBxFF.jpg,/iuylzRSllrGn7YB322kwKoOVMcq.jpg
tt3387542,/bDvt0kVvdO0NsIM8xZve7qHjjim.jpg,/c6GGumaw3bvhX15NXK30heuCnaC.jpg
tt3397884,/mpFhUy0aiDPIF0lN8Xpg0DeNQSD.jpg,/fKPgObonYgPgCdu88yjV7Hpn7Dp.jpg
tt3398268,/yeB3UCvjRsKTuDs6iTS7u9HYpJ2.jpg,/rVDOeOccg0K9tXuw6b9uOG6q4mf.jpg
tt3398540,/k8YZ296JIxo6qr3rS7fxGGJyY4H.jpg,/zr1MDQCPVB5uJEHxiO6Tukn4OjH.jpg
tt3402236,/v5F94xCSBrSDorvOQNHU4sqAcqZ.jpg,/IQyEvPTYvrzsa7qstRj6VLQupr.jpg
tt3409848,/3pfgZyIJ1AyXD4JB6b0d2IHzTLV.jpg,/9JqIR7bBO0uofsJiONgYAX2yw1R.jpg
tt3416828,/vgxlqI40AUXmpBzcwlLsYZI5EcR.jpg,/wQoe0j7ZDk7LWexC0XhwkK4brIb.jpg
tt3428912,/xZK5iQSrn2mouZEk2PwyLPCwa4u.jpg,/zG1K7njAaHcLElUKqNRqmVEbXdh.jpg
tt3450958,/iAm7IAqfK6VL2h1yh9QbpcctaT.jpg,/ulMscezy9YX0bhknvJbZoUgQxO5.jpg
tt3460252,/7DYGdFT4gtiD5BI6xyOU6v0XXvi.jpg,/7g1zO5t0bd27Iqn5ZUDJmksOGPJ.jpg
tt3464902,/uGJ7JNSwvt9wr4XO2uoNGtXIdrq.jpg,/s48CvFbWoWHhSPgz2wW9Rffw04q.jpg
tt3465916,/cSUooXG4X4nAXZydBViyvk0In0s.jpg,/jfhQmWuJ5NGYoGiTNswGi09JEKL.jpg
tt34682248,/s1zEsvB5XoS0Gqr7tmnNZExVdRI.jpg,/qQ9i4mO2GrUFR3gLWjf8J6s3Wf3.jpg
tt3470600,/5EyWAoHFGKfcIOT7tj0Cwe9Zx57.jpg,/z9ft5HYHzWcasR6SGcgeluxTznB.jpg
tt3475734,/scZsg0rfAyH8ADphzrdhgo5jAXd.jpg,/MaQ7hbNsiJ30p14UgRdEnXDGMH.jpg
tt34771210,/yvZlBI21f8CqRiqVfTjMDPK1NYk.jpg,/yOna5ZGXrvWO2HdOCKcahx2sCDN.jpg
tt3487382,/4OnnU4j2tQEOnsPnRZswW91v9vr.jpg,/5ziXtCZye3NowgFJCBrK3kTd7vn.jpg
tt3489184,/gQ3bA1DBKyZwkDCHJFEAT0MkKpu.jpg,/lmDDpCCei9kTPIZb13P2NAqpmvO.jpg
tt34945265,/2g5UBmSaxqwavsDrUGlf4OX2Aj3.jpg,/sEnwVITx3kufohbDqTqnpsQbola.jpg
tt3498820,/jPPy7tCfglppQo6J9nGwU6UmJ8X.jpg,/7FWlcZq3r6525LWOcvO9kNWurN1.jpg
tt3501584,/q4nqNwAhzVR7JuYctrWJvUWz3xR.jpg,/tCjXy1iCsr2BVlNczafnkZ40LPn.jpg
tt3501632,/pGtkLdk4rnF2A3Yz2BHiTgRwMU4.jpg,/vLmHH8jAy8Jq8uBsLucd3592WGh.jpg
tt3502248,/vtacLvdLgW3BNUj8DrC76X39Lfi.jpg,/23S5oKZjlXehjNLEhMQuxjwbyuA.jpg
tt35052852,/aYC4t2FwIK3kouPMc7d9CAL49Mp.jpg,/gHPr19knxIUckVn2r11Jjb4WvjM.jpg
tt3510480,/93fz1SKHwqUdPjB73fKr9oG85QX.jpg,/xhvzbyZVf6C6Uf64fjeQhzd6UKn.jpg
tt3513548,/5rI1qPAtkFOzl5aiIwuwSOzn48S.jpg,/zAfG4ZmpNfKSyr8MVn1CHjgYYXx.jpg
tt3514324,/k1Edm68SE8JeOzyTafZnTOOuLTx.jpg,/fThSrHjuS1X82XoH9VrtvgvMIXm.jpg
tt3520702,/cfBrSeWvztjEibGKRBMEkSZgzNh.jpg,/78s4wDyITtvjMRHHn2Rk7IPCtcg.jpg
tt3521164,/y6wkgEH1gTWAafH9Bc7cNNut0Kf.jpg,/qLVNZFHYUR6Li64He67SWl6BHQe.jpg
tt3526078,/RgtqS735vvCYcoGBtRNvYE2fIr.jpg,/ftNmVV8LuNVmtB8mzoUTucozVKE.jpg
tt3530232,/fuuEjEr69uvRtGaQw70JfvdrUwb.jpg,/q31EEBycbOyX7GGJP4GTPI5WJRO.jpg
tt3532216,/i9jahD3uR2B4CPmJAsfeRvmzV0U.jpg,/5TKGbYKEwGrJlHFfTQzaz1FC5AJ.jpg
tt3538766,/uROT3bgu8I50EyDA541aozJjYl3.jpg,/f8snY0RVua2uFd7RtytcdpFCTMX.jpg
tt3544112,/iKoje7m27iCOAxvfhQQKNolXts7.jpg,/zArKQrtZRb4lqjYXepBMLdegiDz.jpg
tt35495073,/rFZLFbuAOIQGZxXJT9XWhE87XMY.jpg,/3vuBfAuAltIR6UdANUQ1lLXOeia.jpg
tt35513027,/kwpDm6qtON8pLCSY0C8MltMofEE.jpg,/jVwvhKpw6a7c7JmHhMykKAn7buQ.jpg
tt3553976,/3thX29LhgABdfkpvUb9YOJjRIu4.jpg,/d84M69u6Q202dm6EvhVxbiqrK9f.jpg
tt3560686,/3LesVrVsmWgHRF3FzTTtqkEWgz9.jpg,/c4ewJ2mW1EDf12p8VYV0cZghW3V.jpg
tt3566726,/DRRHgvsNEfBloMgIP8bBw4zi4E.jpg,/netPctcZmTb1yW0xhxMgY1zVj3q.jpg
tt3581920,/tNQWO6cNzQYCyvw36mUcAQQyf5F.jpg,/lY2DhbA7Hy44fAKddr06UrXWWaQ.jpg
tt3595966,/rmIZ7OvY5Ey37AnfSdAXkQNKpMV.jpg,/5KvBRntpoOXKTHVC01UeVAelwJT.jpg
tt3606752,/4tp9W3QAbQcpanBtBceZtHD10UT.jpg,/4mlS1MitcOqdPLhxEFyk9Qwf5rr.jpg
tt3606756,/bJjc0217DuipdwJ0wyi3I4j6soR.jpg,/mabuNsGJgRuCTuGqjFkWe1xdu19.jpg
tt3609352,/3aD3PaSeF8eHJFLliLlWYw4EcPt.jpg,/jco0oPYZN7bUDZ0xAmstotXI1gB.jpg
tt3612616,/1mjhmc2iG8Oe5WTqevECTUQ5iWP.jpg,/dIHezuC3AmylT8mkXQiWSjz2wJR.jpg
tt3626742,/jOM2VjDlu6h4hFvmG2BMHPEU9Vz.jpg,/rvMBDR182O8S3CqXymi7GwX1ekF.jpg
tt3647998,/om1wVOuEtwH3krHutIWO9sJzkS5.jpg,/gder6NtVlBIpenWWMOwpbQK05Uc.jpg
tt36491653,/xEOFCfTqmee7nmuC2r4UEsMI39a.jpg,/zhoMwQofjgVec5Sin05hWECJtVQ.jpg
tt3654796,/a0m7WciFnBqpcyH1Yi8i4tdvk0k.jpg,/xn4qe52O0gwfapVT9aOZOPA4wQt.jpg
tt3655448,/iaGH4pRNRFo7dTkvHmWJ9C4uPLM.jpg,/v4aq45tW8LNxfLc5fm2j9kNswp4.jpg
tt3659388,/hBRK1izFxIH3Nh6vax4ssOHSHVd.jpg,/lzMS0CI3FLQYC5EgJoWeIaEt0lm.jpg
tt3666024,/m3pixAC0hJSYTo0gvBlwcHncXpv.jpg,/dotEMpAXmAp6lAYulMVK4lqKFiX.jpg
tt3682448,/eEMHaQZGaFqvXa46cdywMDIY1Vg.jpg,/12M3SvYO4WMdlXCajWklz1zUAly.jpg
tt3716530,/gdzV9fvgonYV4He2ic0Fd5p7YyJ.jpg,/5VApPDSRlONQV2gXugyz1yj7qZm.jpg
tt3718778,/69Wxg9xJjynDViaf0SNhk3PnCn9.jpg,/hozufHEzqIRpqJrlyGDqnsyFrAQ.jpg
tt3721954,/q7L0cHxy7ecGdlGUsFn15cIUvOM.jpg,/3J59Ai3VHP4m5jl7CoVM7mpoMrj.jpg
tt3731562,/myOdovPayRRitZDZSutI07eNANM.jpg,/nVodCGKYLpqNC8YwQAbivKlWCgZ.jpg
tt3741634,/wdjQBMBf9su8eiDxDMnXPFNvZls.jpg,/jnwRlthXIgJB75Mt9GEl93Dczki.jpg
tt3741834,/jp0Q2YPjMdJVkVY2cHudit4klFX.jpg,/ycABRSIK1Ff10Tc2A6WJHagp1Co.jpg
tt3742378,/a73RKpmk2jrbzQ43xUeG4dtQji7.jpg,/9h5BsxRmxLAvASADo2VcTlTUdb0.jpg
tt3743822,/rdaB95H0qnBd2Y3j8FOjUkxBuBk.jpg,/dvDkq5Mcv27vpHRvF1ywFGroh03.jpg
tt3748528,/mAqgFQxaBaLkcQBRQf9YnAz9sNQ.jpg,/6t8ES1d12OzWyCGxBeDYLHoaDrT.jpg
tt3749900,/jAZK0jE5Oj3klyd1UueNY6EKINF.jpg,/rbDFI2I1nMyJtX4Y3jJ4H1QRdRX.jpg
tt3754940,/eXISQb5JHkHTtn9LUpflRNmRaQG.jpg,/iUAFLqAj7p1v8zkOReyd7tjSLDg.jpg
tt3756788,/8tjdskB385TcwX6tiPbOzeelpLr.jpg,/b0Xdh15XGZbKON9CbFVB5sTqrSJ.jpg
tt3766354,/bzOMMHrMqvRSLlmsXIlbTJT8vFj.jpg,/z7noaCJ4KtmhwHw7QcNtnMMo4Qy.jpg
tt3778644,/zBKHsO4kCIZOT8hRlGagKDL8sSF.jpg,/y9jGaGNn1dQDhPkhMumXaLize73.jpg
tt3783958,/7pFsAaJmiOppVHcldBzg8JKBHwe.jpg,/nlPCdZlHtRNcF6C9hzUH4ebmV1w.jpg
tt37969901,/oD9He3Kpxs1FMm10y82JYAqYDAJ.jpg,/1I6QPJ2s6lch1WYO54Cv2j2Y8Z4.jpg
tt3799694,/kgMpKQMKyS7oYmPffKyyOv0VqyT.jpg,/yxYUN3fBPJdTNdXC1l8L24XFPhX.jpg
tt3808342,/r5gdjBzn13a8xV9R53QossWecGM.jpg,/5ymJuqUWwQZ7yq63UE8DNpFBELr.jpg
tt3841424,/2SlbP9s3ctfbSv2bnx3mIL2ghEC.jpg,/vkzeh2G7Gwapo4J1eqGWRph2hCs.jpg
tt3865236,/jtceMKMxHSriLFUGAUfqHsW7uCo.jpg,/1p9FUL7MKKOW0ZhsXkbpD3DVTy1.jpg
tt3890160,/o2YToge3eBhxC89m87zkWKVEx2O.jpg,/yir5430WblZSZuIMd9C6pIZerfA.jpg
tt3894190,/6b8WuW9TlHtffdC4DOTPdzwiSyz.jpg,/jdnINtiKofOPMNaYPBT7hwbcDMG.jpg
tt3895150,/xswPti7YWJfvqFf52P5VAN1QMuJ.jpg,/x6jWDL4H9TaBLGEvyej0qKiirBU.jpg
tt3896198,/kdg6Y06jfq9FV7qknWNcKLYtBJn.jpg,/aJn9XeesqsrSLKcHfHP4u5985hn.jpg
tt3901826,/oTjohNT1lxSe4nHtQaDuIWdzQc5.jpg,/fRtQdiESAdt9rjXCvZhvkmprvac.jpg
tt3915174,/b5Jb7GoQaqIXy4VEdnQa0UrQZI.jpg,/jr8tSoJGj33XLgFBy6lmZhpGQNu.jpg
tt3920596,/zxGkno93ExrTMsJVllH6mzQ652z.jpg,/8Wo2Pqjxn7Xmd7p2dxRMIJtyMV7.jpg
tt3966404,/2Ob8iYodCofAqXuddCDDnr4ZET1.jpg,/e26lUsaE9Ni7MmdhaVHVNbuzVyo.jpg
tt3973198,,
tt4016454,/VsvR3ykugenhyRzz1Uf91V9U0c.jpg,/mmprryb2r0X8u9JkZCnaJIzyYX4.jpg
tt4016934,/1CJWo3mJwNEi0RsSZyxbgVFOj8B.jpg,/9o9ci7ZH9chSy8B7YXCBYih8Kkd.jpg
tt4025514,/nZ0VWw1IQSdqITUN4WjfAPKNSw3.jpg,/fGjqCsoJttbTxkrcWfupuT1xLQx.jpg
tt4034228,/A3yR6Mdz48elRI1pBOzbIbDyCRi.jpg,/fjk4eE8Ypke4YLv5A3ArDH4GzYH.jpg
tt4047038,/3fVG7sZF1IOdkdZWYkdQX6zu3Nj.jpg,/ey9RcQXlp8hm0o7fFQfFza3JB5F.jpg
tt4048272,/3S7lwDT9pA0TbSbZGZdScaQDBSX.jpg,/dwBdfo10gulOpTpmlJMczr5GhZ6.jpg
tt4052882,/oL4IGFb1A8EQyOXZkxlRIVaRQhu.jpg,/89ZSaf9Ofm7oDounnCOu4ktGI9e.jpg
tt4052886,/wQh2ytX0f8IfC3b2mKpDGOpGTXS.jpg,/ta5oblpMlEcIPIS2YGcq9XEkWK2.jpg
tt4059976,/7caCi3ySE8Jjh1EDHJVKD9oGoUs.jpg,
tt4094724,/h2dwdn1fDIgCQIaUOFNix87b7RH.jpg,/a7V3ZXCDAk3P7GjpgfN0IInjh0r.jpg
tt4123430,/p4BabO5lvfXnIsVIBLDpN2wLORz.jpg,/i3rRY0EKYhSpyOLRAQ7iB05zhAp.jpg
tt4135844,/eAXXVyZmCK96tuVm6PvW7SOQ505.jpg,/bA7ACUoJZ6NDAx6ukEN1JhC9LQt.jpg
tt4139588,/tjbdSpHqd8dmkrx0K0qYqh5W5Qn.jpg,/lSCKo6QGJ88Gn3espNnvL87CinA.jpg
tt4145054,/66YHvvVduC21xcMXPpBBF0ywyVZ.jpg,/o0PtXGp2XyoRu0S1uPYzDpMnkOM.jpg
tt4145384,/yeayXZYSU8xdmC8i5g5jTdxeggp.jpg,/3wssj86c6b2WQLWGF8BTF2oRG02.jpg
tt4154664,/5SPa7dZ85p54xa7E9tHRmfKq5ce.jpg,/qAzYK4YPSWDc7aa4R43LcwRIAyb.jpg
tt4154756,/ksBQ4oHQDdJwND8H90ay8CbMihU.jpg,/mDfJG3LC3Dqb67AZ52x3Z0jU0uB.jpg
tt4154796,/br6krBFpaYmCSglLBWRuhui7tPc.jpg,/7RyHsO4yDXtBv1zUU3mTpHeQ0d5.jpg
tt4158110,/kv1nRqgebSsREnd7vdC2pSGjpLo.jpg,/uJUe985oIuRiD3hmHQYskIMc2WU.jpg
tt4160708,/3A5sAyP9iENTRL5X86FUeYmo0wZ.jpg,/3mIVOqDbYeucnw09TpjgHvSjXfu.jpg
tt4161962,/kxLEZWTbnIfuWKD0rRmKuHG7ore.jpg,/fdJh9wgbCZWeSESTHOpX5b1B6c1.jpg
tt4176826,/52VJRdbpcK5dLVSI2K46XSxpQbq.jpg,/4j4OGz6msCN9HsxcVWtHUIHGUqe.jpg
tt4178092,/mIVuGX7QT6B4Vtcj17J9c6gSJsh.jpg,/xjcDbk4qPWtGQPx5Z0cMu4kqlWM.jpg
tt4179452,/pnM3U7NMJeFNpzhpYP10zBdIuPM.jpg,/QbtctI8EzlhsyFDMUMyG3fli8B.jpg
tt4189022,/pwBRar4aR3vULlChmkjPW2AHY19.jpg,/bIna9BL7Uny1hM63ntTI9BpRkRJ.jpg
tt4196776,/jv58uIvzudh2MiBW7VERz9552me.jpg,/7mHeyU0a538bgguOeF57I8ZroSk.jpg
tt4209056,/c0xkumbQcInSXSYjJVIm7SnQ9H5.jpg,/cyb1yf9eipQVWYzA83wHJ49A0eU.jpg
tt4230076,/49XzINhH4LFsgz7cx6TOPcHUJUL.jpg,/ycAWXhAhyaE7g3JBAaierK4LgNg.jpg
tt4236770,/8mPGPuSx8NbSDmjABbEqlja0I96.jpg,/ynSOcgDLZfdLCZfRSYZGiTgYJVo.jpg
tt4244994,/pA2zkZnfNR5v8hc07ekQGxgJg1r.jpg,/4LrL40XecjGLRpX5I2gzMTUt04l.jpg
tt4244998,/kkvXeUfENk9ZG4ImsGCzpLnxXy3.jpg,/Gn7CHQKw5rgQrnVQhvGnlOaD8F.jpg
tt4254242,/A66dZN98BPEYeFQAhNdNCIXa57d.jpg,/qb9vehNFxTpPrazhD7JJ6QtEtCv.jpg
tt4263482,/yN7zUze3fkbGNNHI1JYVpRixzAx.jpg,/zi2oYYNSSv7t44iSt5YrxHX9PYs.jpg
tt4270492,/edwYPQdZE998d748AdwWLsfy0rl.jpg,/51Hw58fMwJQKYJ6XYJIRQBP9EPA.jpg
tt4272866,/eeH3tGP4VbQ3VhONuxt6jpPge2I.jpg,/5qNBH6tY6Jihzo9SqzvrJFHMPgz.jpg
tt4285496,/iLcCVKuePGh7mgUndk59VUyctKJ.jpg,/zhXmJnPIoncBQ2TY8IEWc4s9vbh.jpg
tt4288182,/8HZyGMnPLVVb00rmrh6A2SbK9NX.jpg,/vN84JlTvOZvZzxi0D2SJQNFvtjS.jpg
tt4299972,/qY3rk9hH6dzgDrIkonxxHBF3rp8.jpg,/rDJei8aoHbhgKOSgFSZ4zI6sbwa.jpg
tt4301160,/6ZalUWRabIM2HehTDv8eqffqD4g.jpg,/o2C222QdW4dmoyd2dgPlnCcI3cW.jpg
tt4302938,/b9L5BomkYAHwiRaVNp14WibZhHs.jpg,/bhspYsRMHgMqzUlxiVpIY8OrqMt.jpg
tt4332232,/x70sRlURZdk8yHsctTBilQNKCls.jpg,/6y4748yU4dnrI7jF2loGscmiVXQ.jpg
tt4375438,/2I3Jorx96I4dRevKlKDMkCFhQ1R.jpg,/xfLMCz9I9HMFMUwKwPYKipv33in.jpg
tt4406178,/j3IrJA0j2HjdPPBT6t6KW2zY47K.jpg,/jPcQlhoJ3LrOfKwCvGD58P8rC5b.jpg
tt4422836,/hlgm30gmP99VudyRzCJSM91u5fe.jpg,/bzCAMeY60hGiyTIsv2pSefsUEkf.jpg
tt4425200,/yIa04BbZMO4pIZ1cvnYB4cZVakd.jpg,/Aa9Lx6gotP0szl9tlt5SPCN08oF.jpg
tt4428122,/ygUiSja0pRn5FEE3UfcK4ZA5oHN.jpg,/3rdQ4cbley3iOIkruTwMKDUzsLj.jpg
tt4474344,/tHN1BwqEeRsNefHWscN6W7FXrar.jpg,/1GWiao0QYuKsoTvUmd7ivnE3qDY.jpg
tt4477976,/2tpY5qIYwH85njvjI5BnH4VNA6p.jpg,/gwy5pUl8EH1vROVWfEo1TAmqHNK.jpg
tt4503598,/2HSqJtos2qHVoC00StzNRVpNExe.jpg,/5QQ4nNfs1ANq12mvRldIzqdhiY9.jpg
tt4508902,/a8BknzvFVK5EZ83rKg1a83iwaj0.jpg,/s0w8JbuNNxL1YgaHeDWih12C3jG.jpg
tt4532368,/RChURu0ZBfHQ5f5t3aDJiq0M4s.jpg,/be8fOACxsVyaX6lZLlQOWNqF0g2.jpg
tt4540710,/c8Aq92FaVkhSoEfoCYRTKRJWFse.jpg,/hnWBg0qgYa7LxVnTdVYUbAPLctc.jpg
tt4550098,/npiyszOy1aoji1fvijX8PrdEc4l.jpg,/5d6m8CIBQcHeiwr6R5ou4wxO9Vn.jpg
tt4562518,/kriSL6ScUmpHoAYIuvgw9tvpNfc.jpg,/65uaQK0WE6onMLmswihdduH93xH.jpg
tt4574334,/AsPD90QEQsIAtSxfSjV3fN7XFpt.jpg,/9P4IIMYY3HifqeruZq0ZZ9g7YUi.jpg
tt4604612,/sPxTlKUS4pgojU6SAgrjtWfNPrO.jpg,/oDTBlmFiHAslFwj4JU8jkBB6E6V.jpg
tt4630562,/vXntMTWnh3QRmbY8z53eUlQKmQB.jpg,/3IJ8kG8i84PncXkSovu0PaZQfjM.jpg
tt4633690,/gtKhQhooQCB8jn4l3Pi1kRZHKbw.jpg,/zrorHYxfdql7XX0bABNot55Aibk.jpg
tt4633694,/xRMZikjAHNFebD1FLRqgDZeGV4a.jpg,/1ntePsIqeklfmrQJqZPncCydsqY.jpg
tt4635276,/AcJM86PhgHAfbrF4dMKBaqO3cHV.jpg,/yYnxld9hgTLCOFORequmOK6paj2.jpg
tt4635282,/rueY4slMeKtTGitm0raFUJvgaa5.jpg,/hsSFJ7WyVTNU87c06KFVesntrUQ.jpg
tt4649466,/d0tCSswCeMBzaDsyXc82qfDDvPD.jpg,/eVHVwP71el20fofkCHo78ebQv7Q.jpg
tt4687880,/b7ygC3GRaq4xc0nkWdGnydtMfvD.jpg,/ypWZ3iWt16kOoXfaD7KzgPqa8Bl.jpg
tt4692234,/aTZwFZJlUZjVeZZlJKo14N00vOj.jpg,/j4x7FzCVT2yKlnDyO6NCBPZScq2.jpg
tt4729430,/aLniylyJlbXEdxvaGSuQkRACWUx.jpg,/cYQvXNPZLow73lhspVQ7CYlT3Mi.jpg
tt4742876,/w0A288hXCytNIi9Kh7VkKE8MQ1W.jpg,/AkhbsjGma7KnwN8Z63yqGMrunv6.jpg
tt4768776,/tjiXAcXsHni5VNvAGGeCJKn9eoN.jpg,/vOPqsZ8DFfbeuwqjFh5hGW47nTD.jpg
tt4769824,/cftN17oF2QxZXDLnMGYzWSnWsj9.jpg,/bh5jnK2SeUw7iTbg9QHIi24S01Q.jpg
tt4771896,/v1xdw8ygpAv4dkHI8tuIlTHnz5h.jpg,/eVgEBhfjzlWZXbZQLhdxLbWlez.jpg
tt4772188,/337MqZW7xii2evUDVeaWXAtopff.jpg,/pZfpUMEJzw9BZHtXuZzzOrRxtMa.jpg
tt4779682,/kBl4wXkKVZep4AVVxju67uh6uVV.jpg,/ibKeXahq4JD63z6uWQphqoJLvNw.jpg
tt4780662,/7q4DjaoxK7rWQNllvmwmi5wiUur.jpg,/c6sTTmEhCamDjF47bLv2PtisHYZ.jpg
tt4786824,/1ZMVKJoWK5KfxaQA8BwpfOEYKKy.jpg,/8VXhcrl5z2I1zEU9X3pkkNrZlD.jpg
tt4834206,/i45WIexRV6vvMVG2c8vzvbKe6AV.jpg,/scQYe3wMt98baZAPhuBcewEqns7.jpg
tt4881806,/yHa2I7qxZvZUASLHrIR8vQLmZ4B.jpg,/gBmrsugfWpiXRh13Vo3j0WW55qD.jpg
tt4912910,/cUlWqDLEYMN3OWlOZ0U18WcIw5F.jpg,/5jnoAA74Qwb5w6B9FMvnc20n6Ie.jpg
tt4922692,/jaikC3pKOswhU9LRmTAYh5Y6WB2.jpg,/erIfV6Xm60tsEySsrDolb8DoqNP.jpg
tt4925340,/swpaIAYnZdHNCn9OAcP6qGNm6kH.jpg,/gWE2VGDx5FyVxSMv7tH38P6PFPm.jpg
tt4936176,/b1OIQmekcJvaQxtQvyBllZQCzmn.jpg,/tBI5Z0vgdvqLNQXv9ApsjKrLfB8.jpg
tt4944596,/gH9QI3Yf9jyss5ljEzhz2hYINTN.jpg,/92oqNzaQrXbqc7ewO2BPfnLBVvi.jpg
tt4955642,/qIhsuhoIYR5yTnDta0IL4senbeN.jpg,/tZmlWeFEMvxrjJhBJJcLNXpSRiG.jpg
tt4972582,/Ag51YF1ZTNTefjhVMVGBCFv8h5s.jpg,/9pkZesKMnblFfKxEhQx45YQ2kIe.jpg
tt4975722,/4911T5FbJ9eD2Faz5Z8cT3SUhU3.jpg,/jm1oD3eB08LImSwL1LrzF9AJQ5b.jpg
tt5013056,/to21T9dJtVoHDQbhHTpcugx7cgf.jpg,/ddIkmH3TpR6XSc47jj0BrGK5Rbz.jpg
tt5016504,/kghAiYwEhOxfiUDwqmNCdwHRsti.jpg,/bENaaAmX4d0zUYYrZyFCT1U0V86.jpg
tt5027774,/5VtVgiwgQ2DOIS1EtIPpvXLOOmG.jpg,/oQHF0Y4gCw6VdPmapjsbZoxY2ht.jpg
tt5029608,/soakku6EGI1kj8eTPh9Rx7O2gJT.jpg,/dX6DTUudwQ3NhvqbH6rKPaWYb2B.jpg
tt5034838,/yJTk4eqQd9Yo5REpFbTSOMkbSgn.jpg,/wWqTMWkEw6HouLd1zPZbZWxtAPr.jpg
tt5052448,/xiMoqa0bmjuyuXYqKGwrTSJL8nI.jpg,/bBQHALHRAaaORlPNXv7fNcRXYdx.jpg
tt5057054,/1Wz730VjE6Yee9ywb5ReXXe1GBZ.jpg,/2y2TbzeKZHYqTN5gb4nBv9dKk1f.jpg
tt5071412,/8Q87HCPhj98Afc0XAHOuaLgTTpO.jpg,/aatG9iVAUL7U7OyFEmupESpOrD2.jpg
tt5074352,/cJRPOLEexI7qp2DKtFfCh7YaaUG.jpg,/l0fNAHLOFReQJsxCOmGWvJDnimn.jpg
tt5083738,/mirzwvOh7s5HN0vC7b7H6WMkO6X.jpg,/iSskYDN193CJfTbSpFfscSwZ9Sx.jpg
tt5084170,/qZE3KqlfNz2Rm6LC4kAUULno84D.jpg,/aP6MVLsZpQ51p93PwNsyy1TVUIW.jpg
tt5095030,/bvYI6i9lQ3bsup9PgnMF3YYr8ZR.jpg,/iYdgEUE2W2aJkgqfSjf1x3gFfuV.jpg
tt5104604,/8Ix63RomDVTuz6r7lib403lEF6h.jpg,/goMGTcitprGu7YD6VZS4lUUwzRA.jpg
tt5114356,/xhJtYVTsdXQCIlB5hAXkMCPUG9y.jpg,/2t9ROV4QPkJF7iBAW8z0ReqDUoB.jpg
tt5116302,/4UUU7fVkbkBO4CnOM585tCJhFDV.jpg,/2Jr2OBzoLLOYqQWnyN4eicZv0sL.jpg
tt5140878,/dpdPo1kPE5y1pBopxKnchlSX8i8.jpg,/o8u0NyEigCEaZHBdCYTRfXR8U4i.jpg
tt5168192,/akgb2pVUwOsWa26KyO2UjFoZgWE.jpg,/mNLonkdD4MtaZnHTifp8be8nJrm.jpg
tt5171438,/xwpOHgym48Ftz7fbJq5te5xoiwu.jpg,/ePr0k72sypMpZYubz6w34dcW68Y.jpg
tt5180504,/gvn0m0LCIslrURjSo7UG5Rx6mV2.jpg,/foGkPxpw9h8zln81j63mix5B7m8.jpg
tt5186714,/ojCY4Lgpvx7SonVp6mUN0iTWCIS.jpg,/woSmQgo1wxE4WRVXWHrmgv3jy2O.jpg
tt5189670,/sy2nV3rCcJQaRK5M0NWvvTU7CBx.jpg,/i0bVPXHdvLQzE1Ld8dDwbCj1kOW.jpg
tt5198068,/4AbbGAiz1t5Hxa9c35avWeyB3dA.jpg,/3zTbERSBLh7waK9811RTKGAcG86.jpg
tt5232792,/qv2PvsVjLttp4FmUUJ1G9d11qTe.jpg,/tJAGIHi7tzyVwOhfuoLkJPubj3b.jpg
tt5249462,/kLHZO6bAiKaGFGrw0saoZS9ZTpV.jpg,/rRGnjRCHdDl3m3oCVSvo5z2E5c5.jpg
tt5290382,/fbKE87mojpIETWepSbD5Qt741fp.jpg,/lpDVJuIro21gtMj9iXMFKHuroZN.jpg
tt5296406,/plmuDppjb6xZ7hwKWWDeOQxmvew.jpg,/AhufsCP0kYIkpr0Iy2GrLSM1noL.jpg
tt5311514,/iaiy3tg9QVkDpObm1IGqmbC9A5C.jpg,/mMtUybQ6hL24FXo0F3Z4j2KG7kZ.jpg
tt5323662,/hGQnljXpDGI429SC39LohaQBHhf.jpg,/5lAMQMWpXMsirvtLLvW7cJgEPkU.jpg
tt5348176,/j1XpwD11f0BAEI7pX6UdMhUVX2F.jpg,/nfjqhuGFUWqJD14B4fxlSiZWfeR.jpg
tt5362988,/8YQzSkPbJB5PJMTvTccDNo3z9K7.jpg,/kQGxGXzYiCumY8kmXXpgbZyZQK8.jpg
tt5363618,/xGNzDtOWXRcea94JGvkeOJwmXbG.jpg,/7b5R8FfGUzlxfhOkPpL3xyIeuyF.jpg
tt5363918,/jREoudMNIhrlDUUO3iy3HmVHwmX.jpg,/hHEqDPbO6z4Xje5tOf3Wm1mdMtI.jpg
tt5390504,/6ue8SL4u2S7TFFNrWNq8FYk20Z9.jpg,/5C01GuAmEJp951X7fm66SPBlsxU.jpg
tt5420376,/mlk5jA1ewWUxle6LY9bEi7aiI97.jpg,/kb9XvtEnDhBVVit4eeKygqll4EA.jpg
tt5435008,/iYnvPGJwwTJbH3ZIXCV99L1FJFk.jpg,/knjULBItjSimvRqgvSi23qcXiq1.jpg
tt5442430,/phAcpY05LIKPDGZafBd4lot8caK.jpg,/nNh7vHHISVAaziJEqAq0P9iL52w.jpg
tt5460530,/xGLjrrYTsje656eXxkwtI5NPRFQ.jpg,/jSOomjSssNJdU7Hrf3CROkNSv6n.jpg
tt5463162,/84NUrv5kuMUDDlOPqi97KGJMdLm.jpg,/3P52oz9HPQWxcwHOwxtyrVV1LKi.jpg
tt5481184,/wKxrAh2r2FZSoYpdretZvw9hhBO.jpg,/hpTfONsjx6HrHRg9WTFmdHZgRvV.jpg
tt5491994,/mruCboXhVXmGX7NUbD7SIfHwplG.jpg,/1DYpBOVdb7Mzc9DgMCdIBTN1JEC.jpg
tt5511582,/wFaS9kROwztTWNxIKBbOLwIgApV.jpg,/9TvRRh8HUAMK9phVXLInPXHUg6K.jpg
tt5516154,/ePOD0ofGWFDTbZR84QhM7kpYMPX.jpg,/3CdnJBsEm2hZffF23wOJtfC0EIq.jpg
tt5537002,/731ydMfVJaIyR1bhFEeX7rubqGH.jpg,/acvE3RWjDLgvbL2RtcyzkrsAyNV.jpg
tt5555260,/tZDcEfue6fDUcRJ6WxI1hhKPZrH.jpg,/frNEERYvgDAThEcCR5FKzggktsR.jpg
tt5562070,/1DeAHJJOQQ4eHevueaGZ2QPRTyS.jpg,/4kIRrW1AlHP5Idne8CPHeQt8nR5.jpg
tt5563324,/o6ozTBflWXlBje0uxJv4m6s4HTq.jpg,/eu2TZN0sLqC2oBmduTiArtauWL0.jpg
tt5574490,/rzvdKrnSRKPFI0pgqMQknDPpRC9.jpg,/eQJwfyMqSra10ck8HOoiCrbQR32.jpg
tt5580036,/aVWX0t95Igd8kKC3ejmtHCy1vX6.jpg,/5owIV2sqdfILBKyOOIkLYVqanZp.jpg
tt5580146,/kCNl4QPstAqChFD0NnLpbDFG8ul.jpg,/f9z6gCtDlr88l2VBQOY6luaSfPi.jpg
tt5580390,/ahsMZ2PCIVi5qGoPKjjeG3ZznjA.jpg,/abirSHwWgKajV3hXhaIR5lcCIXe.jpg
tt5580540,/5Wp8vhj0qnzqpDT4EjyKlee6Qj2.jpg,/zPCDfLwOEtEhddaT2xeO5ChErsV.jpg
tt5606664,/2gucnaxqpzEDycFmPwwqjiwvemA.jpg,/ap6Zc5NDOfbZaMhkRDyghbGeLf0.jpg
tt5607616,/ccG0ZfXOQ0834bIus4SwZrXtkyM.jpg,/7ZruEnSnHD6Jx5mF0hBt1E306Vt.jpg
tt5607976,/ycS00ZlYjXKaqn424J4oC0HI7QQ.jpg,/t8KjRqfOqNx14cHLwARjR08bjeb.jpg
tt5611024,/m1LjGpkGv4RLcp6KMga7E5zk2h.jpg,/v9OgLxYCq5newNdtF8dQAFENs4l.jpg
tt5618256,/9ukZcwaqcObmmxxfcIXTgVMvalJ.jpg,/z2ZmYbhk0McewduBFtCqkmcZoqT.jpg
tt5622316,/sADRlqLn9na8p7S1mLWMOU04uit.jpg,/3siv3RaQrdr2tQiv9jHq71sLlzo.jpg
tt5626028,/rxqI6KDfbIzlg5BRqg7i3nLsn9r.jpg,/ol0H2DGp4ifBHA4JDlCpwJWxnY2.jpg
tt5635086,/uCCvVvhBmps5cKMImGiIuvQ26Rv.jpg,/8lWceqnTavoELCz7TP4pG9pd1CU.jpg
tt5645432,/vZGcEowfCtwC2qbcW1Geb4Sh9yR.jpg,/x5VGLsI5Hgc1UgbQUCYIS6SIfYf.jpg
tt5649144,/c2Jwrq1AbGt2vpbdFXGwjy82UU3.jpg,/GOwNU7Z9G3ORjNxdZnURfuIGS6.jpg
tt5651844,/jgIRsrkSRFIA00RvSqhSUhePbAf.jpg,/yUDJ1r0UQdhb904povev5apjTVh.jpg
tt5675620,/8OdIbo68mFE4w6jXA20aL8ocPsE.jpg,/9czVEnJemvP6gcJlMEjUeuISL1c.jpg
tt5687612,/vFn0nLPcIggPH5LTWWaJ2hcsGlc.jpg,/hXdQ4MWsEOX6qg6VydKrLb3YJ4g.jpg
tt5691552,/78xnHh9H5wYcUeZoB0bt1UgInAW.jpg,/2Qg2fViQzWenpUaMjhv0kNhCbE9.jpg
tt5700672,/anomz7b3GQtHPFH34SODDBBIUad.jpg,/brnfCYyz8EMbBrHgmh8sCwBi5i1.jpg
tt5712554,/3Pcqu6QliBWJ8vsOVClVLddPnZw.jpg,/AvH03Lj5lMYxmlPc7prNQLWw6JY.jpg
tt5726086,/d5l0baYosvDH4HCEc6O7h1QgAp9.jpg,/q1r0QUf4UVTqtkxOSMnTD8RyTaL.jpg
tt5726616,/cfqc9Z287VPRV85NrOIS1bxHlBT.jpg,/4Xh2a1WeTp6b8Ksvug0pAMbX3dT.jpg
tt5727208,/c3PF6aC1TflMoxckXikRmeV8MLq.jpg,/eGljNfNCrPhFYG2RXXmmE0OKu5.jpg
tt5742374,/505AFHvK3BoHC2zwWXBWkevRTYF.jpg,/g2yZ1kiGwLO5AUSmtsEJeFEWghJ.jpg
tt5743796,/mzzPjfwOYMYjkWeqYPEHd41WDSd.jpg,/akshc6F3VmhJpvniRRlgqDt1ndT.jpg
tt5753856,/hRP7N2uI0pokxnkcMFONoOZnxbv.jpg,/3jDXL4Xvj3AzDOF6UH1xeyHW8MH.jpg
tt5770786,/aqQlgRgUwVTfbdxe33vfDEMiCa2.jpg,/30totGPtBLM5ginollLv0sjyglK.jpg
tt5776858,/qVjtYgbhErZcF6l8fGxlgYH1KPl.jpg,/sJZd1H4cl2Nxhj0nutVCK5pMczL.jpg
tt5788792,/xnUj7LiTJq2M5vbwJnzOZB2x4nc.jpg,/vQ77kC1amsZECKIxkUIsMJCtBVp.jpg
tt5790492,/f7AAqlwqAtxQQWiQzh0sjsfnsjG.jpg,/vqqkMVn89S712pyk66DDNeJ9sT3.jpg
tt5834204,/kAHyUzUkFv8xgJARoWEdiz9LgeY.jpg,/sokTOq0zAmPS7wCR4qd4Kca35x7.jpg
tt5859238,/j8ni3FEWX1GkSWnkAYwQEnib9oT.jpg,/josJUt5eVMANf06mxSKnJlwjELB.jpg
tt5875444,/3YwDLuIScomV0ea3RNL6kHpbi7Y.jpg,/xpSxYoqTyz0Fb8Wn2S3bp0NIqVc.jpg
tt5886440,/sQYr9634GY0ZRX68pyEh1XNXhCR.jpg,/mc7w3y83wQU9YAIAmP1hoxqQped.jpg
tt5897304,/aFcv9zeJtSbJHSYUlQCOQYV3Gio.jpg,/kP5duNJEbTfXpBs6CITsaZ88pQi.jpg
tt5897636,/zVOZV7BwuOtuDkKOBBRDfwjHX93.jpg,/dH86aTG4xBe7lzyky4NGktehOKa.jpg
tt5929776,/eEZt3AmPUeGLTMO9ZBirlzinYW1.jpg,/mGBmiWmi7JqeTWnrPicRbkXcsuO.jpg
tt5937296,/pkDETONlXEUOwBowLQyqx7fCrSx.jpg,/hpy7XPjti4qFE0JevwQfrYJjcTl.jpg
tt5952634,/AtN6kXdzRUgDS1dHjKFkKplbsj0.jpg,/d1JhyWMGdIFM5GNvtCKNnMX1qzA.jpg
tt6002232,/gk6keGOI1ATnpXtnOXJfDhiBdwW.jpg,/fvCVwNHhF3nxnsEiXTl2npHaXIN.jpg
tt6017942,/tITskAtdV7hWjovUhNYLjkJc0J5.jpg,/7oZR0oaFOPrzGkg3ZntEKwMCLTe.jpg
tt6048596,/w87GVXlXRFyknBXjhbIoyWYWE81.jpg,/lVWku9LX2qdJTtAbRzaCDhhWeTK.jpg
tt6077448,/v68l72g8ycIt4t2sAfoUEoyvjJr.jpg,/qtac9X9lSLqZFbxS71347N8MiID.jpg
tt6105098,/eGfq90BF8QGCMpncF2ag0lGTgKk.jpg,/1TUg5pO1VZ4B0Q1amk3OlXvlpXV.jpg
tt6139732,/trnyoKkkvvjZvRvCMrNDtSf25nH.jpg,/rVqY0Bo4Npf6EIONUROxjYAJfmD.jpg
tt6146586,/aKw7oqYdfn4pkKYvp18Gd1YhK6m.jpg,/vVpEOvdxVBP2aV166j5Xlvb5Cdc.jpg
tt6155172,/veWGVw33lnifG10fpkz3QmimVaI.jpg,/zl9uqCl5iUSb50sTk2BPzw6bJnU.jpg
tt6156138,/emRkEXPyzoKyWEL713D52ysANWB.jpg,/ikQUPr6bDhtwHTGppwf1gexfJwZ.jpg
tt6217306,/cGBTW4VWG1zl4QLndwGJobwvleq.jpg,/tvGTSdLjKJgFHTcF4x9HSxoTIgW.jpg
tt6226232,/Jxl5Z1JBWnd2JWJUgYsm8FIzG4.jpg,/nlDBlCtorM7nx130wYnfR5ZmyLX.jpg
tt6257970,/f1OV9xEJCZVYcYSDRr5xOD8NJw3.jpg,/nfWhNM5VVd9a5bEGobs83TWTuLM.jpg
tt6264654,/suaooqn1Mnv60V19MoGxneMupJs.jpg,/rOJb0yQOCny0bPjg8bCLw8DyAD7.jpg
tt6304162,/bzrYeA92QDj0vkoCBCoH3eM9vP0.jpg,/fnWEr4voDR1kp0sXZ1WufM7j2Qp.jpg
tt6315640,/w5rPpdoWk3MM8ZId93FOKFzT4mm.jpg,/uy3yFKKjd2PvrUTHVMjDM8gD0eP.jpg
tt6317068,/cf4chvwB40cEpsagSrRaEIqBFoG.jpg,/vEMl9RED1HelffdKWxToa3fmyo2.jpg
tt6320628,/o59zDVJDIehGcWZsMUGU5SN0V0D.jpg,/vamhMTvh9m9zFHDoR0v1nRtf6T4.jpg
tt6334354,/fPJWlhXA2VXf4MlQ3JenVsz1iba.jpg,/jlGmlFOcfo8n5tURmhC7YVd4Iyy.jpg
tt6386748,/ydm0Vgol5t5QMWu11CkCHnrgDfX.jpg,/lcarJakzaR8z14GyXvzI0nDYVDH.jpg
tt6390668,/peHSj5hrhCFK3tsn54sWYqQnJse.jpg,/u2Av6NyDeLkwYTBXxIGousLNzz.jpg
tt6411590,/frWi4fko5w6sjmMLNgF4bFPqr9C.jpg,/18gOtyF5oKm6VOZYGEPINliFOm7.jpg
tt6412452,/yFuOyhrC6ipT1tJwIUM9PFs1o77.jpg,/12RXkIWUXwOHXgAmlxJNIWRGrri.jpg
tt6439752,/y7ntzl7msiaS6o7dvDbNG7XFYcR.jpg,/eEXwPg7nIERmRHC1yJoBf3Q5C7k.jpg
tt6468322,/z01Dc0Ly2GmCpLe6Scx4d3dPP1S.jpg,/gFZriCkpJYsApPZEF3jhxL4yLzG.jpg
tt6470478,/hnrzBrLKekwmSNPL4cJXzhdCX0k.jpg,/f3cin9kOz4nOrlYEMxGFQhv4bdN.jpg
tt6473300,/p0qM8hhlMF5DuxHBzl2EZR6TehX.jpg,/3dV7pWAdwIPKR2lMIACMfObXdgK.jpg
tt6474378,/3C4Tzb6m3UBtK4LNdjbQxUYg2Re.jpg,/csOIulXwQxsuCFp3ZZ9cYkJmCwH.jpg
tt6493286,/mO55nkEFrI2EVdjxx0asaOGtHfa.jpg,/x374Bfdif3VUq8zqk8BrYD0ePOF.jpg
tt6517102,/WzFHnJY44uDERER0xi1jOdoafT.jpg,/jLE5bsPA9xOKzBWOaOmKbp1DWQS.jpg
tt6524350,/91GvggfQWxRygmXytWlvZWEej7c.jpg,/uM6WJodeCyTp7h7NhE4rgd0RbRZ.jpg
tt6543652,/2MNuonmf074NuCRuVVnUMexhnyn.jpg,/5z8LDc5XIxP57cUCHIsIkYFmVZf.jpg
tt6548228,/8BFoVWvYUuxX5P8AWXKZkNvxO16.jpg,/qyRJPtJkJz7wtS4UJnJez9S3WOM.jpg
tt6611916,/zXfQcdTx0jxbH5Atpwjvb5z5VjE.jpg,/jRhJlV4inm8wAAqTeHUX5HpjZcc.jpg
tt6628102,/rl5WKqna2US8faJY1hztim5vKTi.jpg,/3VUKpgrssr9iQYFAZiAbN5lbw7g.jpg
tt6644200,/5pairI20KJs1SEa4Z8yAsPR779m.jpg,/nHRUtBwFNnNN70vcQ7lAsjc2T6S.jpg
tt6710474,/9R1zEZJkIah6GuLwFZWsuygn552.jpg,/fIwiFha3WPu5nHkBeMQ4GzEk0Hv.jpg
tt6723592,/jFAi1Uv3JjNPEgjKuneG5mBlAvA.jpg,/mQOUyqDybTqxl73hO5LujCZsM1o.jpg
tt6741278,/AdcfiT5FsjUooyP7CrKzEGmP9K1.jpg,/9qrroces8C6R9aKr08hACNPVXdZ.jpg
tt6751668,/4N55tgxDW0RRATyrZHbx0q9HUKv.jpg,/hiKmpZMGZsrkA3cdce8a7Dpos1j.jpg
tt6752992,/eGGZWvAbefRv5YfFylMeMGeyfe3.jpg,/zTnpY0BXP6ytvV4ZMsAmsIEDmNM.jpg
tt6763664,/y4D0MkSEYeEgAIqQK9GjQtiUZXH.jpg,/dQF17lG4OZ3pC4QD9iNjaMS96gO.jpg
tt6769208,/fD0qRmAw05m3swozUbKr69LyDFt.jpg,/1nfIEJu02Zhv9omTKkzwHnK8Dji.jpg
tt6785292,/1DlXUMuQ0mCDuWOHvpYqdU8wN3N.jpg,/l3Fj1diIUBOOTf3FnKfCWaejxql.jpg
tt6791350,/6GkKzdNosVAL7UGgwTtCHSxLQ67.jpg,/5YZbUmjbMa3ClvSW1Wj3D6XGolb.jpg
tt6793580,/lXLKmT6mtizYvweAgPXVHs0ApvR.jpg,/8s231Ufkl9jF2JVnoZtQUxPXsSl.jpg
tt6806448,/3KHGWvWDfMa8enQqezGim3aMBQw.jpg,/hpgda6P9GutvdkDX5MUJ92QG9aj.jpg
tt6823368,/fti914gSqtKKTegCXV3zrMcWPIe.jpg,/rzsMWXQ7GaN60wIpg3yf01iBmXy.jpg
tt6831724,/wEYMAYZjNe8XEZIKqAImbzjKqUY.jpg,/fXIWQcqr0uS5ShEACqfIli2nuxj.jpg
tt6857112,/kUEbVMrs80nWXtTA8tKd8jRwnIn.jpg,/sC0b8iPUHfZdD8kseLiHw3N8gkp.jpg
tt6878038,/45oP9Fng0vf6yO4wanjM70NPBFY.jpg,/dbXjTu5J00kCggPnQlDpVZmDBil.jpg
tt6905686,/iqLvPcW19VU5OB6WL2HFQbpsJSs.jpg,/qx7qy2GJOc7yGY6WENyBU3OVv7A.jpg
tt6920356,/2Nj04HsZ0lNkv07JnfBZ0bAIECn.jpg,/kIu6aYaUxBUUfJ0l0sLNW1qh45u.jpg
tt6966692,/phwmfaEe43uY2OAI2oeSZNlD4A9.jpg,/5En0fmDagt3Pk8d7P3uTwfeQceg.jpg
tt6998518,/pVyE79nFdo2lFtKA5J7ziFAeKhP.jpg,/tNa19CK0CQZl5rxZ35QRdKAT2s0.jpg
tt7014378,/xHJAunNc8wyC4hOprU1Vur7dgSs.jpg,/8Yqx44MZbBSQCW1OWFeuHwqQtWv.jpg
tt7016936,/6GuSeCFANzety0QPLigfCDOfYAv.jpg,/2eR0H27Us1tvbjd95oW7WhiKioC.jpg
tt7029854,/1yOzYmYvRyS2Ibg2e3wVVYTl9N0.jpg,/bd4Y1hoqK36VgXQvisWfg2GQ6Yj.jpg
tt7048622,/umt1Ia1TcSgUugNEurgziqRqO1R.jpg,/ekIdTKHLWzZ4ojDLEkzLzNb8ggK.jpg
tt7049682,/m8rWq3j73ZGhDuSCZWMMoE9ePH1.jpg,/fh2CStc3fKFYhkKOFyUHBGksRWj.jpg
tt7095482,/hPYRQYycflQbUcb6H0XRGwZkGLz.jpg,/cLAvMhCYwRelzzOJTXuXxzMFZZV.jpg
tt7120662,/ix9lphODnzRCAVG5F6w3jEyaGj1.jpg,/nQyQ4c8DUvXra1LDWnNfV9QJluD.jpg
tt7131622,/vKSyaptSA7zZ9H8mSfaDnvyQl9k.jpg,/kKTPv9LKKs5L3oO1y5FNObxAPWI.jpg
tt7134908,/c07WqB99Igco0rua794q9k9QJYm.jpg,/1qOA3kMtQO8bjnW8M2smjA8tp10.jpg
tt7137906,/8shLGVN1w4DiYuEc5i0X39dn6RA.jpg,/5IIg0PhE764qVuKICgmSAE0Jotx.jpg
tt7144666,/eVgRJqGCWmI5DlIOoHnP2G77PSO.jpg,/AfvIjhDu9p64jKcmohS4hsPG95Q.jpg
tt7146812,/tHWeWBBOlkPYdlZcjSKeToQvgZg.jpg,/bcT8CaBIj086WVD7K529h78eujb.jpg
tt7158686,/7c2nD8kJmn4rJsuwV3Qwt8NUqP7.jpg,/uhocyH2bWslI0rsb57W59EmDQEm.jpg
tt7203552,/y9x2R87yt2U616736NJrP0d56dt.jpg,/uMsTtNaUEWOE2q64m8zthBIMgen.jpg
tt7221388,/imfqLcv6oHNn6bDdEUUUlxy0Ch9.jpg,/5NrSIzfcBOFI9HRGV4nRYgMGhDU.jpg
tt7235466,/n3IbaTXhPsnP68I5wsoKe7vchgS.jpg,/h050XJoiIobaH6bhj3MAhgilkpJ.jpg
tt7286456,/v0eQLbzT6sWelfApuYsEkYpzufl.jpg,/rlay2M5QYvi6igbGcFjq8jxeusY.jpg
tt7315484,/1OXmZnUtBqAO4wVHOmH0cK2e83c.jpg,/vKpjdxQMMS5F2V3KJmiUZvEcMZw.jpg
tt7335184,/30vdq2GJKUgYW3utQnXDOiE6tvn.jpg,/wY1US9I51xxkwDJXQp6ktmhfh2Z.jpg
tt7336470,/w0a7RWdiEwEWd2T1axGXtUYAryv.jpg,/gdeieUkjFTLP1qfQWzSP9loGVS5.jpg
tt7349950,/9oERKIVyTWpHNum3STVsAGD4ojz.jpg,/6LVSrgm83UYWlrLTCVGmWhFKYO0.jpg
tt7366338,/hlLXt2tOPT6RRnjiUmoxyG1LTFi.jpg,/900tHlUYUkp7Ol04XFSoAaEIXcT.jpg
tt7395114,/8i8JpU7gNHFUH9gsGko9NwMJqsZ.jpg,/rUeqBuNDR9zN6vZV9kpEFMtQm0E.jpg
tt7440726,/1rWWgTEDFdV330aLgCoaq7I56lk.jpg,/t73x5Pb81mIGZR417aeGwbkR520.jpg
tt7441658,/p3rUhlE81nWxPqpPR8F2u7a01Tl.jpg,/oUsm3pq6rUga7lVGQFS3g84etVE.jpg
tt7456722,/mjsz10d1abJXZwT9b8CTgniRJh9.jpg,/qiHP7bcwRVvxDoeH6PpvkwmpYyS.jpg
tt7462410,/2KsxHDAiBABc2v99DGmXiVy4RoG.jpg,/1P3QtW1IkivqDrKbbwuR0zCYIf8.jpg
tt7472896,/1FkONly4j7hxi6Pz5CmuhRN1Ops.jpg,/2INMEKxee4z0mVYpHCS4AdPxgOb.jpg
tt7493974,/mrOJeCkpnWnVX10hm4h10LuSzr2.jpg,/tvYf5SOIgAumuVoYn2eYKlotAbf.jpg
tt7520794,/8pP4iRDX2SJf9WcpvBWLQ438CDx.jpg,/5TgMzFqbOEcEo99uhIo8DmiENOx.jpg
tt7534102,/lcZL71OTrN2Iv4VUCyZbW29yFck.jpg,/ip8BfpLQJ9RKCJcJgAyw8aD28P5.jpg
tt7555714,/oN3tGZpjH6xe2wIlIwzI011OTwj.jpg,
tt7569576,/nWGH1Qwu45Gb2QJSAuGhDIcxZ3v.jpg,/yfolrexaapJ1LIxGaNmGqJdo7LT.jpg
tt7569592,/frwsOLHKzfCaenY9QtYXpsOBZzX.jpg,/3UZ43UxVAFmtbQGFdZQ8KxiwJO5.jpg
tt7587890,/g39Rn6PcZjK2yLzz5Z5oBKSpsZR.jpg,/6iNWfGVCEfASDdlNb05TP5nG0ll.jpg
tt7631058,/suvlZfDAoq5vfVUrfb468KJhFlL.jpg,/o2wg8QiSCQrhj91tBfxunE3O5Ba.jpg
tt7653254,/opePIU8Qt1jayldYY3GzuxqSy2J.jpg,/wDwQXLDUuiEaaiuWIDBpbqnwYGX.jpg
tt7657124,/pKjuvIHrqxiQp1qaJioyTSJngUF.jpg,
tt7660850,/xyHasySw0HQ4ndRWHvrpRTAsWXd.jpg,/d87JXX3DLkRJMfm5StCmmnmhHuX.jpg
tt7661390,/mFTVdpzjwhp6A5hRJPhmK1KQI52.jpg,/9aJ6KwLASA38WzdMRVjk7ILpuTv.jpg
tt7668870,/dhluarMp34GfG369Y1aH2F6lAvC.jpg,/jOqOduY1tLhXgVZo7ypCtDVr0mM.jpg
tt7710486,/qp5HnOUXBNpbaSFLBr0sqgWpZQC.jpg,/y2uXHyUKR0wVKhZx0g42C1RNoh.jpg
tt7737786,/9iFkwShRf5M29yLABAdsEZyr9w6.jpg,/2Fk3AB8E9dYIBc2ywJkxk8BTyhc.jpg
tt7761590,/sb9o4IR5dhRASL3GoQl4cLWBDlO.jpg,/oIUXLWiKCHuCQiWWbBDNGvmyCCK.jpg
tt7767422,/oOEOg8rawAtc1nRbgGkf5fYcMB4.jpg,/u23G9KZregWHs1use6ir1fX27gl.jpg
tt7772588,/q5vmnIJvXJgstbjCW9Jxhd4GoRJ.jpg,/9OQ5BIITkJwRJo9JA6AlCfJIGBQ.jpg
tt7784604,/oE5TS72U6tNdXKK42HpF2NULv4u.jpg,/gJbTXKNTL6O7r7PzF6ZRkJGBlPp.jpg
tt7817340,/jsH4AeGZn5Q6h314A3OTUHKxHhR.jpg,/9hfA9zMsyckwZ8WLMVQYKG8YSwY.jpg
tt7818580,/AojRnYAdJEScffAOlFpOHs5iy0i.jpg,/ab2Yq3VoDMy0MoamCUcJq3OIzZY.jpg
tt7826376,/6TPGDrU9MyWbn2TpggJphVAVXiq.jpg,/moH3PdysmUl8vrsYVM4l2ZZiRAd.jpg
tt7902072,/lrA2SSoWp3zzb0MBdjWKCVN0qEF.jpg,/ctvZVrJBRjOgLeQtLaNEbg9w0y8.jpg
tt7908628,/ofvntTi2bRoJgpfpRPwudG3NPzj.jpg,/mKikck71CvVISUSTLk29fwRbH4y.jpg
tt7909970,/oO4RZc5TMZI5kmB1Lm8x0Mt3qPT.jpg,/AhFEqj8PFvvNDQ3Ouv39kNfTraI.jpg
tt7914416,/n6tXUFMRHDGRcVXRF1SErjtobrX.jpg,/oslUsPw3PUhDVK7a5soTvCAuaO7.jpg
tt7920978,/vnAsH4kvVVQYQZZ4pf3rJKx1fcR.jpg,/3MfziPWYvHaYwTdi5jxkEscjHVw.jpg
tt7937168,/4l28g28lT2yv1eIX0XNqNP4osPw.jpg,/r73j0zjtTOsOCStHLby23NNDJyI.jpg
tt7941892,/qD6gLw5sopgUMWo3z4fMFUL8SMn.jpg,/wTnWJITy3qHsMrQIyNn6Ev8yIxS.jpg
tt7949218,/lKDIhc9FQibDiBQ57n3ELfZCyZg.jpg,/u5N8tXgGDY6jS7R8Xn42LDeL0Dk.jpg
tt7979580,/w1eq7A9NArBbwZP9YYVJEZ2pvY.jpg,/vsZLf5uog08pAnfsMuDWrsLWUUF.jpg
tt7985576,/oMINU0L5MBavfBuJOy0VCzJhK0C.jpg,/gawTr5Nfn7DZpFAYqznbFYJ7aj9.jpg
tt7998848,/95gpzUQBJH6rR6FpVyNe3aSjmwc.jpg,/zDImqr200WJbigCQNdCF1DNeLTK.jpg
tt8020896,/9WMqts663W2yxJ6B16uKX47k7vl.jpg,/5b1r0b77BovGp4ejUsYsx3arQoe.jpg
tt8033592,/rRXpwfwwqYxjHvzo0B32MpXbNyj.jpg,/891MRTCJkqnxgkvatKg6ImBRJ8u.jpg
tt8041270,/sXeWfpT1EhG7f4uBouqraOhmouH.jpg,/9hk5iiycq7ukRAAXQiJT9HZX3SX.jpg
tt8064302,/3TpJMdoCBFg2bMuEFOuvd0c1wPT.jpg,/j4TXQ7OJsLx1Ba6z8XA7is0DcRZ.jpg
tt8068860,/plsSSobmPSSz4hm8vYMXeIVkJJP.jpg,/7nsRpSCYcDGLcDmFAISHC8zMQ0D.jpg
tt8075192,/7f8nFFOoifqHRbtCzgYVjOZ9XBl.jpg,/dVRkhmtDn3EiyhX6c9SfL7klCoU.jpg
tt8089592,/c8PQkyDm30TesWRd5eks1VDPLrc.jpg,/tjPVwNdFqNrbclaXdZYeCpPD2Xi.jpg
tt8111088,/iLg3DzrwCDsHNovNaWx5JnQAsiV.jpg,/9zcbqSxdsRMZWHYtyCd1nXPr2xq.jpg
tt8134186,/bDT7tvON8OznmYsCJFfvN44AExl.jpg,/5yf5yfogIxhHhDU7F2Nuk1BsTYQ.jpg
tt8134470,/mZk4RXjXLJxRAoQR8mfNDYtv7u1.jpg,/tJjwEzTglpxoWJXwEbZlKLppMhr.jpg
tt8178634,/ljHw5eIMnki3HekwkKwCCHsRSbH.jpg,/i0Y0wP8H6SRgjr6QmuwbtQbS24D.jpg
tt8179402,/pmXe8yBJJ9WdyYIXxJ3unmwH7v2.jpg,/1DmAeDIAN6nvVpgTqiurDPUwuj7.jpg
tt8228288,/qv30R1uDDKTLWDlNc3qi6MRdRf0.jpg,/3tkDMNfM2YuIAJlvGO6rfIzAnfG.jpg
tt8242548,/y2LoIXvQDBaIGTvpdCgFxmrOFla.jpg,/7JHrABvkB9n4W3274w4vw42i9A1.jpg
tt8254556,/eRtBDVZVhnqih9dcnIj4g4xKZQ.jpg,/iGCHoFp4VUwMoolO2C2u12AgiKl.jpg
tt8260948,/ceYrImnaGNr4hv6srr5silgfYHz.jpg,/wlYPCnqZswU8uueilnpq39lWVap.jpg
tt8267604,/9eTR8jfNbdMhEQhtuTVVC8oY2fp.jpg,/sEW8q9al73rtow257dXAusD9yS7.jpg
tt8289930,/60g35FPacj9cA0Sq8j48ZtIBBfL.jpg,/xefmNmSGCApfRPaqhIRTaAjFlpo.jpg
tt8291284,/aCObyETnCoLrPQasvypmER1r2xE.jpg,/hIZFG7MK4leU4axRFKJWqrjhmxZ.jpg
tt8332922,/6uRb5axnwAd17h4ak4ENHcJqHVr.jpg,/uuBYYlbfiYD7ny5VNj46NG14ykR.jpg
tt8359816,/gkcqepnkVaeGQ0LYr8PMPzWJbnI.jpg,/bO7uK55yHE7hZobRN798rytCQuq.jpg
tt8367814,/nC27YUVYDF2J1GEB9IIqmh3jIvc.jpg,/hClLP88yMIuhslwSVxtYrvWmxfp.jpg
tt8368406,/cWO9yPLhInkrLANC4KwKgFGedP8.jpg,/zLa8fA7boGtNoNH7n6iYi9UqoaH.jpg
tt8398600,/6eJf4h9XcvqK64vbx27EFlLVURm.jpg,/AeVleqwWBMkiliVw6lFZICTTMiO.jpg
tt8404614,/1KrH8cM2KudyhjJK8NtTgf2lMIP.jpg,/bOPessdyd0dChHy70FM8Om7CgDg.jpg
tt8415836,/xfH651gjh3PbpAznDpXjTqyfyjn.jpg,/gM1diqqPFu5oRpEVsx84SPBYvV3.jpg
tt8416494,/6TGKuKTc4lGa8XYUh5XouUIfviW.jpg,/sSJZVwCS0tFzcLSaQOjLpv5mFau.jpg
tt8420184,/i0Z2BDyuvALdAYQAdXVsyUiDvCp.jpg,/kY0h95L73t7a6ev6Rv0aHSCtN7y.jpg
tt8421350,/oRM98LENegR9LfPpLH5BaWH1tjz.jpg,/iZu83GB1IM7VXL2X90m7iLHYUHU.jpg
tt8430054,/24DJO27BlzJXJgYe4ny1O8lUXYn.jpg,/CKGSEnFTpcxPJM5TzTFUJz53s.jpg
tt8466564,/mVHpVzGwhB9NBpyS5j6qJsME7lo.jpg,/p3Jmm6d1ShUrJEuU3DYD2K19c66.jpg
tt8503618,/h1B7tW0t399VDjAcWJh8m87469b.jpg,/uWVkEo9PWHu9algZsiLPi6sRU64.jpg
tt8535968,/bQIUrTkwN1vehbLwjElVkAtbA5Y.jpg,/fliLEpVMbHPWLuW1J0aiJl3WtpB.jpg
tt8550800,/foegemcN2ZS7dQI30NIfWpRl2Ls.jpg,/lmlsqpAfDZnZumcFhbsTrOy9uNZ.jpg
tt8579674,/aeCHv2Cwmum1Wc8a4NiGogdDDoA.jpg,/2lBOQK06tltt8SQaswgb8d657Mv.jpg
tt8613070,/iFEBLWA0nnkIuqN1hEKhRpKa7UI.jpg,/ivJ5UzT6IzucLVfbZwCCwiJJoBz.jpg
tt8633462,/nmJYdxAJJpjGxOKSjXr0qNZmtw0.jpg,/awElIr61fFpbudzlCfobIpbwEro.jpg
tt8634332,/qjF8a397kBZo4lKh7e3ROtzK6vZ.jpg,/vXPxMNfuapkRXBUhac3LAkuzSzc.jpg
tt8649186,/131TxpRZPGfBPfB6xdL813DuO6C.jpg,/sVWUcBHwq2LQtDeqwXzI1uMpA3h.jpg
tt8652818,/80Z61Gq7JpZX1I2q2v4kKPgkf8A.jpg,/wGwSWDG3LIQxchg2M8HV7bDqYKU.jpg
tt8655470,/PNYpe8iqI9wxAoZRZvJaOdQDV.jpg,/580aO5umsOX5FAFmD6ObYvVuk6p.jpg
tt8690918,/5van3ktOTqWr5lcixh5aR8NlqqW.jpg,/aCbOj4wc6vQUUVNKppssj2PYUy0.jpg
tt8714904,/yCid4sQkaVzfa2y4yQWs5E0TES9.jpg,/64jEzC7YeKEpnn1YwjCGRo9ZvOX.jpg
tt8740614,/myTlch3h2jr3Ue6QUGkfWgCp6JH.jpg,/rhwN3mIN89zlDveR0gv0VkrspXa.jpg
tt8740790,/4MQf8yWM47OVjjtxRdhc1SzoZVE.jpg,/6umsRLI7t0ydFwCl0JNEIO0q2LH.jpg
tt8740976,/enI3uV2zxMNNYaTArzn3EgG72O0.jpg,/fiKQKFsjahOr8qj7QsUUHO9E70t.jpg
tt8772262,/a4Uwb4vnep76r1HRNduFgT9MRez.jpg,/aAM3cQmYGjjLQ24m0F0RWfjKQ57.jpg
tt8772296,/6Sdm5XwdCnspdEF8fTFx6UJrl7o.jpg,/mez2Z3WqlPKNXpi7mWoiiE5guE9.jpg
tt8787372,/fYvvFLf4CGtHforXYfChCGmlUBy.jpg,/5pYAtLLxVgkQRRrmkR6VvmhUuXP.jpg
tt8788458,/8RWcKSmCbwsN8porFyTOB5e2cDG.jpg,/u7Q2C10SQlhPoKm7ersFL5f991q.jpg
tt8806524,/nIlAKIrLKxOeoEnc0Urb65yNCp.jpg,/lodNd9ITHf32q8ybHArHqoWOcXf.jpg
tt8946378,/7scJ3fVmwdSpGG87wvxH3kk0RPc.jpg,/4HWAQu28e2yaWrtupFPGFkdNU7V.jpg
tt8962124,/2xexlAAXCdRE9e3EG35oYlMHJq2.jpg,/jXTZaHarR9TZiMoQwiQWsGYXqnS.jpg
tt8963708,/lCw7DQVauus3NVw5dNiXFEJ8NSB.jpg,/7xnfYbmBNWt48RpLtR7XsY6hF6i.jpg
tt8999762,/3BwkIAjAdQY5Nn4HqDuXue5IZx6.jpg,/hmZnqijPaaACjenDkrbWcCmcADI.jpg
tt9018736,/fNTCUwpN6c8vD2U36tQW2V9A0Nj.jpg,/aVvRQJ2Ckhlym4uh0YGc166CUoP.jpg
tt9032400,/zp85WEn9YKM3Cajk4m4ZDcbCHpp.jpg,/c6H7Z4u73ir3cIoCteuhJh7UCAR.jpg
tt9047474,/GMAnDHh4m2mn8schv9DtWF6khv.jpg,/8fylml4dfpIpl5dPP0TGvVGA7eg.jpg
tt9055008,/l6QM3KU90mYGJU5KrlaQgQqgP4P.jpg,/ttB60pxSxMyyW9mIDlq89RLf0vQ.jpg
tt9057808,/7XRbBZXuTHD01SkUqwM42KbLul4.jpg,/iM44QKZklRsfcZdOGBWHNKGRXMz.jpg
tt9059350,/pbqSEQvCyQK1QDYqG8lYlpS5oan.jpg,/eLQx33dMaa5mW16TFIZbhaeSqer.jpg
tt9059760,/8nol7cxQHqLRMsclMm2HbLucZ2X.jpg,/w8rTBScgj2MON7eGN7raoU5qChJ.jpg
tt9077530,/zZlyJhRyPzfq6Y5rZ7aWtiPI8Lo.jpg,/m1nuMHBCiNy6pMGzRAdH5frNesN.jpg
tt9114286,/mYpT2R7639KvKZ668uoQGS2QNFp.jpg,/83H0C66AcvkwpG2738VCTHMY9uv.jpg
tt9139220,/9AcqMErO43aNST20bdHZusJ3qiz.jpg,/v3cpyhytwXXbAr7Wycn5LEwonuL.jpg
tt9140554,/vCk6wy6WQHwARR4jewbxhhmESs7.jpg,/q3jHCb4dMfYF6ojikKuHd6LscxC.jpg
tt9140560,/j2VeSZ7tncd2p8z1CeMnxbxK76b.jpg,/cq62fLH3vwOmiaLKMqkDI86tPtH.jpg
tt9170108,/a30f9MpTJU9GWQv8tFmcwASnyEq.jpg,/na2xUduK8HviOFT97TiFG2MkJmY.jpg
tt9174558,/qW8Gpddy29faTcD7VuyKjwLXbKU.jpg,/uJxG5mIb6gUuFt9OGUUCVikserY.jpg
tt9208876,/kW3vNNeeIDkZ2xoRyWmNkeOK6f1.jpg,/aTjbqMONy77fHJrIYu14g1F0d5h.jpg
tt9218128,/ckTXrwlr4cRVxpBFEZcEmDzrmea.jpg,/tOqIwliWMovSIZ9DyvHcHI7p2im.jpg
tt9231040,/2iVwP1Ou65Ltb4KacvdrcWm53Lr.jpg,/8P3qur5Xh6dsH6xmZ1O2XS7vnc2.jpg
tt9243946,/hoWADuvXs3Ua4AXBAiZYnppTupO.jpg,/uLXK1LQM28XovWHPao3ViTeggXA.jpg
tt9251798,/1LRLLWGvs5sZdTzuMqLEahb88Pc.jpg,/wu444tM9YBllq9UcBv5TeidO3j3.jpg
tt9253284,/e3cWQzBxHK803AbZGjp1feQFgyS.jpg,/quCeAmVQHfsdcYkicbxZWVauCVb.jpg
tt9253866,/aV05lTbDLzeA1qkZxd4AJKUJ6mN.jpg,/p8EUX6MPSNLxVwqO3fCYTi896Ro.jpg
tt9288030,/6iuVqg86hJPwTWAO1TDWKLxjgn4.jpg,/pF0qkRsrHkdYadPWY9AMeFZfcwk.jpg
tt9319668,/qmpUDEgZawIlDU5HP3IJ9HjnpI3.jpg,/s1xnjbOIQtwGObPnydTebp74G2c.jpg
tt9335498,/inXU5hvbDbitrYOgLrq2QjYqiJD.jpg,/3GQKYh6Trm8pxd2AypovoYQf4Ay.jpg
tt9345754,/mqQHaE1T0EGizgQRsXdfu7IDFEz.jpg,/9BfKS8tA0rpMxTW99masRde1bIV.jpg
tt9362722,/37WcNMgNOMxdhT87MFl7tq7FM1.jpg,/kVd3a9YeLGkoeR50jGEXM6EqseS.jpg
tt9376612,/9VqajJXm29uprSaxOcEh7O0d6E9.jpg,/r7K6Xt0RX4Mw0cAbZVw5cyb1Tux.jpg
tt9419884,/1w3MlLZPqr2Pm5loQ9h2gJwenMr.jpg,/lv3TXqhpaIxkclIHbhN2MRMOemQ.jpg
tt9446688,/wk5yV5egUipGsnDlSnf3UMC6xRL.jpg,/d77WPPNbuvyGJJ675UFokVmOKHb.jpg
tt9506474,/rlVctjcab46ALMOVEQfcKTCkpaV.jpg,/dUOqB0JFIvoS1ZRj1bdY5mAd73R.jpg
tt9507234,/f38RqBo56RTyFRSnfwmELOKDcya.jpg,/pQdZmXq0vvKP1RYUrDHQkzMlS4x.jpg
tt9522080,/fz0ILgqlxQaLaIlIY3h2Qvi7WUD.jpg,/x4n5ZYRFdQ1o3ADbDq8LnIOufo2.jpg
tt9544034,/tE1NUJqw9gV6AVjQ1GTK78LbWJ9.jpg,/eEzKigDI64OomZV6VTJvoPGmVu1.jpg
tt9561862,/vL5BQvXH96cJzmNK5n7QliQxy90.jpg,/nBrkOZyI75artyizuBFeya48KbO.jpg
tt9581076,/fSixmGv0NdNPFckbVGtOMgyXZa7.jpg,/qTdShbHwAUdPQ5o7y0VP7GKNnti.jpg
tt9586294,/bjhoWPRihKSQNbqxvQgcEkOVN3j.jpg,/putsivYODgbKrhvwl9n4OqhPOkO.jpg
tt9603212,/83sGKvCv2T2CulYbd40Aeduc7n2.jpg,/628Dep6AxEtDxjZoGP78TsOxYbK.jpg
tt9612516,/s1Z9GolvkxL3qdlTVWBkrUqqtgu.jpg,/tRlfzjjyfrXPKXLC64bOP3gT84Z.jpg
tt9616700,/tigbVfTJ4mJccucmov2UThgOQbJ.jpg,/bwXvBFejQFaoXa2TBkZuKPgSjeA.jpg
tt9660182,/rmLvn4w4HMdxobPkjmIqrhJiXDO.jpg,/pRJ1K2c4lkQCKgclUTFWGk7JABb.jpg
tt9660502,/pyVvz3B5IoJKd9ayozI8RrJW2vU.jpg,/saESlYSTAGjr8gkyjoGb7omH0hf.jpg
tt9680440,/duaaazbB49iKK4TMvekR3fQIVhU.jpg,/bVKoX1AiN1jjUcvC7BkXypJPF2X.jpg
tt9698442,/rkw3jDePVr7dVZP8cVK5Pljye8W.jpg,/w99Pk4pJSieveKIIc7KGXtsFT3U.jpg
tt9698480,/b1O043AQGMzkAWkZP9rSHN8DuSw.jpg,/97pA0UjBqqgcZFbREQL3U1BQDgX.jpg
tt9731288,/9WN7hVLAx7LEhLn5ZPylUEghM4m.jpg,/uyNSskEsn8rQdHmsbw2udfiAh.jpg
tt9737326,/2iDGTCLRz1oWxU7cVRDsTqgJv7u.jpg,/i9IEOD1Li1y89xRHKH9kiE8dt9z.jpg
tt9764386,/vHnRqCNztlfnNXQHvqKpX6jnAKV.jpg,/j5B7G6NsWfgLawCAUsQU8Qrl6Tm.jpg
tt9777666,/tzp6VzED2TBc02bkYoYnQa6r2OK.jpg,/yizL4cEKsVvl17Wc1mGEIrQtM2F.jpg
tt9806192,/cnp6QIYN9V1oHjiQZyBjC1r1PK7.jpg,/rHJX9CMYk7FXxUV5la1dEFSPVCv.jpg
tt9806370,/unXq5e6lIXgVgtmPt14u5BtZQ6J.jpg,/xUUtcxWC6H48UCrpRwwSPQz69XC.jpg
tt9815454,/rddTOsGPKsw9c3unOiI9htsVneX.jpg,/8Czs5ituRaAQu7BTRPbSkwF2pTr.jpg
tt9845564,/jSQm5N889mt4rudOYfYBUFapdYN.jpg,/6TPZSJ06OEXeelx1U1VIAt0j9Ry.jpg
tt9859436,/kEAhWIsNEm3Xrbom5RZfUiPSOOq.jpg,/5PCKxpFcCTDFT3b1olJGPaAIM9e.jpg
tt9916362,/264La5Mle4UOq03Aem9u5xqAAD6.jpg,/rJfOjuaCbYFEoxYGqfr9xko0SdQ.jpg
